ticker,date,time,headline
VCB,12/16/2024,14:40,Kiểm toán nhà nước: Công khai kết quả kiểm toán tại Vietcombank
VCB,12/1/2024,13:05,"Được Quốc hội chấp thuận chủ trương, Vietcombank chuẩn bị trả cổ tức gần 50%"
VCB,10/31/2024,0:08,Ông Nguyễn Mỹ Hào xin từ nhiệm vị trí Thành viên HĐQT Vietcombank
VCB,9/24/2024,19:34,Chính phủ đề xuất đầu tư bổ sung 20.695 tỷ đồng để VCB tăng vốn điều lệ
VCB,9/18/2024,10:28,Chủ tịch Vietcombank: Kế hoạch phát hành cổ phiếu riêng lẻ có thể hoàn thành trong nửa đầu năm 2025
VCB,8/22/2024,17:15,Vietcombank bầu loạt nhân sự cấp cao
VCB,8/9/2024,13:30,"Dân văn phòng ""săn"" quà mua sắm online, đi taxi tại sự kiện VCB Digibank"
VCB,8/2/2024,10:59,Lãnh đạo cấp cao Vietcombank sang làm Phó Chánh thanh tra Ngân hàng Nhà nước
VCB,7/30/2024,22:21,"Vietcombank: Lợi nhuận nửa đầu năm đạt kỷ lục hơn 20.800 tỷ đồng, nợ xấu tăng mạnh"
VCB,7/15/2024,10:58,"Vụ 4 cán bộ Vietcombank bị khởi tố: Không chỉ Vietcombank, loạt ngân hàng lớn cũng bị lừa đảo hàng trăm tỷ, công an đang tiếp tục xác minh"
VCB,7/12/2024,16:55,Bốn cán bộ ngân hàng Vietcombank bị khởi tố vì thiếu trách nhiệm gây thiệt hại hơn 600 tỷ đồng
VCB,7/5/2024,19:06,"ACBS: Vietcombank chuẩn bị bán 6,5% vốn cho Mizuho và một số cổ đông khác, giá phát hành có thể đạt 100.000 đồng/cp"
VCB,7/1/2024,9:48,Vietcombank chuẩn bị họp cổ đông bất thường bàn chuyện nhân sự và phát hành cổ phiếu riêng lẻ
VCB,4/27/2024,16:49,Vietcombank dự kiến nhận chuyển giao CBBank trong năm nay: Sẽ được hưởng nhiều lợi ích về tín dụng và cơ chế
VCB,3/22/2024,14:39,Hé lộ thương vụ bán vốn tỷ USD của 2 ngân hàng lớn
VCB,2/29/2024,9:44,Điểm danh những cổ phiếu ngân hàng vượt đỉnh lịch sử
VCB,2/28/2024,13:30,Vietcombank chốt phương án dùng gần 21.700 tỷ lợi nhuận năm 2022 để chia cổ tức
VCB,2/24/2024,14:00,Vietcombank chuẩn bị họp cổ đông bàn phương án phân phối lợi nhuận và tăng vốn
VCB,1/31/2024,14:14,"Một nhân sự nhóm Big4 có lương, thưởng cao hơn Chủ tịch và Tổng Giám đốc"
VCB,1/31/2024,13:04,Lợi nhuận hơn 41.000 tỷ của Vietcombank năm 2023 đến từ đâu?
VCB,1/6/2024,9:22,"Vietcombank xác lập kỷ lục mới về lợi nhuận, ước lãi trên 41.000 tỷ trong năm 2023"
VCB,1/5/2024,11:11,Vietcombank bổ nhiệm người đại diện theo pháp luật thay ông Phạm Quang Dũng
VCB,12/28/2023,16:05,Ai phụ trách HĐQT Vietcombank sau khi ông Phạm Quang Dũng được bổ nhiệm làm Phó Thống đốc?
VCB,12/8/2023,10:58,Vietcombank bổ nhiệm Kế toán trưởng mới
VCB,10/30/2023,10:41,Lộ diện ngân hàng mua lượng lớn tín phiếu do Ngân hàng Nhà nước phát hành
VCB,10/5/2023,17:30,Vô vàn ưu đãi dành cho khách hàng Vietcombank khi mở tài khoản chứng khoán
VCB,8/16/2023,22:00,Vietcombank chuẩn bị họp cổ đông bất thường
VCB,8/16/2023,14:07,Vietcombank bổ nhiệm loạt nhân sự cấp cao
VCB,7/29/2023,8:06,Vì đâu tổng tài sản Vietcombank giảm hơn 109.500 tỷ đồng trong nửa đầu năm?
VCB,7/7/2023,17:21,"VCB tăng trở lại mức giá cao nhất lịch sử, khối ngoại bán ròng gần 700 tỷ một cổ phiếu ngân hàng"
VCB,7/7/2023,14:15,"Vietcombank chốt danh sách cổ đông trả cổ tức 18,1%"
VCB,7/4/2023,12:34,"Một ông lớn ngân hàng chuẩn bị trả cổ tức, tỷ lệ 18,1%"
VCB,6/6/2023,13:32,"Trở thành ngân hàng mẹ của Ngân hàng Xây dựng, Vietcombank được gì?"
VCB,6/5/2023,17:10,Ngân hàng Xây dựng sắp chuyển giao bắt buộc về Vietcombank
VCB,5/31/2023,13:53,NHNN cho phép Vietcombank tăng vốn lên hơn 55.800 tỷ đồng
VCB,5/7/2023,15:33,"Vietcombank chuẩn bị trả cổ tức tỷ lệ hơn 18%, tăng vốn lên trên 55.000 tỷ đồng"
VCB,4/21/2023,13:55,"Vietcombank lãi 11.200 tỷ trong quý I, dự kiến trả cổ tức 18,1% trong tháng 5"
VCB,4/21/2023,9:20,"ĐHĐCĐ Vietcombank: Dự kiến trích 21.680 tỷ đồng chia cổ tức năm 2022, đã trình Chính phủ chủ trương nhận chuyển giao bắt buộc 1 TCTD"
VCB,4/20/2023,21:31,"Vietcombank đặt mục tiêu lợi nhuận tăng tối thiểu 15%, dự kiến vượt mức 43.000 tỷ trong năm 2023"
VCB,3/31/2023,13:56,Vietcombank được đón nhận danh hiệu Anh hùng Lao động
VCB,2/22/2023,10:26,"Tài sản thế chấp tại Vietcombank vượt mốc 2 triệu tỷ đồng, bất động sản chiếm gần 74%"
VCB,2/6/2023,19:01,"Vietcombank (VCB) lập đỉnh mọi thời đại, vốn hóa vượt tổng BIDV và Vietinbank cộng lại"
VCB,2/1/2023,19:29,"Vietcombank chi 10.700 tỷ cho nhân viên năm 2022, Chủ tịch và Tổng Giám đốc nhận thù lao bao nhiêu?"
VCB,1/31/2023,19:35,Vietcombank có tân Tổng giám đốc
VCB,1/31/2023,13:34,Một quý kinh doanh của Vietcombank hiệu quả hơn nhiều so với lợi nhuận cả năm của các ngân hàng lớn khác
VCB,1/19/2023,17:31,"Cổ phiếu Vietcombank tăng mạnh, vốn hóa gần bằng cả Vinhomes và Vingroup cộng lại"
VCB,1/18/2023,16:09,"Cổ phiếu ngân hàng tiếp tục tăng giá, khối ngoại gom mạnh nhóm 'Big3'"
VCB,1/16/2023,17:03,"Cổ phiếu Big3 ngân hàng tăng mạnh, khối ngoại thỏa thuận ''khủng'' tại ACB"
VCB,1/9/2023,10:35,"Năm 2022: Vietcombank đạt và vượt tất cả các chỉ tiêu kinh doanh, tỷ lệ dự phòng bao nợ xấu cao kỷ lục 465%"
VCB,1/2/2023,9:25,"Vietcombank tiếp tục giảm lãi suất cho vay, áp dụng trong 4 tháng đầu năm 2023"
VCB,12/9/2022,9:58,Vietcombank chuẩn bị tổ chức đại hội cổ đông bất thường
VCB,12/6/2022,10:23,"Vietcombank, PV Gas, BIDV, Becamex IDC và EVN Genco2 - Nhóm có cổ phần Nhà nước trở thành bệ đỡ ""cứng"" khi thị trường chứng khoán lao dốc trong năm 2022"
VCB,12/5/2022,11:25,"Vietcombank, BIDV, Vincom Retail, PNJ... và loạt DN vượt bão 2022: Vốn hoá tăng hàng chục nghìn tỷ đồng từ đầu năm bất chấp sóng giảm dài 7 tháng"
VCB,8/30/2022,15:32,"Thông tin nới ''room'' hỗ trợ, nhiều cổ phiếu ngân hàng tăng mạnh"
VCB,8/25/2022,6:37,"VCB dẫn sóng nhóm ngân hàng, khối ngoại trở lại mua ròng STB và HDB"
VCB,8/1/2022,15:56,"CTG, BID và VCB dẫn đầu tăng giá, cổ phiếu ngân hàng tràn ngập trong sắc xanh"
VCB,7/28/2022,15:40,"BVSC: Tín dụng tăng mạnh nhất 10 năm, Vietcombank có thể được nới room lên 19%"
VCB,7/26/2022,16:33,"VCB, BID kéo điểm thị trường, khối ngoại mua ròng nhiều mã ngân hàng"
VCB,7/9/2022,12:51,Gió đổi chiều: Nhóm ngân hàng quốc doanh sẽ tăng trưởng tốt hơn khối tư nhân?
VCB,6/23/2022,9:57,Vụ chi nhánh ngân hàng bị thất thoát hàng trăm tỉ: Nhiều bị cáo được thuê làm giám đốc
VCB,6/21/2022,17:24,"Khối ngoại gom mạnh cổ phiếu ngân hàng, giao dịch thỏa thuận ''khủng'' tại OCB và HDB"
VCB,6/8/2022,16:50,"Cổ phiếu ngân hàng đồng loạt ''dậy sóng'', bộ ba SHB, STB và LPB tăng trần"
VCB,6/7/2022,22:19,"Rao bán 15 lần, Vietcombank giảm giá 18 tỷ đồng nợ thế chấp bằng bất động sản tại Lâm Đồng"
VCB,6/7/2022,18:32,"VCB, CTG và TCB ngược dòng tăng giá, HDB được khối ngoại mua ròng 18 phiên liên tiếp"
VCB,6/1/2022,20:34,"Một cổ phiếu ngân hàng tăng 12% sau hai phiên, khối ngoại tiếp tục mua ròng HDB"
VCB,6/1/2022,16:02,Ngân hàng dự kiến phát hành hơn 12 tỷ cổ phiếu trong năm nay
VCB,5/5/2022,10:01,Vì đâu Vietcombank mất ngôi vương lợi nhuận vào tay VPBank?
VCB,4/29/2022,17:45,"Một cổ phiếu ngân hàng bất ngờ tăng hơn 10%, CTG và VCB giảm giá trong ngày đại hội"
VCB,4/29/2022,11:36,"Vietcombank lãi gần 10.000 tỷ trong quý I, thu hồi được 3.000 tỷ nợ xấu tại CBBank"
VCB,4/29/2022,9:14,[Live] ĐHCĐ Vietcombank 2022: Hé lộ về ngân hàng được nhận chuyển giao bắt buộc
VCB,4/29/2022,8:51,"Vietcombank sẽ nhận chuyển giao bắt buộc 1 ngân hàng yếu kém, dự kiến nhận loạt chính sách ưu tiên"
VCB,4/27/2022,20:19,Vietcombank bổ nhiệm cùng lúc 2 lãnh đạo cấp cao
VCB,4/22/2022,20:30,Vietcombank nắm giữ bao nhiêu trái phiếu doanh nghiệp?
VCB,4/15/2022,11:10,"ACBS: Lợi nhuận của Vietcombank năm nay sẽ vượt 36,7 nghìn tỷ đồng, tăng trưởng cao nhất trong 3 năm trở lại đây"
VCB,4/12/2022,15:47,"Một ""ông lớn'' ngân hàng lên kế hoạch lợi nhuận vượt 30.000 tỷ đồng"
VCB,4/12/2022,13:30,"Vietcombank muốn chia cổ tức tỷ lệ 18,1% trong năm nay, hướng tới niêm yết cổ phiếu trên thị trường nước ngoài vào năm 2025"
VCB,3/9/2022,14:13,"""Hoa hậu làng bank"": Các chuyên gia đánh giá như thế nào về VCB, TCB, VPB, STB, TPB, MBB và LPB?"
VCB,3/7/2022,18:30,Cổ phiếu ngân hàng Việt chịu tác động như thế nào từ cuộc xung đột Nga – Ukraine?
VCB,2/25/2022,9:30,VCSC gọi tên 3 cổ phiếu ngân hàng tiềm năng trong dài hạn
VCB,2/21/2022,15:27,Vietcombank chuẩn bị họp cổ đông bàn chuyện tăng vốn
VCB,2/7/2022,18:52,Vietcombank tiếp tục rao bán khối tài sản nghìn tỷ để thu hồi nợ
VCB,1/27/2022,16:19,"Áp lực chốt lời trước kỳ nghỉ lễ, nhiều cổ phiếu ngân hàng giảm mạnh"
VCB,1/26/2022,8:54,Quỹ ngoại và các công ty chứng khoán kỳ vọng gì về cổ phiếu ngân hàng trong năm 2022?
VCB,1/24/2022,13:25,"Nhiều cổ phiếu ngân hàng tăng mạnh: VCB phá đỉnh lịch sử, BID tăng hơn 29% từ đầu năm"
VCB,1/24/2022,12:06,Vì đâu cổ phiếu nhóm Big4 tăng mạnh trong những ngày đầu năm?
VCB,1/19/2022,10:27,Cổ phiếu ngân hàng nào mang lỗ về cho nhà đầu tư nhiều nhất từ đầu năm?
VCB,1/17/2022,15:38,"Cổ phiếu ngân hàng ''quay đầu'' trong phiên chiều: STB giảm gần sàn, VCB ngược dòng tăng gần 3,4%"
VCB,1/12/2022,7:14,"Yuanta Việt Nam: Tăng vốn sẽ là chất xúc tác cho ngành ngân hàng năm 2022, đặc biệt là tại BIDV, Vietcombank và VietinBank"
VCB,1/6/2022,23:03,"SSI: Giá cổ phiếu ngân hàng hiện chưa phản ánh hết tăng trưởng khiêm tốn nửa đầu năm 2022, nhắc tên 3 mã có yếu tố hỗ trợ"
VCB,1/3/2022,20:09,Nhìn lại biến động giá cổ phiếu ngân hàng năm 2021
VCB,12/28/2021,6:42,"Đang lãi hàng nghìn tỷ từ dịch vụ thanh toán, vì sao Vietcombank đưa ra chính sách miễn phí chuyển tiền online?"
VCB,12/7/2021,10:24,"Viettel và Vietcombank, ai dẫn đầu danh sách doanh nghiệp nộp thuế nhiều nhất Việt Nam năm 2020?"
VCB,12/3/2021,10:39,Các công ty chứng khoán và bảo hiểm ''ôm'' trọn 1.800 tỷ đồng trái phiếu Vietcombank
VCB,12/1/2021,14:03,"Khối ngoại bán ròng nghìn tỷ VPB và HDB trong tháng 11, gom mạnh cổ phiếu CTG, VCB và BID"
VCB,11/25/2021,11:24,Vietcombank rao bán tài sản liên quan dự án BĐS PV GAS Tower
VCB,11/24/2021,20:59,Cổ phiếu ngân hàng nào tăng giá mạnh nhất kể từ đầu tháng 11 tới nay?
VCB,11/12/2021,11:01,SSI Research: Nợ tái cơ cấu của Vietcombank có thể lên đến 12.000 tỷ đồng
VCB,9/23/2021,16:48,Ngân hàng tiếp tục phát hành hàng tỷ cổ phiếu tăng vốn
VCB,9/20/2021,15:27,"Cổ phiếu ngân hàng nổi sóng, VIB tăng kịch trần"
VCB,9/18/2021,13:36,"Nghịch lý Vietcombank: Kinh doanh tốt nhất hệ thống, diễn biến cổ phiếu tệ nhì ngành"
VCB,9/16/2021,10:01,Vietcombank đăng ký mua hơn 8 triệu cổ phần Vietnam Airlines (HVN) với giá 10.000 đồng/cổ phiếu
VCB,9/1/2021,21:35,"Trước kỳ nghỉ lễ dài ngày, nhà đầu tư nước ngoài gom mua ròng gần 6,8 triệu cổ phiếu CTG của VietinBank"
VCB,8/24/2021,6:50,Ngân hàng cam kết giảm hơn 20.000 tỷ lợi nhuận để giảm lãi vay cho doanh nghiệp: Làm thế nào để chính sách đi vào thực tiễn?
VCB,4/23/2021,12:07,"Ông Nghiêm Xuân Thành: Lợi nhuận của Vietcombank quý 1 đạt hơn 8.000 tỷ đồng, tăng 70% so với cùng kỳ"
VCB,4/23/2021,9:31,"ĐHCĐ Vietcombank: Năm 2021 trả cổ tức tỷ lệ 8%, vốn điều lệ tăng lên trên 50 nghìn tỷ đồng"
VCB,3/1/2021,14:59,"BSC đánh giá khả quan ngành ngân hàng, khuyến nghị mua VCB, CTG, VPB, TCB"
VCB,2/22/2021,17:07,"JP Morgan đánh giá cổ phiếu ngân hàng Việt Nam hấp dẫn nhất khu vực Asean: Gọi tên TCB, VPB và ACB"
VCB,1/7/2021,7:55,Lần đầu tiên trong 5 năm lợi nhuận của Vietcombank không tăng
VCB,12/15/2020,15:42,Vietcombank vượt qua Vingroup trở thành doanh nghiệp vốn hóa lớn nhất trên sàn chứng khoán
VCB,12/11/2020,21:30,"Cổ phiếu Vietcombank lập đỉnh mới trước thềm chia cổ tức, vốn hóa thị trường đạt gần 15,5 tỷ USD"
VCB,10/15/2020,15:59,Cổ phiếu ngân hàng lèo lái các quỹ đầu tư vào bờ
VCB,8/13/2020,16:05,Quỹ tỷ đô của Dragon Capital mua hơn 16 triệu cổ phiếu Vietcombank trong 3 tháng qua
VCB,6/26/2020,11:06,"ĐHCĐ Vietcombank: Phấn đấu giảm thiểu tác động của Covid-19, sẽ không cắt giảm lương nhân viên"
VCB,4/21/2020,0:09,"Chính thức: VCB, CTG và EIB được tăng tỷ trọng trong rổ VN30"
VCB,1/18/2020,7:54,Phong toả tài khoản kêu gọi ủng hộ các đối tượng ở Đồng Tâm
VCB,1/1/2020,9:50,5 sự kiện ngành bảo hiểm nổi bật năm 2019
VCB,12/31/2019,8:50,"VDSC: ""Chúng tôi ưa thích BID hơn VCB ở thời điểm hiện tại"""
VCB,11/4/2019,22:19,Đang xử phúc thẩm vụ ngân hàng thiệt hại 1.800 tỉ
VCB,9/27/2019,12:19,"10 ngân hàng Việt Nam có tên trong 500 ngân hàng lớn mạnh nhất khu vực, Vietcombank đứng thứ 17"
VCB,9/13/2019,16:53,"Thứ 6 ngày 13, cổ phiếu Vietcombank, Thế giới di động, FPT đồng loạt lập đỉnh mới"
VCB,7/12/2019,16:27,Vietcombank là ngân hàng Việt Nam duy nhất lọt Top 100 doanh nghiệp quyền lực nhất trong bảng xếp hạng của Nikkei
VCB,7/12/2019,10:30,"""Người khổng lồ"" Vietcombank muốn lợi nhuận 2 tỷ USD, mãi ""cô đơn trên đỉnh lợi nhuận"""
VCB,6/26/2019,15:43,Mỹ chính thức cấp phép hoạt động cho Vietcombank tại New York
VCB,6/13/2019,10:34,Vietcombank đã sẵn sàng đáp ứng ở mức độ cao nhất trong mở rộng thanh toán trực tuyến các dịch vụ công
VCB,6/6/2019,19:05,"Forbes Việt Nam: Vietcombank là ngân hàng Việt Nam có giá trị vốn hóa thị trường cao nhất, vượt 10 tỷ USD"
VCB,5/21/2019,9:57,Vietcombank triển khai chương trình “Lướt Mobile B@nking – Rinh ngay quà du lịch”
VCB,5/1/2019,9:33,Nhiều ngân hàng để ngỏ khả năng tăng trưởng tín dụng 2019
VCB,4/27/2019,20:19,"Vietcombank đang lãi khoảng 2.000 tỷ từ các khoản đầu tư vào Eximbank, MB, Vietnam Airlines"
VCB,4/26/2019,11:42,"Bất ngờ điều chỉnh giảm mục tiêu lợi nhuận, chủ tịch Vietcombank Nghiêm Xuân Thành nói gì?"
VCB,4/26/2019,9:42,"ĐHCĐ Vietcombank: Kế hoạch lãi 20.000 tỷ, tiếp tục chào bán cho nhà đầu tư nước ngoài"
VCB,4/10/2019,9:41,Vietcombank mạnh tay khuyến mãi dịp ra mắt thẻ Vietcombank Mastercard World
VCB,3/22/2019,18:31,"Vietcombank bán xong 2,3 triệu cổ phiếu Vietnam Airlines, chốt lãi cho số cổ phiếu ưu đãi vừa mua thêm"
VCB,3/8/2019,10:49,Vietcombank Lào đặt mục tiêu vào top 3 về quy mô và hiệu quả hoạt động tại Lào
VCB,2/26/2019,10:02,"Vietcombank được sửa đổi vốn điều lệ lên 37.088 tỷ, tiếp tục kế hoạch trở thành ngân hàng lớn nhất Việt Nam"
VCB,2/22/2019,10:55,"Năm 2018 đạt lợi nhuận kỷ lục, Vietcombank tự tin tiếp tục vươn xa"
VCB,2/20/2019,10:09,4 trải nghiệm ấn tượng với dịch vụ ngân hàng điện tử của Vietcombank
VCB,1/15/2019,17:58,Vì sao Vietcombank cô đơn trên đỉnh lợi nhuận?
VCB,1/11/2019,11:03,"Sở hữu Nhà nước ở Vietcombank giảm về 74,8%"
VCB,1/10/2019,9:37,"Ông Nghiêm Xuân Thành: Lợi nhuận năm 2018 của Vietcombank cao kỷ lục, bằng cả ngân hàng đứng thứ 2 và thứ 3 cộng lại"
VCB,1/9/2019,16:17,"Vietcombank hoàn thành phát hành riêng lẻ cho GIC và Mizuho với tổng trị giá 6,2 nghìn tỷ đồng"
VCB,1/9/2019,9:48,"Chủ tịch Vietcombank: Đã bán 3% vốn cho nước ngoài thu về 6.200 tỷ, từ hôm nay sẽ giảm 0,5% lãi suất cho vay"
VCB,12/14/2018,21:48,Vietcombank sẽ thưởng 1 tỷ đồng cho Đội tuyển Việt Nam nếu vô địch AFF Suzuki Cup
VCB,12/3/2018,12:02,VIB và Vietcombank dẫn đầu cuộc đua Basel II như thế nào?
VCB,11/7/2018,15:25,"Khả năng sinh lời của OCB, ACB, VIB tăng mạnh"
VCB,10/19/2018,11:01,"Mở ngân hàng 100% vốn tại Lào, Vietcombank đang hướng tới mục tiêu gì?"
VCB,10/9/2018,16:19,"Đấu giá ế ẩm, nhà đầu tư chỉ đăng ký mua vỏn vẹn 11% lượng cổ phần MBBank mà VietcomBank chào bán"
VCB,10/5/2018,9:13,"“Phù phép” 9.000 container, nữ Tổng giám đốc biển thủ 439 tỷ đồng"
VCB,8/7/2018,13:02,"Vietcombank tiếp tục bán đấu giá gần 1,5 triệu cổ phiếu OCB"
VCB,7/31/2018,15:29,"Lãi gần 10.000 tỷ, VinHomes vượt qua nhiều ngân hàng lớn trở thành quán quân lợi nhuận trên sàn chứng khoán"
VCB,6/5/2018,15:22,"VNIndex tiếp tục tăng gần 9 điểm, dòng thủy sản “nổi sóng”"
VCB,3/28/2018,10:45,Vietcombank nói gì về việc lãnh đạo và thuộc cấp chi nhánh Tây Đô gây thất thoát nghìn tỷ?
VCB,3/17/2018,15:33,Thoái vốn khỏi ngân hàng: Trâu chậm uống nước trong
VCB,2/26/2018,11:24,"Vietcombank bán xong 7,6 triệu cổ phiếu HVN của Vietnam Airlines, ước lãi hơn 200 tỷ đồng"
VCB,2/21/2018,21:34,Thủ tướng: Vietcombank cần xác định tầm nhìn là ngân hàng tầm cỡ khu vực châu Á
VCB,2/8/2018,17:41,"Lương cao nhất hệ thống, Vietcombank thưởng Tết bao nhiêu cho nhân viên?"
VCB,1/23/2018,7:33,"Vietcombank đăng ký bán 7,6 triệu Vietnam Airlines, ước lãi gấp 3 lần sau hơn 2 năm nắm giữ"
VCB,1/12/2018,10:07,Vietcombank lãi trước thuế kỷ lục hơn 11.000 tỷ trong năm 2017
VCB,11/30/2017,11:25,Vietcombank sẽ thoái vốn khỏi ngân hàng OCB vào cuối tháng 12
VCB,11/12/2017,21:38,"Vietcombank sẽ thoái vốn khỏi MB và Eximbank đầu năm tới, dự kiến lãi 1.000 tỷ"
VCB,10/30/2017,13:43,Cuộc chạy đua của Vietcombank và VPBank
VCB,10/22/2017,9:55,"9 tháng, Vietcombank đạt hơn 7.900 tỷ đồng lợi nhuận trước thuế, nợ xấu giảm còn 1,15%"
VCB,9/8/2017,7:11,VietcomBank dự chi gần 2.900 tỷ đồng trả cổ tức cho cổ đông
VCB,8/22/2017,15:23,Biến động cổ phiếu ngân hàng trong 5 năm qua: Bất ngờ với VCB và MBB
VCB,7/20/2017,17:09,"Vietcombank báo lãi 4.230 tỷ đồng trong nửa đầu năm, trong đó khu vực miền Nam đóng góp 72%"
VCB,7/18/2017,21:21,Thủ tướng nhắc Vietcombank thực hiện nghiêm túc Thông tư 36 về sở hữu chéo
VCB,7/15/2017,8:56,Vietcombank được chấp thuận thành lập ngân hàng con tại Lào và Văn phòng đại diện tại Mỹ
VCB,7/9/2017,11:57,"Vietcombank: Lợi nhuận trước thuế 6 tháng đầu năm đạt 5.054 tỷ đồng, tăng 20,5% so cùng kỳ"
VCB,4/28/2017,11:50,Chủ tịch Vietcombank: Thương vụ chào bán cổ phần cho GIC chưa thành công do vấn đề về giá
VCB,4/28/2017,11:02,"Sau tăng vốn điều lệ, hệ số an toàn vốn của Vietcombank đạt khoảng 9% theo Basel II"
VCB,4/20/2017,22:39,"Vietcombank lãi trước thuế 2.736 tỷ trong quý 1, nợ xấu gần 7.400 tỷ"
VCB,4/20/2017,8:38,Vietcombank dè dặt hơn với kế hoạch tuyển dụng
VCB,4/19/2017,13:18,"Năm 2017, Vietcombank dự chi không dưới 24 tỷ đồng trả thù lao cho HĐQT và Ban kiểm soát"
VCB,4/19/2017,10:09,"Vietcombank đặt mục tiêu lợi nhuận năm 2017 đạt 9.200 tỷ đồng, vẫn chia cổ tức 8%"
VCB,3/2/2017,15:30,"VN-Index giảm 2 điểm, HBC thu hẹp sắc xanh quay về tham chiếu"
VCB,2/12/2017,16:05,Tín dụng các ngân hàng đang đổ nhiều nhất vào đâu?
VCB,2/3/2017,20:07,"Vietcombank ""quên"" trả lãi các khoản tiền gửi nhỏ không kỳ hạn, NHNN nói gì?"
VCB,2/2/2017,17:15,Vietcombank vẫn sử dụng hệ thống phần mềm từ năm 1998
VCB,10/30/2016,8:17,Tháng 10 buồn của cổ phiếu Vietcombank và cơ hội của nhà đầu tư
VCB,8/30/2016,8:37,"Cổ đông BIDV, Vietinbank ""ngán ngẩm"" nhìn cổ phiếu Vietcombank tăng phi mã"
VCB,8/12/2016,12:25,"Khách hàng mất nửa tỷ trong tài khoản, Vietcombank nói gì?"
VCB,7/15/2016,13:17,Ngân hàng Nhật Bản tạm lãi 11.000 tỷ đồng sau 5 năm đầu tư vào Vietcombank
VCB,7/14/2016,11:29,"Thử giải mã “hiện tượng” cổ phiếu ngân hàng Vietcombank, VietinBank"
VCB,7/14/2016,10:05,"Sau gần 9 năm, những người tranh mua IPO Vietcombank với giá 108.000 đồng đã có lãi"
VCB,7/8/2016,20:55,"Lợi nhuận của Vietcombank tăng mạnh, đạt gần 4.200 tỷ đồng trong 6 tháng"
VCB,4/22/2016,19:00,Cổ phiếu nào là “quý nhân phù trợ” của VnIndex phiên tăng sốc hôm nay?
VCB,4/15/2016,14:52,"Vietcombank sẽ ""buông"" ngân hàng nào?"
VCB,4/14/2016,8:27,"Thanh tra vietcombank là nằm trong kế hoạch đã phê duyệt, không có gì bất thường"
VCB,1/7/2016,23:13,"VnIndex giảm sâu, khối ngoại vẫn “thờ ơ” với thị trường"
VCB,12/11/2015,16:30,"Sẽ thanh tra Vinatex, ACV, Vietcombank, VDB"
VCB,11/13/2015,22:45,"Vietcombank lãi trước thuế gần 1.500 tỷ trong quý 3, chi phí hoạt động tăng vọt"
VCB,11/5/2015,9:36,TTCK: Tính gì cho tháng 11?
VCB,10/13/2015,9:35,Nữ doanh nhân khai phá ngành sữa Việt
VCB,9/28/2015,13:52,Quán quân vốn hóa?
VCB,9/10/2015,11:11,Có nên đầu tư cổ phiếu ngân hàng vào thời điểm này?
VCB,9/3/2015,13:24,"So găng 3 “đại gia” ngân hàng BIDV, Vietcombank và VietinBank"
VCB,8/24/2015,12:20,1 tháng và 100 điểm
VCB,8/21/2015,11:19,Vietcombank: Sẽ không sáp nhập ngân hàng yếu kém và giữ vốn tại Eximbank
VCB,7/18/2015,6:14,"Vietcombank sẽ tăng vốn chủ sở hữu lên 4,5 tỷ USD"
VCB,6/17/2015,0:09,Nhìn lại 10 năm thăng trầm của nhóm cổ phiếu vua
VCB,6/3/2015,7:00,"Vốn hóa 122 nghìn tỷ đồng, VCB trở thành mã ảnh hưởng lớn nhất tới VnIndex"
VCB,6/2/2015,10:04,"Lẻ loi sắc xanh tại VCB và SSI, VN-Index giảm gần 5 điểm"
VCB,5/31/2015,23:32,VCB sắp vượt qua GAS trở thành cổ phiếu vốn hóa lớn nhất thị trường
VCB,5/16/2015,1:20,"Vietcombank: Lãi quý 1 đạt 1.135 tỷ đồng, tổng tài sản giảm 37 nghìn tỷ"
VCB,5/11/2015,8:14,Vì sao Vietcombank được chọn trong thương vụ tỷ USD?
VCB,5/7/2015,14:34,3 ngân hàng Việt Nam lọt “top” các DN lớn nhất thế giới
VCB,5/6/2015,9:37,Vietcombank đầu tư 1 tỷ USD trái phiếu
VCB,4/29/2015,10:18,"Kỷ luật, cách chức 18 cán bộ ngân hàng VCB Tây Đô"
VCB,4/24/2015,17:56,Vietcombank khẳng định sẽ không sáp nhập TCTD bị âm vốn
VCB,4/24/2015,9:58,Vietcombank lên kế hoạch tuyển dụng 700 nhân sự trong năm 2015
VCB,4/24/2015,9:41,"ĐHCĐ Vietcombank: Sẽ thoái vốn khỏi các ngân hàng, chỉ giữ tối đa 5% sở hữu ở 2 TCTD"
VCB,3/25/2015,15:08,"GAS giảm sàn, cổ phiếu bất động sản “níu giữ” thị trường"
VCB,3/3/2015,8:08,Cổ phiếu ngân hàng: Kỳ vọng vào tăng trưởng tín dụng hay sóng M&A?
VCB,2/27/2015,15:47,"Cổ phiếu ngân hàng điều chỉnh, 2 sàn giảm điểm phiên cuối tuần"
VCB,2/17/2015,10:59,"Vietcombank lãi 4.610 tỷ đồng trong năm 2014, tổng tài sản tăng thêm 105 nghìn tỷ"
VCB,1/26/2015,15:30,EIB giao dịch thỏa thuận tổng cộng 93 triệu cổ phiếu chỉ trong 2 phiên
VCB,1/16/2015,15:00,"Vietcombank đòi 1.905 tỷ đồng nợ xấu, tính 6.000 tỷ đồng lãi"
VCB,1/11/2015,22:17,Chứng khoán tuần qua: Mở hàng đông khách
VCB,1/2/2015,16:25,Bao nhiêu ngân hàng đã thay đổi lãnh đạo trong năm 2014?
BID,11/29/2024,14:15,"Ngân hàng lớn nhất Việt Nam dự kiến trả cổ tức 21% vào đầu năm 2025, chuẩn bị chào bán cổ phiếu riêng lẻ"
BID,3/22/2024,19:17,BIDV sẽ phát hành cổ phiếu riêng lẻ với giá bao nhiêu?
BID,3/5/2024,15:15,"Từng giá trị gấp 4 lần Vietcombank, nay VinFast bị đơn vị thứ 2 trong nước 'vượt mặt': Vốn hoá BIDV đã lên 310.000 tỷ, tăng gần 100.000 tỷ sau nửa năm"
BID,12/8/2023,11:29,BIDV chuẩn bị họp cổ đông bất thường
BID,1/31/2023,7:37,"Nhờ đâu lợi nhuận BIDV tăng hơn 70%, đạt xấp xỉ 1 tỷ USD trong năm 2022?"
BID,1/16/2023,16:18,"BIDV trở thành á quân vốn hóa thị trường chứng khoán Việt Nam, ""vượt mặt"" bộ đôi Vingroup"
BID,11/14/2022,7:51,Cổ phiếu ngân hàng nào được khối ngoại mua gom nhiều nhất từ đầu tháng 11?
BID,10/25/2022,15:30,"Cổ phiếu ngân hàng đảo chiều ngoạn mục, SHB, CTG, LPB tăng kịch trần"
BID,10/13/2022,17:22,"Cổ phiếu ngân hàng tiếp tục hồi phục mạnh, nhiều mã tăng 10 - 14% chỉ sau hai phiên"
BID,8/15/2022,15:30,"Cổ phiếu ngân hàng bứt tốc, khối ngoại ''gom'' mạnh HDB"
BID,7/28/2022,13:30,"Cổ phiếu ngân hàng được kéo mạnh, STB gây chú ý"
BID,7/5/2022,17:30,"Cổ phiếu ngân hàng đỡ thị trường, TCB, BID, MBB và STB dẫn đầu tăng giá"
BID,5/3/2022,9:31,"Trích lập dự phòng gần 7.400 tỷ, lợi nhuận một ''ông lớn'' ngân hàng vẫn tăng 33% trong quý I"
BID,4/27/2022,22:26,"Sinh nhật tuổi 65, BIDV được đón nhận nhiều Huân chương cao quý"
BID,3/18/2022,15:24,"BIDV rao bán một dự án thủy điện tại Lâm Đồng, giá khởi điểm 372 tỷ đồng"
BID,2/9/2022,20:57,"VDSC: NĐT tổ chức bắt đầu mua ròng, tín hiệu tốt cho nhóm ngân hàng, nhắc tên hai mã nổi bật"
BID,2/1/2022,12:09,"BIDV ghi nhận lợi nhuận tăng gấp rưỡi trong năm 2021, nợ có khả năng mất vốn giảm cực mạnh, dự phòng bao nợ xấu tăng vọt"
BID,1/15/2022,16:13,Hơn 1 tỷ cổ phiếu BIDV chuẩn bị về tài khoản 28.684 nhà đầu tư
BID,1/14/2022,18:06,'Người khổng lồ thức giấc'': Một cổ phiếu nhóm Big4 tăng gần 20% sau 9 phiên đầu năm 2022
BID,1/7/2022,16:34,"Cổ phiếu ngân hàng tiếp tục ''rực lửa'' với 17 mã giảm giá: SSB, CTG và TPB dẫn đầu lao dốc"
BID,12/9/2021,21:47,"BIDV được NHNN chấp thuận cho chia cổ tức tỷ lệ 25,77%"
BID,11/28/2021,7:41,BIDV muốn bán khoản nợ gần 900 tỷ của đại gia thuỷ sản Cà Mau
BID,5/26/2021,6:09,"Cổ phiếu BIDV bừng tỉnh, cuộc đua vốn hóa ngân hàng càng sát kề"
BID,5/13/2020,9:25,"Hậu Covid – 19, doanh nghiệp rục rịch điều chỉnh chỉ tiêu kinh doanh năm 2020"
BID,4/28/2020,18:17,"Lãi riêng lẻ BIDV giảm 27% trong quý I, nợ xấu được cải thiện"
BID,12/26/2019,11:11,"BIDV phát hành được thêm gần 800 tỷ đồng trái phiếu trung, dài hạn"
BID,10/25/2019,17:18,BIDV bất ngờ thông báo trả cổ tức năm 2017 và 2018 bằng tiền mặt
BID,7/15/2019,13:10,"BID và BVH chính thức lọt rổ VN30, nhóm ngân hàng chiếm tỷ trọng gấp đôi nhóm VinGroup"
BID,11/30/2018,16:06,Cổ phiếu BIDV tăng điểm sau khi cựu Chủ tịch Trần Bắc Hà bị bắt giữ
BID,11/3/2018,9:50,"Giá cổ phiếu BIDV tăng 17,5% chỉ sau 3 ngày có tin bán cổ phần cho KEB Hana Bank"
BID,10/31/2018,12:10,"BIDV sẽ bán 17,65% cổ phần cho KEB Hana Bank của Hàn Quốc"
BID,9/2/2018,17:14,BIDV tiếp tục phát hành trái phiếu hút gần 600 tỷ đồng để bổ sung vốn cấp 2
BID,8/15/2018,21:38,"Moody’s nâng hạng tín nhiệm, đánh giá ""Chính phủ Việt Nam có khả năng hỗ trợ rất cao"" đối với BIDV"
BID,8/10/2018,14:44,BIDV bổ sung vốn cấp 2 thêm 430 tỷ đồng nhờ phát hành trái phiếu
BID,6/5/2018,7:34,Ông Trần Bắc Hà ở BIDV: Công và tội
BID,5/14/2018,10:03,"BIDV chỉ chấm dứt kinh doanh vàng miếng ở 9 điểm, không phải tất cả"
BID,5/3/2018,16:37,Ông Bùi Quang Tiên được giao phụ trách điều hành hoạt động của HĐQT ngân hàng BIDV
BID,5/2/2018,22:53,"Chưa tìm ra Chủ tịch, BIDV lại khuyết người đứng đầu phụ trách HĐQT"
BID,4/11/2018,9:10,"Tín hiệu mua bán cổ phiếu: Tín hiệu đáng chú ý tại VIC, MSN, VJC, MWG, HDB"
BID,3/9/2018,14:21,Ngân hàng Hàn Quốc sắp trở thành cổ đông chiến lược của BIDV?
BID,3/2/2018,21:56,Phó Tổng giám đốc BIDV Đoàn Ánh Sáng muốn bán gần hết cổ phiếu BID
BID,2/26/2018,9:55,"Chưa đầy 2 tháng, giá cổ phiếu của BIDV đã tăng gần 50%"
BID,1/26/2018,17:57,"BIDV khẳng định làm đúng, không có trách nhiệm phải hoàn trả tiền Ngân hàng Xây Dựng"
BID,12/5/2017,8:19,Nhân sự cấp cao ở BIDV đã biến động thế nào kể từ khi ông Trần Bắc Hà về hưu?
BID,10/26/2017,8:23,"BIDV: Dự phòng rủi ro tăng đột biến kéo giảm lợi nhuận, tỷ lệ nợ xấu lên trên 2%"
BID,9/25/2017,13:29,"Chậm báo cáo giao dịch cổ phiếu BID, Công đoàn Ngân hàng BIDV bị phạt"
BID,9/23/2017,8:45,Công đoàn BIDV bị xử phạt 45 triệu đồng
BID,8/9/2017,21:38,Những “tội đồ” nào đã khiến VnIndex có phiên giảm điểm mạnh nhất kể từ đầu năm 2016?
BID,5/3/2017,7:00,"BIDV báo lãi trước thuế 2.277 tỷ đồng trong quý I, tăng 9,6% so với cùng kỳ"
BID,4/22/2017,10:08,Vụ trưởng Vụ Thanh toán NHNN đại diện 30% vốn Nhà nước và gia nhập HĐQT BIDV
BID,4/22/2017,9:50,"ĐHCĐ BIDV: Trả cổ tức bằng tiền mặt tỷ lệ 7%, ông Trần Anh Tuấn tiếp tục điều hành HĐQT nhiệm kỳ mới"
BID,4/20/2017,17:30,"Mục tiêu trả cổ tức cao hơn gửi tiết kiệm kỳ hạn 1 năm, BIDV đang khiến cổ đông nhiều ngân hàng phải ghen tị"
BID,2/18/2017,16:46,Những điều ít biết về ngân hàng số 1 Việt Nam
BID,2/2/2017,9:36,BIDV được định giá là thương hiệu ngân hàng đắt giá nhất Việt Nam
BID,1/8/2017,15:42,"Cổ phiếu nhóm ngân hàng ""nổi sóng"""
BID,8/18/2016,20:25,Ông Trần Bắc Hà: Từ chủ tịch BIDV quyền lực đến có lúc không dám nhận mình làm ngân hàng
BID,7/25/2016,16:17,"BID, GAS, HNG, MWG thế chân EIB, HHS, HVG, PVT trong Vn30"
BID,7/2/2016,17:31,Sẽ chuyển giao dịch hàng nghìn tỷ khỏi BIDV
BID,6/9/2016,11:20,"Kể cả ngân sách không gặp khó, Bộ Tài chính vẫn phải thu cổ tức BIDV và VietinBank"
BID,4/21/2016,22:01,Cử đại diện 30% phần vốn Nhà nước tại BIDV
BID,1/22/2016,15:15,"HAG khớp lệnh kỷ lục, VnIndex bất ngờ đảo chiều tăng điểm với thanh khoản tăng vọt"
BID,12/18/2015,8:56,VNM ETF đã bán hết 6 triệu cổ phiếu BIDV sau sự cố “nhầm lẫn”
BID,10/2/2015,20:35,Vốn chủ sở hữu của BIDV tăng lên 34.187 tỷ đồng
BID,9/18/2015,16:58,Khối ngoại bán ròng 137 tỷ đồng trong ngày cuối cùng cơ cấu danh mục ETF
BID,9/18/2015,15:28,VCSC: Đối tác chiến lược của BIDV đến từ một nước thuộc OECD
BID,9/18/2015,15:05,"ETF quấy động thị trường, thanh khoản 2 sàn tăng vọt lên hơn 3.600 tỷ đồng"
BID,9/17/2015,13:28,"V.N.M ETF lỗ 12,7% giá trị đầu tư chỉ sau 2 ngày “đua trần” BID"
BID,9/17/2015,11:46,"BID kiệt thanh khoản, 2 sàn tăng điểm nhờ cổ phiếu dầu khí"
BID,9/16/2015,17:01,"Nối gót VNM ETF, FTSE VietNam không đưa BID vào danh mục"
BID,9/16/2015,9:44,"Chờ tín hiệu từ FED, 2 sàn có thêm một ngày ảm đạm"
BID,9/16/2015,8:09,"BID bị loại ra khỏi danh mục của ETF VNM, vậy còn FTSE Vietnam ETF?"
BID,9/16/2015,7:50,VNM ETF mua bán thế nào sau khi Market Vectors bất ngờ loại BID?
BID,9/15/2015,10:58,Market Vector Vietnam bất ngờ điều chỉnh lượng cổ phiếu lưu hành tự do của BID
BID,9/14/2015,15:29,"Lại thêm một phiên thanh khoản thấp, VnIndex mất hơn 4,5 điểm"
BID,9/13/2015,21:17,"Trending search: BID lọt vào danh sách tìm kiếm nhiều nhất trong nửa đầu tháng 9, KDC bị “thờ ơ”"
BID,9/9/2015,9:05,"BIDV: Đã bán xong 7.000 tỷ đồng nợ xấu cho VAMC, lợi nhuận 2015 có thể đạt 7.500 tỷ"
BID,9/4/2015,15:57,"Review FTSE Vietnam Index: SSI được giữ lại trong danh mục, bất ngờ thêm vào BID"
BID,7/15/2015,21:00,BIDV đạt lợi nhuận trước thuế 3.016 tỷ đồng trong 6 tháng đầu năm
BID,5/25/2015,14:40,MHB chính thức bàn giao hệ thống và sáp nhập vào BIDV
BID,4/14/2015,11:20,"Cổ phiếu BID, CTG cùng tăng giá"
BID,4/14/2015,9:19,BIDV “ông lớn” ngân hàng đầu tiên báo lãi quí 1
BID,2/10/2015,11:00,"Ngân hàng nổi sóng, thị trường tiếp tục tăng điểm"
BID,2/9/2015,16:40,BIDV sẽ bán 25% cổ phần cho nhà đầu tư nước ngoài
CTG,12/25/2024,15:35,Cổ phiếu VietinBank lên cao nhất lịch sử
CTG,12/22/2024,9:00,"VietinBank chào bán 4.000 tỷ đồng trái phiếu ra công chúng, người dân có thể mua từ 10 triệu đồng trở lên"
CTG,10/18/2024,9:17,VietinBank bổ nhiệm tân tổng giám đốc sinh năm 1983
CTG,9/26/2024,21:30,Chân dung Phó Tổng giám đốc được đề cử bầu vào Hội đồng quản trị VietinBank
CTG,8/26/2024,20:45,VietinBank chuẩn bị họp cổ đông bất thường
CTG,8/7/2024,10:05,"Một công ty bảo hiểm nhân thọ nắm giữ gần 58 triệu cổ phiếu VietinBank, danh mục đầu tư còn có hàng nghìn tỷ đồng cổ phiếu ACB và MB"
CTG,5/30/2024,14:28,"Một cổ phiếu ngân hàng bị khối ngoại bán ròng 1.600 tỷ đồng từ đầu tháng 5, loạt mã khác bị xả hàng trăm tỷ"
CTG,5/27/2024,19:22,"VietinBank: Dẫn đầu tăng trưởng tín dụng, đẩy mạnh chuyển đổi số toàn diện"
CTG,2/5/2024,15:43,"Cổ phiếu ngân hàng dậy sóng ngày cận Tết Nguyên đán: Loạt mã tăng trên 3%, xuất hiện cổ phiếu tăng trần"
CTG,12/13/2023,19:01,Hơn 564 triệu cổ phiếu VietinBank sắp về tài khoản nhà đầu tư
CTG,11/1/2023,12:24,Nhờ đâu lợi nhuận VietinBank tăng hơn 17% trong quý 3?
CTG,10/3/2023,11:20,VietinBank chính thức công bố lợi nhuận mục tiêu năm 2023
CTG,7/30/2023,15:39,Lợi nhuận của VietinBank tăng trưởng quý thứ 4 liên tiếp
CTG,6/3/2023,9:56,Một ngân hàng muốn phát hành riêng lẻ 16.000 tỷ đồng trái phiếu trong năm 2023
CTG,5/1/2023,19:08,"VietinBank lãi gần 6.000 tỷ trong quý 1, hệ số CIR tiếp tục giảm và nằm trong nhóm thấp nhất hệ thống"
CTG,11/26/2022,14:12,VietinBank muốn phát hành 9.000 tỷ đồng trái phiếu ra công chúng
CTG,10/29/2022,10:50,"Thu lớn từ kinh doanh ngoại hối và xử lý nợ, VietinBank báo lãi gần 15.800 tỷ trong 9 tháng"
CTG,10/22/2022,12:04,"22 cổ phiếu ngân hàng giảm giá tuần qua, khối ngoại gom mua nhiều mã giá rẻ"
CTG,10/5/2022,17:10,"Cổ phiếu ngân hàng tràn ngập trong sắc xanh: EIB tăng trần, khối ngoại gom mạnh CTG"
CTG,8/18/2022,7:01,“Cửa” nào tăng vốn cho VietinBank?
CTG,8/17/2022,13:54,Cổ phiếu ngân hàng nào đang được khối ngoại mua ròng nhiều nhất?
CTG,7/31/2022,8:17,Nhờ đâu lợi nhuận VietinBank tăng vọt trong quý II?
CTG,5/10/2022,16:25,"Một 'đại gia tiền mặt' mua hàng trăm tỷ đồng cổ phiếu VNM trong quý I, sở hữu lượng lớn CTG, MBB, VNR và POW"
CTG,4/3/2022,21:02,"Dư nợ tín dụng VietinBank tăng mạnh trong quý I, mục tiêu lợi nhuận cả năm đạt khoảng 20.000 tỷ"
CTG,3/10/2022,22:26,VietinBank chuẩn bị họp cổ đông bàn nhiều vấn đề quan trọng
CTG,3/2/2022,14:54,"Cổ phiếu ngân hàng giảm sâu trong tháng 2, vốn hoá các ngân hàng Việt bốc hơi hơn 4 tỷ USD"
CTG,1/13/2022,13:34,VietinBank rao bán khoản nợ hàng trăm tỷ thế chấp bằng hơn 7.400m2 đất tại TP HCM
CTG,1/6/2022,13:27,"Lợi nhuận riêng lẻ VietinBank vượt kế hoạch 16.800 tỷ, mục tiêu tăng 10 - 20% năm 2022"
CTG,1/6/2022,11:54,"Xử lý nợ đầu năm, VietinBank rao bán 85 khoản nợ không tài sản đảm bảo"
CTG,1/4/2022,17:23,"20 cổ phiếu ngân hàng tăng giá phiên đầu năm 2022, TPB lập đỉnh mới, CTG được khối ngoại gom mạnh"
CTG,12/5/2021,19:54,Nhiều người thân lãnh đạo ngân hàng đăng ký bán cổ phiếu trước tuần giảm sâu
CTG,11/26/2021,15:53,VietinBank bán được hơn 6.500 tỷ đồng trái phiếu 8 năm và 10 năm
CTG,11/24/2021,9:04,"Rao bán lần thứ 7, VietinBank đại hạ giá khoản nợ 81 tỷ có tài sản thế chấp chưa đến 10 tỷ"
CTG,11/10/2021,17:32,"Hơn 10 tỷ cổ phiếu ngân hàng được bơm thêm vào thị trường từ đầu năm, hàng tỷ cổ phiếu khác rục rịch lên sàn"
CTG,11/9/2021,15:14,"HDB tăng mạnh nhất dòng ngân hàng và cả VN30, SHB bị ""xả"" hơn 5 triệu cổ phiếu chỉ trong 15 phút ATC"
CTG,11/7/2021,0:02,"Pyn Elite Fund đẩy mạnh “gom” CTG, đánh giá chứng khoán Việt Nam vẫn rất rẻ"
CTG,11/4/2021,0:15,"Lộ diện ''ông lớn'' bắt đáy hàng trăm tỷ đồng cổ phiếu CTG trong quý III, nắm giữ lượng lớn POW, MBB, VNR và hàng chục nghìn tỷ tiền gửi ngân hàng"
CTG,11/1/2021,15:10,"Cổ phiếu ngân hàng MSB, CTG, LPB tăng giá mạnh phiên đầu tuần"
CTG,10/11/2021,15:05,"Dòng tiền đổ mạnh vào cổ phiếu ngân hàng, CTG và HDB tăng vọt hơn 5%"
CTG,8/28/2021,9:39,"Cổ phiếu ngân hàng ""rực lửa"" tuần qua, chỉ NVB ngược chiều tăng giá, khối ngoại tiếp tục gom MBB"
CTG,8/28/2021,8:55,"Giá cổ phiếu rơi sâu, một sếp VietinBank vừa mua vào 50.000 cổ phiếu CTG"
CTG,8/21/2021,8:41,VNDirect: VietinBank tăng trưởng mạnh nhất trong các NHTM Nhà nước
CTG,8/18/2021,17:31,VietinBank (CTG) muốn thoái bớt vốn tại công ty chứng khoán VietinbankSC và công ty quản lý quỹ
CTG,8/12/2021,9:58,Chỉ số quan trọng nhất của thị trường cận biên MSCI thêm mới CTG vào danh mục trong kỳ review quý 3
CTG,6/11/2021,12:10,"NHNN chấp thuận cho VietinBank chia cổ tức để tăng vốn, cổ phiếu CTG ngay lập tức tăng kịch trần"
CTG,12/10/2020,15:30,Cổ phiếu vua trở lại
CTG,12/10/2020,13:15,VietinBank (CTG) sắp chi gần 1.900 tỷ đồng trả cổ tức bằng tiền tỷ lệ 5%
CTG,10/19/2020,9:40,VN30-Index đã tăng so với cuối năm 2019
CTG,9/6/2020,16:47,Tự doanh CTCK và khối ngoại trao tay lượng lớn cổ phiếu CTG và BCM?
CTG,7/9/2020,11:22,Pyn Elite Fund: Hợp tác Bancassurance có thể mang lại nhiều lợi thế cho Vietinbank
CTG,3/5/2020,20:54,Cổ phiếu ngân hàng lội ngược dòng virus Corona: Ăn đứt tiền gửi tiết kiệm và các kênh đầu tư khác
CTG,2/9/2020,7:34,Pyn Elite Fund đẩy mạnh mua cổ phiếu trong những ngày “đại dịch” Corona
CTG,4/10/2019,10:17,"Vietinbank Securities đặt kế hoạch lợi nhuận trước thuế 215 tỷ đồng, tăng tỷ lệ cổ tức lên 12%"
CTG,1/31/2019,10:24,"VietinBank bất ngờ báo lỗ 853 tỷ đồng trong quý IV, nợ có khả năng mất vốn tăng đột biến"
CTG,7/23/2018,16:01,Ông Cát Quang Dương được giao phụ trách HĐQT VietinBank thay ông Nguyễn Văn Thắng
CTG,3/1/2018,15:43,"Hoạt động chốt lời đẩy VN-index đảo chiều giảm gần 6 điểm, nhiều cổ phiếu bất động sản tăng trần"
CTG,2/21/2018,19:39,"Thủ tướng: Nhiều đối tác nước ngoài hỏi Vietinbank có bán cổ phần nữa không, họ mua thêm"
CTG,12/11/2017,15:57,Cổ phiếu ngân hàng quay đầu lao dốc
CTG,11/13/2017,11:48,VietinBank “khát” vốn lắm rồi!
CTG,11/9/2017,17:04,Chủ tịch VietinBank: Các ngân hàng đang rất nỗ lực
CTG,7/29/2017,9:40,"VietinBank báo lãi nửa đầu năm 3.920 tỷ đồng, là ngân hàng thứ 3 có quy mô tổng tài sản vượt mốc 1 triệu tỷ đồng"
CTG,5/18/2017,14:50,VietinBank thay Phó Tổng giám đốc người Nhật
CTG,5/1/2017,8:29,"VietinBank: Lãi sau thuế quý I đạt 2.039 tỷ đồng, tăng 6% so với cùng kỳ"
CTG,4/17/2017,10:56,"Quý I/2017, VietinBank ước đạt 2.488 tỷ đồng lợi nhuận trước thuế"
CTG,4/17/2017,9:51,"Thương vụ sáp nhập PGBank - VietinBank: NHNN yêu cầu tính toán, đàm phán lại tỷ lệ hoán đổi"
CTG,4/17/2017,9:31,Người của Bank of Tokyo-Mitsubishi được đề cử vào HĐQT VietinBank
CTG,4/17/2017,8:39,"ĐHĐCĐ VietinBank: Kế hoạch lợi nhuận 2017 đạt 8.800 tỷ đồng, cổ tức tối đa 7%"
CTG,4/17/2017,8:28,"VietinBank thận trọng với kế hoạch lợi nhuận năm 2017 tăng trưởng 3%, đạt 8.800 tỷ đồng"
CTG,3/31/2017,11:24,"VietinBank Lào đạt gần 3 triệu USD lợi nhuận năm 2016, cho vay không có nợ xấu"
CTG,2/28/2017,16:26,ROS: Khối ngoại mua vào khoảng 54 tỷ đồng phiên cuối tháng 2
CTG,12/2/2016,15:51,"Sau BIDV, đến lượt VietinBank lấy ý kiến cổ đông về việc trả cổ tức bằng tiền"
CTG,10/22/2016,10:06,"Bộ Tài chính đòi cổ tức tiền mặt, BIDV quyết định trả còn VietinBank chờ đến bao giờ?"
CTG,9/20/2016,20:20,Vietinbank 6 tháng đầu năm tiến triển tốt nhưng chưa có triển vọng tăng trưởng mạnh
CTG,4/26/2016,16:46,ĐHĐCĐ VietinBank: Sẽ không loại trừ khả năng nhận sáp nhập thêm ngân hàng khác
CTG,8/31/2015,9:01,Kiểm toán tiếp tục lưu ý Các nghĩa vụ tiềm ẩn trong BCTC của Vietinbank liên quan vụ Huyền Như
CTG,8/27/2015,12:05,Có thể đề xuất VietinBank là NH thí điểm đầu tiên tăng sở hữu vốn ngoại
CTG,8/14/2015,20:54,"Vietinbank báo lãi trước thuế 3.878 tỷ đồng trong nửa đầu năm, tỷ lệ nợ xấu 1,45%"
CTG,7/31/2015,17:12,VietinBank: Bổ nhiệm ông Nguyễn Đình Vinh làm Phó tổng giám đốc
CTG,6/23/2015,21:45,"Fitch giữ nguyên xếp hạng tín nhiệm “B+” của VietinBank, triển vọng “Ổn định”"
CTG,6/12/2015,17:07,VietinBank trả cổ tức 10% bằng tiền mặt
CTG,5/31/2015,9:09,2 thương vụ ngân hàng sáp nhập: Đằng sau giá trị cộng hưởng
CTG,5/28/2015,22:45,VietinBank được chuyển đổi 32 quỹ tiết kiệm thành phòng giao dịch
CTG,4/19/2015,22:33,"Sáp nhập PGBank, Vietinbank muốn “xin ưu đãi” những gì từ NHNN?"
CTG,4/16/2015,12:57,“VietinBank- Sáp nhập ngân hàng với giá không hề rẻ”
CTG,4/14/2015,9:23,"ĐHCĐ Vietinbank: 1 cổ phiếu PGBank đổi 0,9 cổ phiếu VietinBank, ngân hàng sẽ tìm kiếm thêm đối tác để M&A"
CTG,4/14/2015,0:34,Vietinbank dự chi hơn 3.700 tỷ đồng để chia cổ tức tỷ lệ 10% bằng tiền mặt
CTG,2/24/2015,8:53,Vietinbank báo lãi 5.727 tỷ đồng trong năm 2014
CTG,2/14/2015,13:56,Vietinbank phải điều chỉnh giảm lợi nhuận 2012 theo kiến nghị của kiểm toán Nhà nước
CTG,1/20/2015,13:26,"Review VN30: Loại EIB và CTG, thêm vào KBC, HVG"
CTG,1/13/2015,18:40,"Sẽ niêm yết bổ sung 2,4 tỷ cổ phiếu Vietinbank thuộc sở hữu nhà nước"
TCB,12/25/2024,0:00,Phó Tổng Giám đốc thường trực Techcombank muốn bán bớt cổ phiếu TCB
TCB,12/5/2024,15:15,Techcombank là ngân hàng tư nhân đầu tiên tại Việt Nam ban hành Khung Trái phiếu Xanh
TCB,11/10/2024,7:49,Techcombank tiên phong triển khai dịch vụ xác thực điện tử qua VneID
TCB,10/26/2024,17:12,"Nhờ đâu lợi nhuận Techcombank tăng mạnh trong 9 tháng đầu năm, dẫn đầu nhóm ngân hàng tư nhân?"
TCB,10/21/2024,16:32,"Techcombank lãi trước thuế 22,8 nghìn tỷ đồng trong 9 tháng đầu năm 2024, số dư CASA lập kỷ lục mới"
TCB,8/12/2024,7:50,"""Dòng máu"" khỏe giúp doanh nghiệp tăng đề kháng với thách thức"
TCB,7/31/2024,22:35,13 tổ chức và cá nhân nắm giữ cổ phiếu trên 1% tại Techcombank
TCB,7/29/2024,20:48,Techcombank muốn phát hành gần 20 triệu cổ phiếu giá rẻ cho nhân viên
TCB,7/25/2024,21:15,Phó Tổng Giám đốc Techcombank muốn bán bớt cổ phiếu TCB
TCB,6/28/2024,18:32,Bước đột phá mới ở Techcombank
TCB,6/27/2024,20:44,"Vốn điều lệ Techcombank vượt Vietcombank, VietinBank và BIDV"
TCB,6/10/2024,8:39,Techcombank hoàn tất thủ tục cho kế hoạch tăng vốn ‘khủng’
TCB,6/7/2024,16:48,Cổ đông Techcombank nhận tin vui liên tiếp
TCB,5/2/2024,19:26,Cổ đông Techcombank chuẩn bị nhận cổ tức bằng tiền mặt tỷ lệ 15%
TCB,4/24/2024,17:30,Bài toán tăng trưởng tín dụng cho ngân hàng: Đâu là giải pháp?
TCB,4/20/2024,11:43,"ĐHĐCĐ Techcombank: Kế hoạch chia cổ tức ""khủng"", tăng vốn điều lệ gấp đôi, bầu HĐQT và BKS nhiệm kỳ mới"
TCB,4/12/2024,13:27,CFO Techcombank: “Thách thức lớn nhất của chúng tôi là vượt qua chính mình để vươn đến cột mốc vượt trội hơn”
TCB,3/28/2024,14:53,Vì sao Techcombank thay đổi chiến lược trả cổ tức sau hơn 1 thập niên?
TCB,3/28/2024,11:39,Vốn hóa Techcombank tăng vọt 11.000 tỷ đồng ngay sau quyết định 10 năm mới có 1 lần
TCB,3/28/2024,11:02,"Cổ phiếu TCB của Techcombank tăng kịch trần sau thông báo chia cổ tức ""khủng"""
TCB,3/27/2024,19:45,"Techcombank dự kiến chia cổ tức 15% bằng tiền mặt, thưởng cổ phiếu tỷ lệ 100% trong năm nay"
TCB,3/21/2024,7:41,Moody's nâng triển vọng tín nhiệm của Techcombank lên mức Ổn định
TCB,3/6/2024,16:16,"Đi ngược thị trường, cổ phiếu của Masan, Techcombank cùng nhau đi lên, đôi bạn tỷ phú Nguyễn Đăng Quang - Hồ Hùng Anh kiếm gần 400 tỷ trong ngày"
TCB,2/23/2024,16:25,"Đôi bạn tỷ phú Nguyễn Đăng Quang - Hồ Hùng Anh: Masan muốn chinh phục mốc 100.000 tỷ đồng vốn hóa, Techcombank vọt lên cao nhất 20 tháng"
TCB,2/22/2024,15:17,"Thu về hơn 1.700 tỷ, Techcombank đã bán tòa nhà trụ sở cũ cho ai?"
TCB,2/20/2024,8:00,“Tứ Quý” Tùng Cúc Trúc Mai và khát vọng kiến tạo di sản trường tồn
TCB,2/16/2024,20:22,Phó Tổng Giám đốc Techcombank muốn bán bớt cổ phiếu
TCB,2/13/2024,8:00,"Giá trị vượt thời gian từ những quyết định táo bạo của ""người tiên phong"" trong lĩnh vực ngân hàng số"
TCB,1/25/2024,12:57,Vì sao lãnh đạo Techcombank đề xuất trả cổ tức tiền mặt trong nhiều năm?
TCB,1/22/2024,20:25,"Techcombank dự kiến dành 20%/tổng lợi nhuận sau thuế để chia cổ tức tiền mặt mỗi năm, thực hiện luôn trong năm 2024"
TCB,12/31/2023,15:06,Lãnh đạo ngân hàng và người liên quan nhộn nhịp mua bán cổ phiếu
TCB,12/15/2023,11:29,"Hai người con của chủ tịch Techcombank đã chi hàng nghìn tỷ mua cổ phiếu, đều lọt Top 25 người giàu nhất sàn chứng khoán Việt Nam dù còn rất trẻ"
TCB,10/24/2023,10:00,Tầm nhìn và khát vọng kiến tạo di sản của giới siêu giàu
TCB,10/2/2023,15:40,S&P cập nhật đánh giá về Techcombank: Kinh doanh ổn định và tiếp tục giữ vị thế dẫn đầu thị trường
TCB,9/15/2023,16:18,Con gái Chủ tịch Hồ Hùng Anh đã chi khoảng 2.700 tỷ mua hơn 82 triệu cổ phiếu Techcombank
TCB,8/22/2023,14:57,"Con gái chủ tịch Hồ Hùng Anh muốn mua hơn 82 triệu cổ phiếu Techcombank, giá trị khoảng 2.700 tỷ đồng"
TCB,7/25/2023,15:25,"Bình quân mỗi nhân viên Techcombank mang về 936 triệu đồng LNTT trong nửa đầu năm, thu nhập 45 triệu đồng/tháng"
TCB,7/24/2023,17:18,"CASA của Techcombank tăng trở lại trong quý 2, tỷ lệ an toàn vốn dẫn đầu ngành"
TCB,7/13/2023,15:29,Giám đốc Kế toán Techcombank muốn bán phần lớn cổ phiếu TCB nắm giữ
TCB,6/4/2023,17:15,Nhân viên Techcombank nhận tin vui
TCB,4/23/2023,22:00,"Ngân hàng tuần qua: Chủ tịch Techcombank nói về giá trị TCB, ĐHCĐ ngân hàng 'nóng' chuyện sáp nhập, cổ tức"
TCB,4/22/2023,9:25,"ĐHĐCĐ Techcombank: Mục tiêu lợi nhuận trước thuế 22.000 tỷ đồng trong năm 2023, cổ đông chất vấn loạt câu hỏi ""nóng"" về trái phiếu, BĐS, cổ phiếu"
TCB,1/16/2023,15:41,"Bắt đáy mạnh tay cổ phiếu HPG trong quý 4, Nhà Đà Nẵng (NDN) vẫn lỗ lớn"
TCB,12/20/2022,17:42,Hơn 70% cổ đông Techcombank tán thành phương án rót hơn 10.038 tỷ cho TCBS
TCB,12/8/2022,19:08,"TCB, STB và EIB tăng trần, thanh khoản TPB cao kỷ lục"
TCB,12/6/2022,20:26,Techcombank nói gì với cổ đông về kế hoạch rót hơn 10.000 tỷ cho TCBS?
TCB,11/29/2022,22:27,Techcombank cấp khoản tín dụng 1.500 tỷ cho một doanh nghiệp
TCB,11/29/2022,9:46,Phó Tổng Giám đốc Techcombank đã mua xong lượng cổ phiếu đăng ký
TCB,11/24/2022,14:23,Masan chuyển nhượng toàn bộ nhãn hiệu T-Pay cho Techcombank
TCB,11/15/2022,15:14,Loạt lãnh đạo ngân hàng tranh thủ gom mua cổ phiếu giữa lúc thị trường rực lửa
TCB,10/27/2022,17:33,Phó Tổng Giám đốc Techcombank đăng ký mua cổ phiếu TCB
TCB,10/24/2022,18:14,"Cổ phiếu ngân hàng chìm trong sắc đỏ, LPB và TCB nằm sàn hai phiên liên tiếp"
TCB,10/20/2022,16:17,"Techcombank tiếp tục tăng trưởng mạnh trong 9 tháng đầu năm, tỷ lệ nợ xấu chỉ 0,6%"
TCB,10/13/2022,11:03,"Hàng loạt mã mất nửa giá trị kể từ đầu năm, cổ phiếu ngân hàng liệu đã rẻ?"
TCB,8/7/2022,8:34,"Không chỉ lương và phúc lợi hấp dẫn, Techcombank còn phát hành cổ phiếu ESOP để giữ chân nhân tài"
TCB,7/23/2022,10:50,Một ngân hàng tăng thu nhập bình quân nhân viên lên 46 triệu đồng/tháng
TCB,7/21/2022,16:33,"Techcombank báo lãi 14.100 tỷ đồng trong 6 tháng đầu năm, tỷ lệ nợ xấu chỉ 0,6%"
TCB,7/4/2022,16:06,Techcombank được tăng vốn điều lệ
TCB,6/8/2022,14:31,"VnDirect: Nhịp điều chỉnh gần đây đã đưa định giá ngành ngân hàng xuống mức hấp dẫn, chỉ ra động lực tăng giá của 3 mã tiềm năng"
TCB,5/10/2022,11:29,"KBSC: Techcombank tăng trưởng tín dụng 9,3% trong quý 1, các dự án của Vinhomes và Masterise sẽ thúc đẩy cho vay mua nhà trong 2022"
TCB,4/19/2022,6:07,Người nhà Giám đốc Kế toán Techcombank muốn bán hết cổ phiếu TCB
TCB,4/17/2022,21:13,Cổ phiếu ngân hàng TCB chạm đáy gần 1 năm dù được giới phân tích kỳ vọng lớn
TCB,4/14/2022,10:30,Sôi động giao dịch cổ phiếu ngân hàng của cổ đông nội bộ trước thềm đại hội
TCB,4/7/2022,11:20,"Cổ phiếu ngân hàng đỡ thị trường, vốn hóa VPBank vượt Techcombank"
TCB,4/6/2022,12:08,Người nhà Phó TGĐ thường trực Techcombank bán bớt cổ phiếu
TCB,4/4/2022,11:32,Vì sao Techcombank liên tục không chia cổ tức?
TCB,4/2/2022,21:24,"Techcombank lên kế hoạch lợi nhuận 27.000 tỷ, tiếp tục không chia cổ tức, chuyển trụ sở chính về phố Quang Trung"
TCB,3/27/2022,21:51,"Khối ngoại mạnh tay gom cổ phiếu ngân hàng, những mã nào đã hết room?"
TCB,3/23/2022,17:54,Phó TGĐ Techcombank bán xong toàn bộ số cổ phiếu đăng ký
TCB,3/21/2022,17:22,Phó chủ tịch Techcombank Đỗ Tuấn Anh xin từ chức
TCB,3/16/2022,11:17,Người nhà Phó Tổng giám đốc thường trực Techcombank muốn bán bớt cổ phiếu TCB
TCB,3/13/2022,10:07,Techcombank tiếp tục bơm vốn cho Masan Group: Cấp khoản vay 1.500 tỷ cho hai doanh nghiệp khai khoáng
TCB,2/23/2022,19:24,"Vừa về tay Masan, Phúc Long được Techcombank bơm hàng trăm tỷ đồng để mở rộng kinh doanh"
TCB,2/19/2022,17:25,Phó Tổng Giám đốc Techcombank muốn bán bớt cổ phiếu TCB
TCB,1/28/2022,21:46,"Không chỉ lãi tỷ USD, thị trường còn ""choáng"" với mức lương, thưởng ở Techcombank"
TCB,1/23/2022,14:48,"Rút tiền gửi, đầu tư chứng khoán: Một doanh nghiệp BĐS sở hữu hàng trăm tỷ đồng cổ phiếu SHB và TCB, danh mục có cả FLC và VHM"
TCB,12/30/2021,7:31,"Không phải Chủ tịch Vingroup hay Hoà Phát, đây mới là vị tỷ phú có mức tăng tài sản cao nhất năm 2021"
TCB,11/27/2021,11:05,The Economist: Việt Nam đã 'sản sinh' ra thế hệ doanh nhân tỷ phú mới
TCB,11/26/2021,11:09,Cổ phiếu ngân hàng nổi sóng: Mã nào hút nhiều tiền nhất những ngày qua?
TCB,11/3/2021,15:17,"Tất cả các cổ phiếu ngân hàng đều tăng giá mạnh, LPB và OCB tăng kịch trần, 10 mã tăng hơn 5%"
TCB,9/13/2021,7:15,CEO Techcombank Jens Lottner: ‘Tôi muốn hướng đến cung cấp trải nghiệm dịch vụ khách hàng lý thú và đơn giản như khi tải bài hát trên Spotify!'
TCB,8/25/2021,10:46,Tỷ phú USD cũng chỉ được ngân hàng Việt cấp hạn mức tín dụng 500 triệu đồng
TCB,7/27/2021,7:03,Ngân hàng nào đang sở hữu kỷ lục nợ xấu thấp?
TCB,7/7/2021,15:25,"Nhiều cổ phiếu ngân hàng tăng giá mạnh, LPB tăng kịch trần, khối ngoại tranh thủ chi trăm tỷ gom hàng"
TCB,7/5/2021,17:02,"Sau 3 năm, vốn VinHomes lại lớn hơn Vingroup, giá trị của TCB vượt qua cả BIDV lẫn Vietinbank"
TCB,5/13/2021,14:56,"VCBS: Nếu triển khai thành công các dịch vụ tài chính tại Vinmart, độ phủ của Techcombank sẽ tăng mạnh"
TCB,4/24/2021,9:48,CEO Techcombank: Giá cổ phiếu TCB đang dần phản ánh đúng hơn sức khoẻ và lợi thế của Techcombank so với các ngân hàng khác như thế nào
TCB,2/2/2021,9:37,Người nhà sếp VIB và Techcombank giao dịch lượng lớn cổ phiếu
TCB,2/27/2020,7:56,CEO Nguyễn Lê Quốc Anh nói về việc chuyển giao vị trí ở Techcombank
TCB,1/3/2020,8:53,"Người giàu cũng khóc 2019: Tài sản 2 sếp Masan-TCB bốc hơi 10.000 tỷ, Chủ tịch Yeah1 mất tới 82% vì sự cố YouTube"
TCB,12/12/2019,14:28,Techcombank phát hành thêm được 3.000 tỷ đồng trái phiếu
TCB,11/16/2019,11:22,"MWG, FPT, TCB, VPB chiếm tỷ trọng lớn trong rổ VN Diamond và VNFin Select, bất ngờ với sự xuất hiện của TVB"
TCB,11/15/2019,23:05,Sếp Phó Techcombank muốn bán bớt cổ phiếu
TCB,11/8/2019,10:47,Tăng trưởng tín dụng thực tế của Techcombank trong 9 tháng đầu năm là bao nhiêu?
TCB,7/27/2019,20:04,"Techcombank tăng trưởng quý thứ 15 liên tiếp, lợi nhuận đạt kỷ lục 5.661 tỷ đồng trong 6 tháng đầu năm"
TCB,4/14/2019,8:26,Ông Hồ Hùng Anh làm chủ tịch Techcombank nhiệm kỳ thứ 3 liên tiếp
TCB,4/13/2019,10:16,"Techcombank lên kế hoạch lãi 11.750 tỷ đồng trong năm 2019, tiếp tục không chia cổ tức"
TCB,4/12/2019,9:31,"Nhiều khoản đầu tư lãi bằng lần, quỹ lớn nhất của Dragon Capital tiếp tục ""đặt cược"" thêm 200 triệu USD vào các đợt IPO năm 2018"
TCB,1/24/2019,16:47,Lãnh đạo Techcombank nói gì về kết quả kinh doanh kỷ lục 2018?
TCB,1/18/2019,10:30,Techcombank sẽ được VFMVN30 ETF mua mạnh trong kỳ review tháng 1?
TCB,12/6/2018,8:01,Cổ phiếu TCB của Techcombank chính thức được cấp margin
TCB,7/24/2018,9:37,"Techcombank báo lãi kỷ lục gần 5.200 tỷ đồng trong 6 tháng đầu năm, gần gấp đôi cùng kỳ 2017"
TCB,7/17/2018,11:26,"Hơn 2,3 tỷ cổ phiếu TCB dự kiến giao dịch trong tháng 7"
TCB,6/16/2018,9:43,VPBank có đang bị định giá quá thấp?
TCB,6/14/2018,18:07,Techcombank sẽ hoàn tất thủ tục tăng vốn lên gần 35.000 tỷ ngay trong tháng 7
TCB,6/4/2018,11:01,"Hơn 1,16 tỷ cổ phiếu TCB của Techcombank chính thức chào sàn"
TCB,5/27/2018,16:21,"Không chỉ “tự hào” đứng đầu về cho vay mua nhà để ở, Techcombank còn giành tỷ trọng lớn nguồn vốn để cho vay kinh doanh bất động sản"
TCB,5/25/2018,18:29,Định giá cổ phiếu Techcombank ở mức 128.000 đồng là quá đắt?
TCB,5/23/2018,11:25,"Sau niêm yết, cổ đông Techcombank sẽ ""ngập"" trong cổ tức bằng cổ phiếu với tỷ lệ 200%"
TCB,4/27/2018,17:13,"Techcombank đã bán hơn 164 triệu cổ phiếu cho NĐT nước ngoài, thu về 21.000 tỷ"
TCB,2/4/2018,15:17,Em gái phó chủ tịch Techcombank Nguyễn Thiều Quang vừa bán 30.000 cổ phiếu TCB
TCB,1/30/2018,10:38,"Techcombank bất ngờ báo lãi hơn 8.000 tỷ trong năm 2017, năm thứ 3 liên tiếp lợi nhuận tăng gấp đôi"
TCB,10/31/2017,9:59,"Techcombank báo lãi 3.890 tỷ đồng sau 9 tháng, quý III đóng góp một nửa"
TCB,8/16/2017,20:27,Techcombank vừa bỏ ra hơn 4.000 tỷ đồng mua cổ phiếu quỹ
TCB,6/17/2017,9:10,"Techcombank muốn mua lại cổ phần làm cổ phiếu quỹ, HSBC có thể thoái đầu tư"
TCB,4/7/2017,14:36,“Phát hờn” với cổ phiếu ngân hàng
TCB,4/10/2016,21:19,Techcombank sẽ sớm lên sàn chứng khoán
TCB,11/28/2015,7:55,Cổ đông nội bộ Techcombank đăng ký bán vốn
TCB,10/14/2015,11:13,Moody's nâng xếp hạng tín nhiệm của Techcombank
TCB,5/6/2015,18:15,Techcombank tuyển hơn 100 Chuyên viên Khách hàng trên toàn quốc
TCB,4/18/2015,11:46,"Techcombank có Tổng giám đốc mới, ông Murat Yuldashev"
MBB,12/26/2024,14:18,Ngân hàng đầu tiên trả cổ tức trong năm 2025
MBB,7/18/2024,14:50,"Danh sách 'tay to' nắm giữ lượng lớn cổ phiếu MB dần lộ diện: 1 công ty bảo hiểm sở hữu 1,24% vốn ngân hàng, 1 quỹ ngoại nắm giữ 86,3 triệu cổ phiếu"
MBB,6/4/2024,15:29,Nữ tướng' Nguyễn Thị Hải Lý rời Hội đồng quản trị Viettel Global để sang Hội đồng quản trị MB
MBB,4/19/2024,8:14,"ĐHCĐ MB: Mỗi cổ đông được nhận 500.000 đồng, dự kiến 1.600 người tham dự"
MBB,4/1/2024,10:31,"MB công bố kế hoạch chia cổ tức tiền mặt, dự kiến trở thành ngân hàng tiếp theo cán mốc lịch sử sau nhóm Big4"
MBB,3/25/2024,17:30,3 sáng kiến đột phá giúp MB khác biệt trên thị trường ngân hàng số
MBB,3/15/2024,20:30,Công ty con của SCIC đã bán khớp lệnh toàn bộ số cổ phiếu MBB nắm giữ
MBB,3/6/2024,17:31,SCIC dự chi 480 tỷ đồng mua 30 triệu cổ phiếu MB
MBB,3/6/2024,15:49,"Kinh tế trưởng MB: Người ta nói ""của rẻ là của ôi"" nhưng MBB thì không như vậy, chỉ rõ sự khác biệt của MB và lợi thế cạnh tranh"
MBB,2/16/2024,14:41,Công ty con của SCIC muốn bán toàn bộ số cổ phiếu MB nắm giữ
MBB,1/30/2024,0:41,MB chào bán riêng lẻ 73 triệu cổ phiếu cho Viettel và SCIC
MBB,1/15/2024,14:05,"Không mua vào như đăng ký, Công ty con của SCIC chuyển sang bán toàn bộ số cổ phiếu MBB nắm giữ"
MBB,1/2/2024,9:55,Ngân hàng tặng tiền cho cổ đông đi họp năm ngoái chuẩn bị chốt quyền tham dự đại hội thường niên 2024
MBB,10/30/2023,18:20,"Ngân hàng Quân đội (MB) lãi tăng nhẹ đạt hơn 20.000 tỷ đồng trong 9 tháng đầu năm, tín dụng tăng trưởng 13,7%, có thêm 4 triệu khách hàng mới"
MBB,6/9/2023,13:11,Người nhà lãnh đạo OCB và MB muốn bán bớt cổ phiếu
MBB,4/26/2023,10:22,"Cổ đông nói MB đang ""yêu"" Novaland quá khi cho vay tới hơn 9.400 tỷ đồng, lãnh đạo ngân hàng nói gì?"
MBB,4/5/2023,9:38,"MB đặt kế hoạch lợi nhuận vượt 26.000 tỷ trong năm nay, chuẩn bị cho việc nhận chuyển giao bắt buộc một ngân hàng"
MBB,1/31/2023,14:35,"MB soán ngôi ""vua"" CASA của Techcombank"
MBB,12/9/2022,8:00,MB Economic Insights 8th – Tối ưu hóa tài chính trước thách thức đa chiều
MBB,10/28/2022,11:05,"MB báo lãi gần 18.200 tỷ sau 9 tháng, tiền gửi không kỳ hạn giảm"
MBB,9/20/2022,14:09,MBBank sẽ rót thêm 472 tỷ đồng vào Chứng khoán MB
MBB,8/9/2022,17:17,"MB chốt quyền phát hành 755 triệu cổ phiếu trả cổ tức, tỷ lệ 20%"
MBB,7/19/2022,7:32,MB được chấp thuận mở ngân hàng con tại Campuchia
MBB,6/8/2022,14:47,"Giảm mạnh tỷ trọng cổ phiếu HPG, quỹ đầu tư của SGI Capital vẫn ghi nhận hiệu suất âm tháng thứ 2 liên tiếp"
MBB,5/9/2022,7:48,MB chào bán toàn bộ vốn góp của chủ đầu tư KĐT Ocean Park Vân Đồn
MBB,5/7/2022,9:36,Một quỹ đầu tư của SCIC vừa mua khớp lệnh 1 triệu cổ phiếu MB
MBB,4/27/2022,9:48,Một quỹ đầu tư muốn bán hết cổ phiếu MBB để giải thể
MBB,4/21/2022,16:40,Khối ngoại tiếp tục gom cổ phiếu ngân hàng giá rẻ
MBB,4/19/2022,17:12,Một cổ đông muốn bán lượng lớn cổ phiếu MBB với giá không thấp hơn 32.600 đồng/cp
MBB,4/7/2022,14:58,Công ty con SCIC muốn mua cổ phiếu MB
MBB,4/5/2022,15:04,"SSI: Ngân hàng là ngành đáng chú ý trong tháng 4, nhắc tên hai mã tiềm năng"
MBB,3/22/2022,16:37,Hai quỹ đầu tư của MB muốn thoái sạch vốn tại một công ty bảo hiểm
MBB,3/18/2022,18:30,"Chưa hết tháng 3, nhiều ngân hàng đã dự kiến lãi lớn trong quý I"
MBB,3/17/2022,13:48,MB bổ nhiệm thêm nhân sự 8x vào Ban điều hành
MBB,3/16/2022,15:09,MB tham vọng mục tiêu lợi nhuận 45.000 tỷ
MBB,3/12/2022,12:47,"MB: Lợi nhuận riêng lẻ 2 tháng đạt 3.500 tỷ đồng, SSI dự báo lãi cả năm chạm mốc 1 tỷ USD"
MBB,8/23/2021,14:21,"Phó Tổng Giám đốc MB đăng ký bán bớt 2 triệu cổ phiếu MBB, ước tính thu về 60 tỷ đồng"
MBB,7/21/2021,9:25,"MB báo lãi 6 tháng tăng gấp rưỡi cùng kỳ, nợ có khả năng mất vốn giảm mạnh gần 60%"
MBB,7/17/2021,21:18,"Đón sóng đầu tư, quỹ ngoại ồ ạt “gom” cổ phiếu ngân hàng"
MBB,7/10/2021,9:05,Khối ngoại chi gần nghìn tỷ gom mua cổ phiếu MBB của Ngân hàng Quân đội
MBB,7/8/2021,16:11,"MB nới room ngoại lên 23,24%"
MBB,6/3/2021,10:32,MB được chấp thuận tăng vốn thêm gần 10.000 tỷ đồng
MBB,6/1/2021,7:11,MB điều chỉnh room ngoại lên 30%?
MBB,5/4/2021,17:21,"SSI Research: Tỷ lệ CASA của MB tăng 37% trong quý đầu năm, NIM đạt trên 5%"
MBB,4/27/2021,6:30,"CEO MB Lưu Trung Thái: MB sẽ trở thành Tập đoàn tài chính đa quốc gia ngay trong năm nay, trước mắt tập trung vào thị trường Đông Nam Á"
MBB,4/13/2021,13:04,MB sẽ đầu tư xây trụ sở tại Tp. Hồ Chí Minh trong năm nay
MBB,4/6/2021,7:09,"MB ước lãi gần 4.600 tỷ đồng trong quý 1, lượng khách hàng mới bằng xấp xỉ 60% cả năm 2020"
MBB,10/28/2020,15:37,Lãnh đạo Ngân hàng Quân đội liên tục mua vào cổ phiếu MBB
MBB,10/16/2020,7:25,"MB báo lãi 8.134 tỷ đồng trong 9 tháng đầu năm, tỷ lệ nợ xấu giảm về 1,5%"
MBB,9/21/2020,22:30,MB chuẩn bị trả cổ tức tỷ lệ 15%
MBB,6/24/2020,8:51,ĐHCĐ MBBank: Trả cổ tức tỷ lệ 15% trong năm nay và chia hơn 25 triệu cổ phiếu quỹ cho cổ đông
MBB,6/3/2020,10:35,"ĐHCĐ MBS: Đặt kế hoạch lãi trước thuế 200 tỷ đồng, tập trung tìm kiếm đối tác chiến lược trong năm 2020"
MBB,1/23/2020,9:19,MB bán 21 triệu cổ phiếu quỹ cho 8 quỹ đầu tư
MBB,1/20/2020,12:37,"Các quỹ ngoại lại vừa trao tay 2,1 triệu cổ phiếu MBB"
MBB,12/28/2019,15:58,Các quỹ ngoại vừa trao tay 6 triệu cổ phiếu MBB
MBB,12/7/2019,21:39,MB muốn bán 23 triệu cổ phiếu quỹ
MBB,10/28/2019,17:44,Ai vừa mua gần 5 triệu cổ phiếu MBB?
MBB,9/27/2019,7:56,Ngân hàng Quân đội bị phạt thuế hơn 9 tỷ đồng
MBB,8/29/2019,22:58,"Cổ phiếu MBB tiến sát đỉnh 1 năm, một cổ đông muốn thoái sạch vốn tại MBBank"
MBB,5/1/2019,10:12,Ông Lê Hữu Đức làm chủ tịch Ngân hàng Quân đội thêm 5 năm nữa
MBB,3/18/2019,16:06,MB nằm trong top 5 ngân hàng có lợi nhuận lớn nhất hệ thống ngân hàng Việt Nam
MBB,8/1/2018,16:22,Ông Nguyễn Mạnh Hùng thôi nhiệm Phó Chủ tịch MBBank
MBB,6/6/2018,15:03,Quỹ thuộc Dragon Capital vừa bán 200.000 cổ phiếu MBB
MBB,3/31/2018,20:31,"Sếp Ngân hàng Quân đội tin giá cổ phiếu ""hợp lý sẽ tới 40.000 đồng"""
MBB,3/29/2018,8:33,"ĐHCĐ Ngân hàng Quân đội: Muốn tăng vốn lên 21.600 tỷ, tỷ lệ cổ tức và cổ phiếu thưởng dự kiến 25%"
MBB,3/22/2018,6:57,Công ty con của SCIC muốn bán bớt cổ phiếu Ngân hàng Quân đội
MBB,1/31/2018,8:03,Cuộc “lật đổ” ngoạn mục của các ngân hàng top đầu
MBB,1/31/2018,7:02,"Ngân hàng Quân đội (hợp nhất): Tăng trích lập dự phòng “hy sinh” lợi nhuận quý IV, cả năm vẫn tăng 26% so với 2016"
MBB,1/10/2018,16:46,Ngân hàng Quân đội báo lãi hơn 5.000 tỷ trong năm 2017
MBB,1/10/2018,8:00,Cổ phiếu MBB: Hiệu quả đầu tư vượt thị trường chung
MBB,12/31/2017,8:17,"Trước thềm năm mới, MBBank chi nghìn tỷ tạm ứng cổ tức cho cổ đông"
MBB,11/25/2017,16:01,Techcombank bất ngờ được The Asian Banker đánh giá cao hơn cả ngân hàng lớn về khả năng sinh lời lâu dài từ kinh doanh cốt lõi
MBB,11/2/2017,15:01,Ngân hàng Quân đội: Lãi lớn nên chi đậm cho nhân viên
MBB,10/31/2017,9:05,"Ngân hàng MB: Lợi nhuận trước thuế 9 tháng cán mốc 4.000 tỷ, tăng 44% so với cùng kỳ"
MBB,10/16/2017,13:42,Công ty của Bộ Quốc phòng thu về hơn 112 tỷ đồng khi chốt lời cổ phiếu MBB
MBB,10/10/2017,7:00,Các cổ phiếu ngân hàng chào sàn 2017 đã biến động thế nào?
MBB,9/25/2017,13:29,Công ty Trực thăng Miền Bắc tiếp tục muốn bán 5 triệu cổ phiếu MBB để giải quyết nhu cầu vốn
MBB,9/20/2017,20:23,"Tăng hơn 70% từ đầu năm, nhóm Dragon Capital chốt lãi 10 triệu cổ phiếu MBB"
MBB,9/16/2017,8:12,"2 quỹ ngoại trao tay 1,2 triệu cổ phiếu MBB không qua sàn giao dịch"
MBB,9/3/2017,9:56,Ngân hàng Quân đội được chấp thuận tăng vốn lên 18.155 tỷ
MBB,8/1/2017,9:36,"Cổ phiếu ""họ MB"" nổi sóng"
MBB,8/1/2017,8:30,"Liên tục lập đỉnh mới, Trực Thăng Miền Bắc muốn bán bớt 5 triệu cổ phiếu MBB"
MBB,7/31/2017,9:59,"[Cổ phiếu nổi bật tuần] Lợi nhuận tăng bất thường, cổ phiếu MBB tăng 65%"
MBB,7/22/2017,10:26,"Ngân hàng Quân đội: 6 tháng lãi ròng gần 2.000 tỷ, nợ có khả năng mất vốn tăng hơn 80%"
MBB,7/7/2017,16:49,"Cũng nhảy vào tài chính tiêu dùng, MB liệu có kiếm được “gà đẻ trứng vàng” hay lại phải canh cánh với nỗi lo nợ xấu?"
MBB,6/5/2017,20:53,"Cổ phiếu MBB tăng vọt, Đầu tư SCIC không thực hiện được ý định tăng tỷ lệ sở hữu tại MBB"
MBB,5/3/2017,8:00,Lý do gì đã khiến MBB tăng vượt đỉnh và trở thành cái tên “hot” nhất trong nhóm cổ phiếu ngân hàng thời gian gần đây?
MBB,4/26/2017,11:24,MB sẽ tiến hành sáp nhập một ngân hàng khác
MBB,4/26/2017,10:16,MB ước lãi trước thuế 1.055 tỷ đồng trong quý 1
MBB,4/26/2017,9:16,"ĐHCĐ MB: Chia cổ tức tỷ lệ 11%, hoàn tất thoái vốn khỏi MBLand trong năm 2017"
MBB,2/21/2017,11:41,"Thị trường thăng hoa, Chứng khoán MB chuẩn bị phát hành 700 tỷ đồng trái phiếu phục vụ cho vay ký quỹ"
MBB,2/15/2017,20:30,Ngân hàng Quân đội tạm ứng cổ tức năm 2016 bằng tiền mặt tỷ lệ 6%
MBB,12/9/2016,14:19,"Muôn nẻo cuộc đua ""ngân hàng số 1"""
MBB,11/14/2016,8:51,MB đã rớt khỏi “chiếu trên” các ngân hàng cổ phần
MBB,10/31/2016,16:22,"SCIC chào bán thỏa thuận hơn 2,4 triệu cổ phần Maritime Bank, giá khởi điểm 11.700 đồng/cp"
MBB,10/5/2016,20:31,Ngân hàng Quân đội được tăng vốn điều lệ lên 17.127 tỷ đồng
MBB,5/5/2016,10:58,"Chi phí dự phòng đã ""cứu"" lợi nhuận quý I của ngân hàng MB thoát cảnh giảm mạnh so với cùng kỳ"
MBB,3/8/2016,14:55,"Khối ngoại hối hả mua MBB, các quỹ của MB Capital bán ra"
MBB,3/4/2016,21:21,"Khối ngoại tiếp tục ""gom hàng"" trong ngày cuối tuần"
MBB,3/2/2016,20:50,Khối ngoại mua ròng 150 tỷ đồng trong ngày VnIndex vượt 570 điểm
MBB,3/1/2016,17:34,Khối ngoại mua ròng trong phiên giao dịch đầu tháng 3
MBB,2/19/2016,16:59,MaritimeBank còn sở hữu chưa đến 5% vốn tại Ngân hàng Quân đội
MBB,2/19/2016,16:21,Nhóm Dragon Capital chi nghìn tỷ mua cổ phiếu MBB từ Maritime Bank
MBB,1/20/2016,15:16,122 triệu cổ phiếu chứng khoán MBS sắp lên sàn HNX
MBB,1/5/2016,17:23,Nhóm VinaCapital chuyển nhượng 5 triệu cổ phiếu MBB cho The Caravel Fund
MBB,12/4/2015,14:22,NHNN chấp thuận nguyên tắc Tài chính Sông Đà sáp nhập vào NH Quân đội
MBB,11/13/2015,18:21,"Ngân hàng Quân đội: LNTT 9 tháng 2.552 tỷ đồng, nợ xấu 1,72%"
MBB,10/8/2015,11:46,"Cổ phiếu bảo hiểm, ngân hàng “nổi sóng”, VnIndex đóng cửa tăng hơn 7 điểm"
MBB,10/8/2015,10:20,Khối ngoại tranh mua hơn 40 triệu cổ phiếu MBB trong 1 phút hở room
MBB,10/6/2015,15:08,NHNN sẽ kiến nghị sớm giải quyết các đề xuất liên quan giảm thuế của MB
MBB,10/5/2015,14:26,Nhân sự của Cty Tài chính Sông Đà sẽ thế nào sau khi sáp nhập vào MB?
MBB,9/11/2015,22:23,MB chuẩn bị ĐHCĐ bất thường nhận sáp nhập Công ty tài chính Cổ phần Sông Đà
MBB,9/10/2015,18:23,MBB: Tạm ứng cổ tức có thể liên quan tới phát hành riêng lẻ cho đối tác chiến lược
MBB,9/10/2015,15:22,MB Capital “lướt sóng” cổ phiếu MBB sau 1 tuần nắm giữ
MBB,8/31/2015,21:37,MaritimeBank nhận hơn 22 triệu cổ phiếu MBB từ MDB
MBB,8/20/2015,11:37,Vietcombank và SCIC đều muốn “sở hữu” cổ phiếu MBB
MBB,8/15/2015,12:54,Ông Hoàng Thế Hưng thôi làm Phó tổng giám đốc Ngân hàng Quân đội
MBB,8/14/2015,18:03,"MB báo lãi trước thuế 1.828 tỷ đồng, tăng trưởng tín dụng 10,2%"
MBB,6/21/2015,8:11,"Quỹ đầu tư Con Hổ Việt Nam bán toàn bộ gần 2,8 triệu cổ phiếu MBB"
MBB,6/16/2015,14:53,"Không chịu nổi áp lực chốt lãi, VnIndex mất hơn 6 điểm cuối phiên"
MBB,6/15/2015,12:34,Ngân hàng Quân đội có thể đạt lợi nhuận sau thuế 2.554 tỷ đồng trong năm nay
MBB,5/30/2015,11:25,Hai tổ chức muốn rút toàn bộ vốn khỏi MBB
MBB,5/18/2015,23:59,MBB: Quý I lãi 620 tỷ đồng
MBB,4/21/2015,16:06,MB sẽ bán 10 – 15% cổ phần cho đối tác chiến lược nước ngoài
MBB,4/21/2015,10:14,ĐHCĐ Ngân hàng MB: Đã nghiên cứu 2 ngân hàng để tính chuyện sáp nhập
MBB,4/7/2015,10:38,Ngân hàng Quân đội đặt mục tiêu lợi nhuận 3.250 tỷ đồng trong năm 2015
MBB,2/21/2015,20:56,"MB: Mạnh tay trích lập dự phòng rủi ro, lợi nhuận quý 4 vẫn tăng hơn 33%"
MBB,1/16/2015,20:19,MB báo lãi trước thuế trên 3.000 tỷ đồng trong năm 2014
MBB,1/5/2015,17:01,MB tái bổ nhiệm ông Lê Công làm Tổng giám đốc
VPB,8/29/2024,10:19,Một lãnh đạo VPBank vừa mua xong lượng lớn cổ phiếu VPB
VPB,8/26/2024,14:34,Một quỹ đầu tư Trung Quốc nắm giữ hơn 91 triệu cổ phiếu VPBank
VPB,7/29/2024,15:11,Phó Tổng giám đốc thường trực VPBank muốn chi hơn 90 tỷ đồng để tăng sở hữu tại ngân hàng gấp 6 lần
VPB,7/25/2024,7:42,5 cá nhân kín tiếng đang sở hữu lượng cổ phiếu VPBank có tổng trị giá gần 1 tỷ USD
VPB,7/23/2024,16:11,"VPBank công bố danh sách cổ đông sở hữu trên 1% vốn: Hai quỹ ngoại và người liên quan nắm giữ hơn 6,2% cổ phần"
VPB,7/15/2024,11:44,VPBank bổ nhiệm một Phó Tổng Giám đốc người Nhật
VPB,6/12/2024,17:47,"Tiền vào ồ ạt đẩy thanh khoản lên cao nhất 3 năm, cổ phiếu VPBank nổi sóng"
VPB,4/3/2024,14:04,"VPBank đặt mục tiêu tăng gấp đôi lợi nhuận năm trong năm nay, tiếp tục chia cổ tức tiền mặt 10%"
VPB,11/6/2023,10:50,"Vừa trở thành “rể ngoại” của VPBank, SMBC được nhận “của hồi môn” hơn 1.100 tỷ đồng"
VPB,10/16/2023,11:59,VPBank thông báo chốt ngày đăng ký cuối cùng chia cổ tức 10% bằng tiền
VPB,10/4/2023,11:51,Gần 500 nhân viên VPBank được phân phối hơn 30 triệu cổ phiếu ESOP “giá hời”
VPB,9/28/2023,10:11,"Con trai chủ tịch VPBank muốn mua 70 triệu cổ phiếu VPB, giá trị gần 1.500 tỷ"
VPB,9/5/2023,20:10,"""Dọn đường"" đón nhà đầu tư chiến lược nước ngoài, VPBank nới room ngoại lên 30%"
VPB,8/19/2023,7:38,"Đầu tư vào ACB khi chủ tịch Trần Hùng Huy mới là sinh viên năm nhất, Dragon Capital biến 28 triệu USD thành 280 triệu USD nhưng tiếc hùi hụi khi bán hết VPB quá sớm"
VPB,8/14/2023,16:56,VPBank mở khóa gần 14 triệu cổ phiếu ESOP trước thềm trả cổ tức và bán vốn cho SMBC
VPB,7/28/2023,14:22,Tiền gửi tại VPBank tăng đột biến 28% trong 6 tháng đầu năm
VPB,5/18/2023,8:06,"Bao giờ VPBank nhận được được hơn 1,3 tỷ USD còn lại từ SMBC?"
VPB,4/18/2023,15:12,"Tổng Giám đốc VPBank nhận định về thị trường BĐS: Chưa khó khăn đến mức khủng hoảng hệ thống, thị trường sẽ dần dần được khắc phục"
VPB,4/18/2023,14:23,"ĐHCĐ VPBank: Tự tin mục tiêu lợi nhuận hơn 24 nghìn tỷ trong năm 2023, dự kiến chia cổ tức tiền mặt 5 năm liên tiếp kể từ năm nay"
VPB,3/29/2023,12:11,VPBank hưởng lợi lớn thế nào khi được SMBC góp thêm gần 36.000 tỷ?
VPB,3/27/2023,14:38,"SMBC mua 15% cổ phần VPBank với giá cao gấp rưỡi thị trường, định giá toàn ngân hàng ở mức 10 tỷ USD"
VPB,3/24/2023,18:39,Kế toán trưởng VPBank chỉ bán chưa đầy 6% lượng cổ phiếu VPB đăng ký
VPB,3/11/2023,17:22,"VPBank sẽ bán 15% vốn cho SMBC với giá 1,4 tỷ USD, dự kiến hoàn tất trong tháng 3"
VPB,2/21/2023,19:02,Kế toán trưởng và Công đoàn VPBank muốn bán lượng lớn cổ phiếu VPB
VPB,1/7/2023,21:09,Lộ diện nhóm quỹ ngoại mới mua lượng lớn cổ phiếu VPBank
VPB,12/26/2022,15:54,Trưởng Ban Kiểm soát VPBank xin từ nhiệm
VPB,12/19/2022,21:53,"VPBank chuẩn bị ""mở khoá"" gần 8 triệu cổ phiếu ESOP"
VPB,11/4/2022,10:03,"Vốn chủ vượt 100.000 tỷ, VPBank muốn mua cổ phiếu quỹ"
VPB,9/28/2022,13:43,"Hơn một nửa số cổ phiếu ngân hàng đã xuống vùng 1x, thậm chí dưới mệnh giá"
VPB,8/19/2022,21:35,VPBank được chấp thuận tăng vốn điều lệ thêm 22.377 tỷ đồng
VPB,8/11/2022,19:31,"VPBank sẽ gỡ hạn chế chuyển nhượng hơn 4,4 triệu cổ phiếu ESOP"
VPB,7/18/2022,15:57,VPBank chốt giá thâu tóm bảo hiểm OPES: Dự chi 585 tỷ đồng mua thêm 87% cổ phần
VPB,7/14/2022,14:59,"Moody’s xếp hạng tín nhiệm Ba3, triển vọng tích cực cho VPBank"
VPB,4/29/2022,18:42,Chủ tịch HĐQT VPBank: Từ năm sau có thể chia cổ tức tiền mặt tới 30% lợi nhuận sau thuế
VPB,4/28/2022,15:58,VPBank huy động thành công khoản vay hợp vốn quốc tế trị giá 600 triệu USD
VPB,4/20/2022,17:23,"Lộ diện những nhân tố giúp VPBank lãi hơn 11.000 tỷ trong quý I, gấp gần 3 lần cùng kỳ 2021"
VPB,4/18/2022,14:28,VPBank đã dọn đường cho kế hoạch mua lại công ty bảo hiểm Opes như thế nào?
VPB,4/15/2022,9:33,Yuanta: VPBank có thể bán 15% vốn cho đối tác ngoại với giá cao hơn 11 - 17% thị trường
VPB,4/14/2022,16:24,"Cổ phiếu ngân hàng phân hóa: VPB dẫn đầu tăng giá và thanh khoản, một mã ''bay'' gần 7,4%"
VPB,4/8/2022,18:52,VPBank lên kế hoạch lãi gần 30.000 tỷ đồng trong năm 2022
VPB,4/6/2022,11:23,"VDSC: Nhiều cổ phiếu ngân hàng sẽ diễn biến tốt khi mùa đại hội đến gần, VPB và HDB có câu chuyện được nhà đầu tư yêu thích"
VPB,4/2/2022,0:05,"SSI Research dự báo MSN, OCB, HCM, DHC sẽ lọt rổ Diamond ETF, VPB giảm mạnh tỷ trọng"
VPB,3/14/2022,0:03,"Thị trường chứng khoán kém thuận lợi, hiệu suất đầu tư Passion Investment âm gần 11% từ đầu năm 2022"
VPB,1/30/2022,8:14,"VPBank đã nhận hơn 20.000 tỷ ''tiền tươi'' từ SMBC, số tiền khổng lồ này sẽ được ngân hàng ""chia"" thế nào?"
VPB,1/18/2022,10:09,"Mới tuần trước còn chê lãi tiết kiệm bèo bọt, nhiều nhà đầu tư giờ chỉ ước có tiền gửi không kỳ hạn cũng vui"
VPB,12/24/2021,16:12,"Lễ Giáng sinh đáng nhớ của cổ đông ngân hàng: Toàn bộ 27 mã tăng giá, HDB, EIB, TPB và SHB kịch trần"
VPB,12/16/2021,19:29,"Giá cổ phiếu đang ở đáy 4 tháng, VPBank lại ""mở khoá"" gần 8 triệu cổ phiếu ESOP bung ra thị trường ngay trước thềm Giáng sinh"
VPB,12/15/2021,17:03,"Khối ngoại miệt mài ""xả"" cổ phiếu VPB, đã bán ròng hơn 70 triệu đơn vị"
VPB,11/5/2021,10:59,VPBank cân nhắc mua một Công ty chứng khoán
VPB,10/21/2021,15:37,"Cổ phiếu ngân hàng bị ""đạp"" mạnh phiên ATC, nhiều mã giảm sâu"
VPB,10/7/2021,15:45,"VPB, MSB tăng giá mạnh ngày trong ngày trả cổ tức, SSB được đánh lên cuối phiên"
VPB,9/10/2021,15:51,"Cổ phiếu nhiều ngân hàng vẫn giảm, VPB tăng mạnh nhờ ra tin chia cổ tức ""khủng"""
VPB,8/12/2021,17:25,VPBank sẽ phát hành riêng lẻ 15% cho cổ đông chiến lược nước ngoài
VPB,7/27/2021,20:52,Một cá nhân bị phạt gần 1 tỷ đồng vì giao dịch hàng triệu cổ phiếu VPB nhưng không công bố
VPB,6/27/2021,14:12,Công đoàn ngân hàng VPBank muốn mua thêm cổ phiếu VPB
VPB,6/22/2021,17:20,VPBank bất ngờ lấy ý kiến cổ đông về việc chia cổ tức
VPB,5/6/2021,10:30,Quỹ 2 tỷ USD của Dragon Capital tăng mạnh tỷ trọng VPB và NVL vào cuối tháng 4
VPB,4/20/2021,9:52,VPBank lãi 4.000 tỷ đồng trong quý đầu năm
VPB,1/19/2021,16:13,"Công đoàn VPBank muốn bán gần 2,5 triệu cổ phiếu VPB"
VPB,12/1/2020,11:19,"VPBank phát hành ESOP giá 10 nghìn đồng/cổ phiếu, Ban điều hành được mua gần nửa"
VPB,9/18/2020,11:57,Công ty tài chính Proparco của Pháp cho VPBank vay 50 triệu USD
VPB,4/13/2020,12:51,VPBank “hở room” sau khi bị khối ngoại bán ròng hơn 5 triệu cổ phiếu trong những ngày đầu tháng 4
VPB,4/10/2020,14:44,Con trai Tổng Giám đốc của VPBank đăng ký mua 12 triệu cổ phiếu VPB
VPB,3/24/2020,7:56,Dự báo danh mục VN30 tháng 4: FPT và VPB bị giảm tỷ trọng?
VPB,2/19/2020,9:22,Chứng khoán Bản Việt (VCSC) phát hành chứng quyền cho 2 mã FPT và VPB
VPB,12/5/2019,17:47,VPBank nói gì về việc khách hàng bị kẻ gian lừa đảo lấy 460 triệu đồng qua giao dịch online?
VPB,9/5/2019,18:05,"VPBank quyết định mua vào 50 triệu cổ phiếu quỹ, “đỡ giá” cho cổ đông"
VPB,4/30/2019,9:39,Chủ tịch VPBank muốn nợ xấu ngân hàng...được đánh giá công bằng hơn
VPB,4/26/2019,15:05,"ĐHCĐ VPBank: Kiên định với tín dụng tiêu dùng, mục tiêu lãi 9.500 tỷ và không chia cổ tức"
VPB,4/15/2019,15:30,"VPBank muốn tăng vốn thêm 2.600 tỷ trong năm nay, nới ""room"" ngoại lên 30%"
VPB,4/13/2019,7:32,VPBank đặt mục tiêu thận trọng cho năm 2019 với lợi nhuận chỉ 9.500 tỷ
VPB,4/4/2019,23:22,"Quỹ ngoại sang tay 16,5 triệu cổ phiếu VPB"
VPB,4/4/2019,17:36,Thành quả sau nhiều năm của Hestia “bay hơi” hoàn toàn sau cú “tất tay” vào một cổ phiếu ngân hàng và tham gia chứng khoán phái sinh
VPB,2/27/2019,21:47,VPBank: Lấy ý kiến về việc giữ lại lợi nhuận để bổ sung vốn cho hoạt động
VPB,11/16/2018,16:43,"VPB, HDB tăng kịch trần sau thông tin lãnh đạo ngân hàng gom mua cổ phiếu"
VPB,11/15/2018,7:01,"Vượt qua hàng loạt quỹ lớn nhỏ, danh mục Passion Investment và Hestia đã tăng trưởng trong 2 tháng qua nhờ đem tiền gửi ngân hàng?"
VPB,10/13/2018,9:55,Các quỹ ngoại vừa trao tay hơn 5 triệu cổ phiếu VPB
VPB,9/18/2018,16:43,"Các quỹ ngoại vừa ""trao tay"" 7 triệu cổ phiếu VPB"
VPB,9/15/2018,22:32,Tổng giám đốc VPBank đăng ký mua thêm hơn 456 nghìn cổ phiếu VPB
VPB,7/20/2018,10:45,"VPBank lãi trước thuế 4.375 tỷ đồng trong 6 tháng đầu năm, hoàn thành 40% kế hoạch năm"
VPB,7/16/2018,15:38,"PNJ, VPB và VRE chính thức lọt rổ chỉ số VN30"
VPB,7/10/2018,16:22,VPBank đã mua xong hơn 73 triệu cổ phiếu ưu đãi
VPB,6/29/2018,17:25,Vợ ông Ngô Chí Dũng vừa mua 5 triệu cổ phiếu VPBank
VPB,5/25/2018,9:16,"Đầu tư chứng khoán thua lỗ, Hestia lên kế hoạch phát hành cổ phiếu thu về 620 tỷ đồng"
VPB,5/23/2018,0:15,"Tuyên bố đầu tư như Warren Buffet, công ty Hestia đang lỗ vài chục tỷ khi “tất tay” mua VPB với giá 5x"
VPB,4/11/2018,15:16,"Một nhà đầu tư vừa nhận chuyển nhượng hơn 22,7 triệu cổ phiếu VPBank"
VPB,3/28/2018,11:39,Gần 100 triệu cổ phiếu VPB vừa được trao tay cho 4 cá nhân
VPB,1/22/2018,10:53,"VPBank lãi trước thuế hơn 8.100 tỷ đồng trong năm 2017, tăng 65% so với 2016"
VPB,10/17/2017,22:14,Vợ Tổng giám đốc VPBank bất ngờ dự chi hơn 400 tỷ để gom cổ phiếu
VPB,10/6/2017,7:13,"Các quỹ ngoại vừa trao tay hơn 24 triệu cổ phiếu VPBank, trị giá gần nghìn tỷ đồng"
VPB,9/28/2017,21:04,Vietnam Holding Limited vừa bổ sung cổ phiếu VPB vào danh mục đầu tư
VPB,8/17/2017,15:19,"Ngược dòng ngoạn mục, VPBank đang đắt rẻ ra sao so với các cổ phiếu ngân hàng đang niêm yết?"
VPB,8/17/2017,12:10,Ngày đầu lên sàn VPBank có lỡ cơ hội trở thành cổ phiếu ngân hàng đắt giá nhất?
VPB,8/10/2017,21:33,Cổ đông ngoại đang nắm hơn 22% vốn của VPBank
VPB,7/27/2017,8:38,Vì sao lợi nhuận hợp nhất của VPBank đột ngột thấp hơn hẳn so với số liệu riêng ngân hàng mẹ?
VPB,5/11/2015,19:58,"Phó TGĐ VPBank ""đầu quân"" cho TPBank?"
VPB,4/19/2015,19:38,VPBank được chấp thuận tăng vốn điều lệ lên 7.300 tỷ đồng
STB,12/21/2024,10:46,"Sacombank ước tính lãi quý 4 tăng 68%, lợi nhuận cả năm đạt kỷ lục vượt 12.000 tỷ đồng"
STB,12/20/2024,8:00,"Tái cấu trúc gần về đích, Sacombank sẵn sàng bước vào một giai đoạn phát triển mới"
STB,12/4/2024,20:14,Chủ tịch Dương Công Minh và người liên quan đang nắm giữ bao nhiêu cổ phần Sacombank?
STB,8/16/2024,17:21,"Lãnh đạo Sacombank được trả thù lao gần 64 tỷ đồng trong nửa đầu năm, thu nhập bình quân nhân viên đạt 38,33 triệu đồng/tháng"
STB,8/15/2024,19:45,Sacombank bán đấu giá nhiều tài sản có giá trị lớn
STB,7/4/2024,16:12,"Bị tuyên thua kiện, buộc phải trả khách hơn 46 tỷ đồng, Sacombank sẽ kháng cáo"
STB,5/3/2024,8:12,Khoản nợ xấu 8.000 tỷ của KCN Phong Phú tại Sacombank đã được bán đấu giá thành công
STB,4/26/2024,11:40,
STB,4/26/2024,10:00,"ĐHĐCĐ Sacombank: Ông Dương Công Minh khẳng định không liên quan vụ án bà Trương Mỹ Lan, Vạn Thịnh Phát"
STB,4/8/2024,9:22,"Đánh giá Sacombank “rất thú vị” trong năm 2024, một quỹ ngoại mua thêm lượng lớn cổ phiếu STB, chính thức trở thành cổ đông lớn"
STB,4/2/2024,15:20,"Cổ phiếu Sacombank (STB) khớp lệnh kỷ lục, hơn 5% vốn ngân hàng đổi chủ"
STB,3/25/2024,16:02,Sacombank được Moody's nâng bậc nhiều chỉ số xếp hạng quan trọng
STB,2/1/2024,15:58,"Sacombank giữ vững đà tăng trưởng, sẵn sàng nội lực hoàn thành Đề án tái cơ cấu"
STB,12/19/2023,13:30,Dấu ấn niềm tin trên hành trình 32 năm phát triển không ngừng của Sacombank
STB,10/28/2023,8:10,"Sacombank đã thu hồi được tổng cộng 90.800 tỷ đồng nợ xấu, lợi nhuận trước thuế 9 tháng đầu năm đạt 6.840 tỷ"
STB,10/2/2023,7:47,"Sacombank ước lãi 6.175 tỷ đồng trong 8 tháng đầu năm 2023, tăng 56% so với cùng kỳ"
STB,7/21/2023,9:35,"Cho 9 khách hàng vay gần nửa số vốn tự có, Sacombank nói gì?"
STB,7/20/2023,14:44,Sacombank đạt hơn 4.700 tỷ đồng lợi nhuận trong 6 tháng đầu năm 2023
STB,7/14/2023,17:29,"Cùng chiều khối ngoại, tự doanh CTCK cũng bán mạnh cổ phiếu STB"
STB,6/13/2023,22:49,
STB,5/6/2023,15:59,"Dragon Capital mua thêm cổ phiếu Sacombank, nâng tỷ lệ sở hữu lên trên 6%"
STB,4/25/2023,18:49,Moody's nâng triển vọng xếp hạng tín nhiệm của Sacombank từ “ổn định” lên “tích cực”
STB,4/25/2023,9:42,Hơn 1.000 cổ đông đi họp đại hội cổ đông Sacombank hôm nay
STB,4/6/2023,10:31,"Sacombank dự kiến tăng 50% lợi nhuận trong năm nay, tiến sát mốc 10 nghìn tỷ"
STB,4/5/2023,15:19,Kết thúc tranh cãi về room ngoại tại Sacombank: Chốt ở mức 30% theo công bố của VSD
STB,2/23/2023,10:28,"Dragon Capital mới mua thêm 4 triệu cổ phiếu ACB, sau khi bán bớt STB"
STB,2/18/2023,11:14,"Nước ngoài bán ròng 13,4 triệu cổ phiếu STB khi vấn đề ""room"" ngoại tại Sacombank chưa ngã ngũ"
STB,2/17/2023,18:57,"Tiếp tục tranh cãi về room ngoại tại STB: Sacombank yêu cầu VSD chịu trách nhiệm, sẽ làm việc với NHNN để bảo vệ quyền lợi"
STB,2/17/2023,17:08,Dragon Capital bán ra cổ phiếu Sacombank (STB) và Kinh Bắc (KBC) khi thị giá hồi hàng chục phần trăm từ đáy
STB,2/16/2023,16:50,"Cổ phiếu ngân hàng tiếp tục tăng giá, khối ngoại bán ròng hơn 300 tỷ đồng tại STB trong 3 phiên vừa qua"
STB,2/16/2023,13:47,Lộ diện nhóm quỹ ngoại đã mua hơn 20 triệu cổ phiếu Sacombank trong 2 tháng qua
STB,2/16/2023,8:17,Tỷ lệ sở hữu nước ngoài tại Sacombank hiện tại là bao nhiêu?
STB,1/6/2023,13:52,"Liên tục ''gom'' cổ phiếu Sacombank, Dragon Capital tăng tỷ lệ sở hữu lên trên 6%"
STB,1/5/2023,17:17,Nhóm quỹ Dragon Capital gom thêm hàng triệu cổ phiếu DXG và STB cuối năm 2022
STB,12/8/2022,15:52,Lộ diện nhóm quỹ ngoại mới mua vào lượng lớn cổ phiếu Sacombank
STB,12/3/2022,11:13,"KBSV: Sacombank dự kiến bán 32,5% cổ phần tại VAMC cho nước ngoài trong năm 2023"
STB,9/23/2022,8:59,Đầu tư Thành Thành Công huy động vốn trái phiếu hàng trăm tỷ đồng
STB,8/5/2022,7:31,Nhóm Dragon Capital mua ròng hơn 19 triệu cổ phiếu STB trong 1 tháng
STB,7/26/2022,17:32,"Sacombank lãi trước thuế hơn 2.900 tỷ đồng trong 6 tháng đầu năm, tỷ lệ nợ xấu giảm mạnh xuống 1,22%"
STB,7/5/2022,10:41,Dragon Capital gom thêm cổ phiếu Sacombank
STB,7/1/2022,17:22,Sacombank tái bổ nhiệm bà Nguyễn Đức Thạch Diễm làm Tổng giám đốc
STB,6/18/2022,1:29,Hàng loạt công ty chứng khoán nhận định cổ phiếu ngân hàng đã về vùng giá hấp dẫn
STB,5/18/2022,19:19,"SHB, STB tiếp tục tăng kịch trần, khối ngoại gom ròng HDB và OCB phiên thứ 4 liên tiếp"
STB,4/23/2022,6:48,Các chủ tịch ngân hàng nói gì khi cổ phiếu liên tục lao dốc?
STB,4/22/2022,11:24,"Sacombank đã xử lý được 2.600 tỷ đồng cho vay hệ sinh thái FLC, trong 1 tháng nữa sẽ thu hồi hết nợ của FLC"
STB,4/22/2022,10:59,Ông Dương Công Minh: Trong năm 2022 sẽ xử lý dứt điểm khoản nợ liên quan KCN Phong Phú
STB,4/22/2022,7:21,"Sacombank có lợi nhuận giữ lại gần 9.000 tỷ đồng, sẵn sàng chia cổ tức cho cổ đông"
STB,3/20/2022,21:16,Sacombank muốn thu về tối thiểu 14.577 tỷ đồng từ 18 khoản nợ liên quan KCN Phong Phú
STB,3/10/2022,11:05,"Được ví là ''công chúa ngủ trong rừng'', giới phân tích kỳ vọng gì về cổ phiếu Sacombank?"
STB,2/14/2022,16:00,"Cổ phiếu ngân hàng ''rực lửa'' phiên Valentine, STB và LPB giảm sàn"
STB,2/4/2022,14:54,"Nợ xấu của Sacombank cuối năm 2021 chỉ còn 1,47%, lợi nhuận 4.400 tỷ"
STB,1/18/2022,16:30,Gần 420 triệu cổ phiếu STB được sang tay chỉ trong hơn 2 tuần
STB,1/17/2022,11:18,Cổ phiếu Sacombank ''nổi sóng'': Lập đỉnh mới với hơn 335 triệu cổ phiếu được sang tay trong 9 phiên giao dịch đầu năm
STB,10/5/2021,16:38,"Cổ phiếu ngân hàng lại ngập sắc xanh, STB dẫn đầu sóng, SHB chia tay sàn HNX ấn tượng"
STB,8/27/2021,17:06,Thu nhập bình quân nhân viên Sacombank lần đầu tiên chạm mốc 30 triệu đồng/tháng
STB,7/30/2021,15:57,"Sacombank đã bán xong hơn 81,5 triệu cổ phiếu quỹ, thặng dư vốn gần 1.700 tỷ đồng"
STB,7/29/2021,20:25,Sacombank dự kiến thoái toàn bộ vốn tại Công ty chứng khoán SBS
STB,7/9/2021,11:20,Khối ngoại đã mua ròng hơn 12 triệu cổ phiếu STB từ đầu tháng 7 tới nay
STB,6/21/2021,7:07,"“Quota"" tín dụng của Sacombank nâng mức cao nhất"
STB,6/8/2021,14:06,Sacombank thoái sạch vốn tại doanh nghiệp sản xuất bao cao su
STB,4/9/2021,11:16,"Kienlongbank đặt mục tiêu năm 2021 lãi gấp hơn 6 lần 2020, cổ tức 17%"
STB,4/7/2021,13:40,Khối ngoại mua ròng gần 15 triệu cổ phiếu STB trong hơn một tuần
STB,4/1/2021,20:06,Kienlongbank đã bán xong cổ phiếu STB?
STB,3/31/2021,12:57,Sacombank còn gần 2.500 tỷ đồng tài sản chờ thanh lý
STB,3/30/2021,16:03,Giao dịch kỷ lục gần 100 triệu cổ phiếu STB
STB,3/30/2021,13:48,"SHB ngừng tăng trần, STB ""nổi sóng"""
STB,1/30/2021,17:33,"Kienlongbank thay chủ tịch HĐQT, đã bán lượng lớn cổ phiếu Sacombank trong tháng 1"
STB,11/10/2020,16:32,Giao dịch thỏa thuận cổ phiếu một ngân hàng
STB,10/7/2020,14:57,SSI Research ước tính lợi nhuận của 33 doanh nghiệp trong quý III
STB,9/27/2020,19:55,10 cổ phiếu tăng/giảm mạnh nhất tuần: STB và OGC gây bất ngờ
STB,9/22/2020,20:17,Thaco phủ nhận tin đồn mua cổ phần Sacombank
STB,6/5/2020,15:03,Sacombank lãi hơn 1.300 tỷ đồng trong 5 tháng đầu năm
STB,6/5/2020,9:34,"ĐHCĐ Sacombank: Đại hội trực tuyến, cổ đông chất vấn nhiều câu hỏi ""nóng"""
STB,5/27/2020,9:15,"Sacombank đặt mục tiêu tổng tài sản tăng lên 498.000 tỷ đồng trong năm nay, lợi nhuận ""phấn đấu bằng năm 2019"""
STB,2/17/2020,21:50,Một cá nhân bị phạt do không báo cáo trước khi giao dịch cổ phiếu STB
STB,2/17/2020,10:03,"Sau lần 1 thất bại, Kienlongbank chào bán hơn 176 triệu cổ phiếu STB của Sacombank lần thứ 2, giá hạ xuống 21.600 đồng/cổ phiếu"
STB,1/22/2020,11:01,"Kienlongbank chào bán hơn 176 triệu cổ phiếu STB của Sacombank, giá khởi điểm 24.000 đồng/cp"
STB,12/19/2019,8:34,Sacombank ước lãi 3.180 tỷ đồng trong năm 2019
STB,10/8/2019,1:17,"Lợi nhuận của Sacombank tăng gần 90% trong 9 tháng đầu năm, đạt xấp xỉ 2.500 tỷ đồng"
STB,8/6/2019,11:25,Sacombank báo lãi 1.938 tỷ đồng trong 7 tháng đầu năm
STB,5/2/2019,7:45,Lộ diện những doanh nghiệp có lợi nhuận “bứt phá” trong quý 1
STB,4/27/2019,18:06,"Nhẹ dần gánh nặng nợ xấu, Sacombank cận kề với Basel II"
STB,4/26/2019,10:52,"ĐHCĐ Sacombank: Mục tiêu lãi 2.650 tỷ, ông Dương Công Minh hứa không mua bất kỳ bđs nào của Sacombank"
STB,2/28/2019,14:47,"Chứng khoán Liên Việt muốn gom 1,8 triệu cổ phiếu STB"
STB,12/23/2018,16:50,"Sacombank báo vượt 20% kế hoạch lợi nhuận 2018, nợ xấu xuống dưới 3%"
STB,10/18/2018,21:03,Sacombank được mở 4 chi nhánh ở các tỉnh phía Bắc
STB,9/9/2018,21:43,2 Phó Tổng giám đốc của Sacombank từ nhiệm
STB,7/19/2018,16:03,"Kienlongbank: Lãi ròng 121 tỷ đồng trong 6 tháng đầu năm, đang đầu tư hơn 230 tỷ vào cổ phiếu Sacombank và Maritime Bank"
STB,4/25/2018,9:26,Eximbank lãi 648 tỷ đồng nhờ thoái vốn khỏi Sacombank
STB,4/20/2018,22:58,Sacombank sẽ trở lại sớm hơn dự kiến
STB,4/20/2018,9:49,"ĐHCĐ Sacombank: Xin sửa đề án tái cơ cấu để trả cổ tức cho cổ đông, mục tiêu lãi hơn 1.800 tỷ"
STB,4/20/2018,9:00,Cựu sếp LienVietPostBank tham gia Hội đồng quản trị Sacombank
STB,3/6/2018,23:19,Một sếp Sacombank bán ra hơn 253.000 cổ phiếu
STB,2/3/2018,14:24,Phó tổng giám đốc Sacombank đăng ký bán hơn 263.000 cổ phiếu
STB,1/19/2018,20:39,Ông Dương Công Minh không mua được thêm cổ phiếu Sacombank nào như kế hoạch
STB,1/16/2018,17:28,"Eximbank liên tục bán cổ phiếu Sacombank, tỷ lệ sở hữu giảm mạnh xuống còn 5,41%"
STB,12/31/2017,10:00,"Eximbank bán tiếp hơn 1,3 triệu cổ phiếu Sacombank"
STB,12/22/2017,23:01,"Tỷ lệ nợ xấu của Sacombank giảm mạnh từ 6,68% xuống còn 4,4%"
STB,12/11/2017,13:54,"Ông Dương Công Minh đã mua xong 2 triệu cổ phiếu Sacombank, nâng sở hữu lên hơn 62 triệu cổ phiếu"
STB,12/7/2017,23:35,"Eximbank vừa bán gần 5 triệu cổ phiếu Sacombank, giảm tỷ lệ sở hữu xuống dưới 9%"
STB,11/29/2017,7:41,Cổ đông Sacombank KHÔNG đồng ý đổi mã chứng khoán từ STB sang SCM
STB,11/3/2017,16:07,Ông Dương Công Minh đăng ký mua tiếp 2 triệu cổ phiếu STB
STB,11/3/2017,9:21,"Chủ tịch Sacombank Dương Công Minh đã mua thành công 1,2 triệu cổ phiếu STB"
STB,10/23/2017,22:04,"Ông Dương Công Minh quyết mua thêm 1,2 triệu cổ phần của Sacombank"
STB,10/23/2017,14:21,"Vừa làm Phó TGĐ Sacombank, ông Phan Quốc Huỳnh vừa kiêm nhiệm ghế Chủ tịch tại 2 công ty con"
STB,10/23/2017,9:28,"Lời hứa ""nghìn tỷ"" của ông Dương Công Minh đã thành hiện thực"
STB,10/20/2017,16:32,Chủ tịch Công ty Sacombank - SBA thôi nhiệm
STB,10/14/2017,15:47,"Sau 9 năm gắn bó, Phó Tổng giám đốc Lý Hoài Văn thôi việc tại Sacombank"
STB,10/12/2017,7:33,Sacombank bổ sung nội dung lấy ý kiến cổ đông bằng văn bản
STB,10/11/2017,21:38,"Đổi tên cổ phiếu, dời sàn niêm yết: Sacombank nói gì?"
STB,10/11/2017,15:22,"VIC tăng hơn 5%, VPB ""nổ"" giá và khối lượng, kéo VN-Index tăng hơn 3 điểm"
STB,10/10/2017,15:17,Sacombank muốn đổi mã chứng khoán từ STB sang SCM và chuyển sàn niêm yết
STB,9/25/2017,15:03,Ông Dương Công Minh định chi hơn 200 tỷ để gom 18 triệu cổ phiếu Sacombank
STB,9/6/2017,18:22,Sacombank lại thay đổi nhân sự cấp cao
STB,8/22/2017,10:12,Hơn 20 nghìn tỷ lãi dự thu tăng trở lại trên BCTC bán niên sau soát xét của Sacombank
STB,8/9/2017,11:49,Sacombank đã rút sạch vốn khỏi Dịch vụ Hàng không Sân bay Nội Bài
STB,8/4/2017,19:00,"1 tháng ngồi ghế nóng Sacombank, ông Dương Công Minh đã làm được gì?"
STB,8/3/2017,8:45,Đại gia Trầm Bê và bức boong-ke bị vỡ
STB,8/1/2017,17:55,Sacombank nói gì về việc hai cựu lãnh đạo bị bắt?
STB,7/22/2017,21:19,Ông Dương Công Minh quyết thưởng nóng 1 tháng lương và nâng lương cho hơn 17.000 nhân sự Sacombank ngay từ tháng 7
STB,7/21/2017,15:46,Sacombank (mẹ): Lợi nhuận 6 tháng đầu năm 2017 gấp gần 9 lần cùng kỳ năm trước
STB,7/6/2017,17:07,Sacombank bổ nhiệm Phó tổng giám đốc phụ trách Quản lý rủi ro
STB,7/5/2017,16:35,"Sacombank ước lãi 428 tỷ đồng trong 6 tháng đầu năm, tăng 70% so với cùng kỳ"
STB,7/5/2017,9:09,Ông Hà Tôn Trung Hạnh không còn là Phó Tổng giám đốc Sacombank
STB,7/3/2017,16:39,"Một mình ""cánh én nhỏ"" Dương Công Minh liệu có làm nên ""mùa Xuân""?"
STB,6/30/2017,11:40,ĐHĐCĐ Sacombank: Ông Dương Công Minh làm chủ tịch Sacombank
STB,6/30/2017,11:05,Một cổ đông Sacombank lên tiếng gay gắt hỏi ông Trầm Bê đâu?
STB,6/30/2017,9:20,Ứng viên trẻ tuổi nhất vào HĐQT Sacombank từng là Trợ lý của ông Đặng Văn Thành
STB,6/28/2017,19:48,"Chốt danh sách ứng cử vào HĐQT Sacombank: Ông chủ Him Lam xuất hiện, ""người cũ"" Đặng Văn Thành không có tên"
STB,6/23/2017,9:20,Lãnh đạo Sacombank xin giảm một nửa thù lao
STB,6/20/2017,10:13,Những khó khăn nào đang chờ Sacombank ở phía trước
STB,6/16/2017,11:44,"Cổ phiếu nhiều ngân hàng đang tìm về ""quá khứ vàng son"""
STB,6/15/2017,10:46,"Sacombank bị Moody's hạ xếp hạng nợ, tiền gửi dài hạn"
STB,6/14/2017,8:33,"5 tháng gần hoàn thành kế hoạch lợi nhuận cả năm, Sacombank chuẩn bị ồ ạt… Bắc tiến"
STB,6/9/2017,17:13,Tránh sở hữu chéo ông Dương Công Minh có bắt buộc phải thoái vốn tại LienVietPostBank?
STB,6/5/2017,13:50,Sacombank sẽ đề cử bổ sung 2 ứng cử viên HĐQT để kịp tiến độ tổ chức ĐHĐCĐ
STB,5/17/2017,14:21,SSI Retail Research: STB và NVL có thể được thêm vào danh mục của FTSE ETF
STB,4/27/2017,15:10,"""Đại gia"" Gia Lai DLG và QCG tăng trần, VN-Index tăng 6,5 điểm nhờ VNM, GAS và PLX"
STB,4/26/2017,15:22,"Lộ diện loạt nhân sự đến từ Vietcombank và Him Lam ứng cử vào HĐQT, BKS Sacombank"
STB,4/20/2017,22:03,"Sacombank: Lợi nhuận quý I tăng mạnh 55% lên 309 tỷ đồng, tỷ lệ nợ xấu giảm còn 4,88%"
STB,4/17/2017,7:30,Sacombank có gì “hot”?
STB,3/10/2017,7:34,Các sếp ngân hàng mạnh tay gom cổ phiếu
STB,1/23/2017,8:37,“Hiện tượng” Sacombank và ACB
STB,12/22/2016,14:16,Tổng tài sản của Sacombank lên gần 326 nghìn tỷ đồng
STB,12/7/2016,9:40,10 doanh nghiệp khuynh đảo sàn chứng khoán năm 2006 giờ ra sao?
STB,9/18/2016,9:10,STB – Thời oanh liệt nay còn đâu
STB,4/30/2016,20:50,Sacombank xin hoãn tổ chức ĐHĐCĐ sang tháng 6
STB,3/24/2016,11:43,Vicostone chia thưởng bằng cổ phiếu quỹ: Nhất định phải điều chỉnh giá tham chiếu!
STB,12/2/2015,7:39,Mía đường Tây Ninh: BHS và SBT nắm giữ 41% vốn điều lệ sau cổ phần hóa
STB,11/16/2015,11:42,"Sacombank chi trả cổ phiếu tương đương 38,75% vốn điều lệ"
STB,10/25/2015,15:16,Eximbank sắp thoái vốn khỏi Sacombank
STB,10/23/2015,15:56,Eximbank thôi cử người đại diện vốn góp tại Sacombank
STB,10/2/2015,17:09,CEO Southernbank làm Phó TGĐ Sacombank sau sáp nhập
STB,10/1/2015,16:10,SouthernBank và Sacombank ký biên bản bàn giao sáp nhập chính thức
STB,8/13/2015,15:17,NHNN chính thức chấp thuận cho Southern Bank sáp nhập vào Sacombank
STB,7/27/2015,11:36,Ngân hàng VN đầu tiên nhận khoản vay 50 triệu USD từ Cathay United Bank
STB,7/14/2015,19:50,Southern Bank về Sacombank như “gả con gái cho đại gia có đạo đức”
STB,7/11/2015,12:51,Đại diện Eximbank: Cổ đông Sacombank cần quan tâm đến đầu tư lâu dài
STB,7/11/2015,8:16,Sacombank tổ chức ĐHCĐ bất thường nhận sáp nhập Southern Bank
STB,6/29/2015,15:50,"Đề án sáp nhập Phương Nam vào Sacombank: Tỷ lệ hoán đổi cổ phiếu 1: 0,75"
STB,6/5/2015,16:29,"Review FTSE Vietnam Index: STB quay trở lại, PPC bị loại khỏi danh mục"
STB,4/21/2015,11:39,Sacombank sẽ thành lập thêm công ty tài chính và công ty bảo hiểm
STB,4/21/2015,9:53,ĐHCĐ Sacombank: Cổ đông đề nghị đẩy nhanh tiến độ chia cổ tức
STB,3/31/2015,10:48,BVSC dự báo lợi nhuận trước thuế của Sacombank năm 2015 là 2.878 tỷ đồng
STB,3/9/2015,22:17,"WSS, PVS, DLC, STB: Thông tin giao dịch lượng lớn cổ phiếu"
STB,2/22/2015,10:10,"Sacombank: Năm 2014 tuyển thêm gần 1.000 nhân sự, lợi nhuận trước thuế hơn 2.800 tỷ đồng"
STB,2/1/2015,19:48,Chứng khoán Beta tiếp tục đăng ký bán 1 triệu cổ phiếu Sacombank
TPB,9/11/2024,10:20,Một ngân hàng chuẩn bị chốt quyền trả cổ tức 20%
TPB,7/30/2024,7:54,Công bố 10 Ngân hàng tư nhân nộp ngân sách lớn nhất Việt Nam
TPB,5/27/2024,13:07,"TPBank liên tục được đánh giá tích cực, xếp hạng tín nhiệm với triển vọng “Ổn định”"
TPB,3/7/2024,11:01,TPBank dự chi 90 tỷ đồng để gom thêm 9 triệu cổ phiếu của Chứng khoán Tiên Phong
TPB,10/20/2023,19:48,"TPBank lãi trước thuế gần 5.000 tỷ đồng trong 9 tháng đầu năm, cho vay khách hàng tăng 12%"
TPB,5/31/2023,15:36,Một ngân hàng thông báo ngày chốt danh sách cổ đông chia cổ tức hơn 39%
TPB,5/26/2023,14:04,TPBank được NHNN cho phép tăng vốn lên hơn 22.000 tỷ đồng
TPB,4/26/2023,9:42,"ĐHCĐ TPBank: Dự kiến trả cổ tức hơn 39%, mua lại công ty quản lý quỹ"
TPB,4/6/2023,10:28,"TPBank đặt mục tiêu lãi 8.700 tỷ trong năm 2023, dự kiến đạt trên 21.000 tỷ vào năm 2028"
TPB,3/21/2023,10:26,Công đoàn Ngân hàng TPBank tăng nắm giữ cổ phiếu TPB
TPB,3/1/2023,9:46,FPT Capital đã bán toàn bộ cổ phiếu TPB nắm giữ
TPB,1/11/2023,12:19,Thêm ngân hàng có kế hoạch trả cổ tức bằng tiền mặt trong năm 2023
TPB,11/2/2022,14:23,FPT Capital 'lướt sóng' cổ phiếu TPB
TPB,10/7/2022,19:14,Một quỹ đầu tư vừa mua khớp lệnh 1 triệu cổ phiếu TPBank
TPB,5/7/2022,11:05,"Thấy gì sau 10 năm ""lột xác"" ở TPBank?"
TPB,4/28/2022,16:54,"Cổ phiếu ngân hàng nhỏ bật tăng, hai mã xanh hơn 5%"
TPB,2/23/2022,22:13,Mối quan hệ thân thiết giữa Bamboo Capital và TPBank
TPB,1/6/2022,11:03,Sếp TPBank vừa bán xong cổ phiếu tại vùng giá cao nhất kể từ khi niêm yết
TPB,12/22/2021,18:03,"Con gái Phó Chủ tịch TPBank mua xong 1 triệu cổ phiếu trước ngày chia thưởng, nâng khối tài sản lên hơn 1.800 tỷ"
TPB,12/18/2021,6:44,Sếp lớn ngân hàng và người nhà đua mua bán cổ phiếu dịp cuối năm
TPB,12/14/2021,21:01,"Con gái Phó Chủ tịch TPBank muốn mua thêm 1 triệu cổ phiếu, nâng khối tài sản tại ngân hàng lên hơn 1.800 tỷ đồng"
TPB,12/9/2021,14:42,Thêm lãnh đạo TPBank muốn bán bớt cổ phiếu TPB khi giá ở vùng đỉnh
TPB,11/26/2021,20:04,Phó TGĐ TPBank muốn bán bớt cổ phiếu TPB khi giá ở vùng đỉnh lịch sử
TPB,11/26/2021,9:24,"Nhựa Tân Phú (TPP) chào bán 10 triệu cổ phiếu giá 10.000 đồng, tăng vốn điều lệ lên gấp rưỡi"
TPB,11/23/2021,14:30,"Cổ phiếu ngân hàng đồng loạt đưa cổ đông ""về bờ"", tâm điểm thời gian tới là gì?"
TPB,11/23/2021,7:00,"Cổ phiếu phá đỉnh lịch sử, chuyển đổi số đang mang về ''quả ngọt'' cho TPBank"
TPB,11/20/2021,10:43,Con gái Phó Chủ tịch TPBank đã chi hàng chục tỷ mua cổ phiếu TPB
TPB,11/9/2021,10:11,Cổ đông ngoại mua xong hơn 24 triệu cổ phiếu TPB
TPB,10/29/2021,15:56,"Cổ đông LPB hụt hẫng vì ""bị đánh úp"" phiên ATC, cổ đông SHB, MSB và ACB hân hoan khi giá tăng bất ngờ"
TPB,10/5/2021,13:41,Nhà đầu tư vừa sang tay 20 triệu cổ phiếu TPB giá kịch trần 44.900 đồng/cp
TPB,9/30/2021,22:05,"Hai cá nhân bị phạt do giao dịch cổ phiếu ABB, TPB không đúng quy định"
TPB,9/23/2021,17:24,"Nhiều cổ phiếu ngân hàng tăng mạnh trở lại, KLB tăng hơn 14% kèm khối lượng bùng nổ, BVB gây ""sốc"""
TPB,9/12/2021,21:13,TPBank được mở mới 5 chi nhánh và 5 phòng giao dịch
TPB,9/8/2021,17:59,Triển vọng nào cho TPBank những tháng cuối năm?
TPB,8/30/2021,7:55,Một cá nhân bị phạt vì không báo cáo giao dịch cổ phiếu TPB
TPB,6/19/2021,18:33,"TPBank chính thức được chấp thuận tăng vốn điều lệ thêm 1.000 tỷ đồng, cơ hội để kinh doanh bứt phá"
TPB,6/7/2021,21:40,TPBank lên kế hoạch chào bán riêng lẻ 100 triệu cổ phiếu
TPB,6/1/2021,7:50,"Thị trường chứng khoán tăng ""phi mã"", nhiều doanh nghiệp đem bán cổ phiếu quỹ"
TPB,4/8/2021,9:49,"BVSC nâng dự báo lợi nhuận của TPBank, năm nay sẽ tăng trên 25%"
TPB,12/22/2020,16:10,"Tăng gần 50% trong 2 tháng, giá cổ phiếu TPBank lập đỉnh mới, vốn hóa đạt hơn 1,2 tỷ USD"
TPB,3/30/2020,19:25,TPBank đã mua xong 10 triệu cổ phiếu quỹ
TPB,1/20/2020,17:03,"VNFin Lead Index loại VND và TPB khỏi danh mục, giảm số lượng cổ phiếu xuống còn 12"
TPB,4/3/2019,11:42,Ngân hàng đầu tiên báo lãi quý 1 tăng mạnh
TPB,11/23/2018,11:42,TPBank nới room ngoại lên 30%
TPB,10/24/2018,17:24,TPBank thay đổi nhân sự cấp cao
TPB,5/29/2018,21:50,TPBank được chấp thuận mở thêm 5 chi nhánh và 6 phòng giao dịch
TPB,4/23/2018,10:19,"TPBank quyết tăng vốn lên trên 8.500 tỷ, mục tiêu lợi nhuận 2.200 tỷ trong năm 2018"
TPB,4/19/2018,16:49,Cổ phiếu TPBank chính thức chào sàn HOSE
TPB,4/4/2018,8:25,"Sau lên sàn, TPBank còn những tham vọng gì?"
TPB,3/27/2018,7:44,"""Soi"" ngân hàng sắp lên sàn: Vị thế của TPBank đang ở đâu trong hệ thống các TCTD?"
TPB,3/22/2018,19:03,TPBank chính thức được chấp thuận niêm yết trên HoSE
TPB,1/22/2018,16:19,"Năm 2017: TPBank lãi ròng gần 1.000 tỷ, tổng tài sản vượt 120.000 tỷ đồng"
VIB,12/31/2024,7:43,VIB từ thấu hiểu đến chạm vào cảm xúc khách hàng
VIB,12/30/2024,7:46,Nhật ký thẻ VIB: Điểm chạm ý nghĩa trên hành trình cá nhân hóa trải nghiệm thẻ
VIB,12/27/2024,9:38,Một Phó Tổng Giám đốc ngân hàng dự chi hơn 200 tỷ mua cổ phiếu VIB
VIB,12/27/2024,8:00,VIB là ngân hàng số 1 về chi tiêu thẻ Mastercard trong năm 2024
VIB,12/26/2024,8:00,VIB hiện thực hóa hàng vạn giấc mơ an cư với gói vay linh hoạt bậc nhất thị trường
VIB,12/24/2024,8:00,Mùa lễ hội rộn ràng cùng MyVIB: 20 triệu quà tặng cùng cơ hội lái Mercedes về nhà
VIB,12/23/2024,7:43,Tận hưởng những trải nghiệm độc đáo mùa lễ hội với thẻ tín dụng VIB
VIB,12/19/2024,9:00,VIB nhận giải Đột phá cá nhân hóa trải nghiệm thẻ với AI từ Visa
VIB,12/16/2024,10:50,"“Chọn số đẹp, bật phong cách” cho thẻ của bạn cùng VIB"
VIB,12/13/2024,8:00,Giải mã bộ tác phẩm “Trăm sông về biển lớn” VIB dành tặng khách hàng tiền gửi
VIB,12/12/2024,13:30,“VIB dẫn đầu xu thế thẻ” trở thành fanchant trong concert Anh Trai “Say Hi”
VIB,12/11/2024,8:00,Ngân hàng đầu tiên tại Việt Nam tích hợp GenAI của AWS cho ứng dụng ngân hàng số
VIB,12/10/2024,19:46,Ba ngân hàng chuẩn bị họp đại hội cổ đông
VIB,12/9/2024,14:25,Thể hiện phong cách riêng: Nhận giải thưởng giá trị cùng tính năng Cá nhân hóa thiết kế thẻ của VIB
VIB,12/6/2024,13:30,VIB kết hợp Bùi Công Khánh tặng khách hàng tiền gửi tác phẩm độc quyền “Trăm sông về biển lớn”
VIB,12/4/2024,7:46,VIB ra mắt bộ thẻ tín dụng cá nhân hóa Quang Hùng MasterD Limited Edition
VIB,12/2/2024,17:14,"VIB và Techcombank hưởng lợi gì khi tài trợ cho Anh trai ""say Hi"" và Anh trai vượt ngàn chông gai?"
VIB,11/29/2024,7:52,"Săn vé máy bay Tết siêu tiết kiệm cùng MyVIB - Giảm đến 2,5 triệu đồng"
VIB,11/27/2024,7:42,Bí quyết “săn sale” Black Friday cả khi lương chưa về với thẻ tín dụng VIB
VIB,11/25/2024,8:00,Giải mã sức hút của gói cho vay mua nhà linh hoạt bậc nhất thị trường
VIB,11/25/2024,0:00,"Loạt lãnh đạo ngân hàng, người liên quan đăng ký mua lượng lớn cổ phiếu"
VIB,11/22/2024,7:27,Thanh toán QR code qua thẻ tín dụng với MyVIB: Tiện lợi và linh hoạt tối đa
VIB,11/21/2024,16:44,Vợ và con gái Phó Chủ tịch VIB dự chi hàng trăm tỷ đồng mua lượng lớn cổ phiếu ngân hàng
VIB,11/20/2024,9:14,"Kỷ niệm 6 năm đổi mới mảng thẻ, VIB dành tặng hàng trăm đặc quyền cho khách hàng"
VIB,11/19/2024,8:02,"Hàng chục ngàn khách hàng VIB đang săn cơ hội gặp gỡ Anh Trai, bạn sẵn sàng nhập hội chưa?"
VIB,11/15/2024,15:34,Nữ đại gia đứng sau doanh nghiệp 6 tháng tuổi vừa chi 300 tỷ nắm vốn VIB là ai?
VIB,11/15/2024,9:42,Một doanh nghiệp buôn thực phẩm vừa chi hàng trăm tỷ mua cổ phần ngân hàng VIB
VIB,11/15/2024,8:00,Công nghệ đang thay đổi chiếc thẻ ngân hàng ra sao
VIB,11/14/2024,7:47,VIB hợp tác với Flywire cung cấp giải pháp thanh toán quốc tế tiện lợi cho người Việt
VIB,11/12/2024,20:54,Phó Tổng Giám đốc VIB vừa chi hơn 50 tỷ mua cổ phiếu ngân hàng
VIB,11/11/2024,8:06,"VIB chuyển đổi website sang nền tảng đám mây AWS, bước tiến trong chiến lược Cloud First, AI First"
VIB,11/8/2024,8:40,VIB “Say hi Hà Nội”: mang cơ hội giao lưu Anh trai cùng vé concert 3 miễn phí đến tận tay fan hâm mộ
VIB,11/4/2024,17:30,Phó Tổng giám đốc VIB đăng ký mua 3 triệu cổ phiếu
VIB,11/4/2024,7:39,Giới trẻ đổi mới thói quen tiêu dùng và quản lý tài chính cùng ngân hàng số MyVIB
VIB,11/1/2024,21:11,HoSE loại bỏ giao dịch bán cổ phiếu VIB của chị dâu Chủ tịch HĐQT Đặng Khắc Vỹ
VIB,10/30/2024,13:19,"Ngân hàng nước ngoài ""xả"" hơn 300 triệu cổ phiếu VIB, thu về 5.300 tỉ đồng"
VIB,10/29/2024,8:00,VIB: Cá nhân hóa là không có giới hạn
VIB,10/23/2024,7:34,Cá nhân hóa thiết kế thẻ theo nhu cầu: Dấu ấn sáng tạo Việt trên thị trường tài chính quốc tế
VIB,10/22/2024,13:00,"VIB: Lợi nhuận 9 tháng đạt 6.600 tỷ đồng, tín dụng tăng 12%, vượt trội trung bình ngành"
VIB,10/21/2024,8:02,"Đặt vé máy bay, khách sạn, xe khách trên MyVIB, tiết kiệm tới 3,5 triệu đồng"
VIB,10/18/2024,8:00,Cá nhân hóa thiết kế thẻ theo nhu cầu với Gen AI - Đậm cá tính và sáng tạo cùng VIB
VIB,10/17/2024,8:00,"Gói vay mua nhà lãi suất chỉ từ 5,9%/năm, miễn gốc 5 năm, thời hạn vay đến 30 năm"
VIB,10/9/2024,7:33,Khám phá Series Card Education của VIB – Bí quyết khai thác tối đa lợi ích thẻ tín dụng dành cho bạn!
VIB,10/4/2024,13:30,Hiện tượng chibi “lên ngôi” tại đêm nhạc Anh Trai Say Hi – Hứa hẹn bùng nổ cá tính với VIB
VIB,10/4/2024,12:21,"Một công ty buôn thực phẩm vừa chi nghìn tỷ mua cổ phiếu một ngân hàng: Mới thành lập được 1 tháng, hai cổ đông chủ chốt cũng là đại gia trên thị trường chứng khoán"
VIB,10/4/2024,11:09,"Lộ diện một ""cá mập"" nội vừa tung 1.200 tỷ đồng ôm hàng chục triệu cổ phiếu VIB"
VIB,10/2/2024,14:25,3 cách săn vé concert Anh Trai “Say Hi” đêm 2 miễn phí
VIB,10/1/2024,7:33,"VIB đưa ra giải pháp vay mua nhà phố, mua căn hộ linh hoạt bậc nhất thị trường"
VIB,9/30/2024,8:00,VIB ghi đậm dấu ấn dẫn đầu xu thế thẻ qua Anh Trai “Say Hi”
VIB,9/27/2024,8:13,"5 thứ chi tiêu đổ dồn 3 tháng cuối năm, làm sao để nhẹ đầu?"
VIB,9/24/2024,17:03,"Khối ngoại bất ngờ bán ròng hơn 148 triệu cổ phiếu, gần 5% vốn tại một ngân hàng, chuyện gì đang xảy ra?"
VIB,9/21/2024,18:24,Chủ tịch VIB Đặng Khắc Vỹ kiến nghị không nới lỏng các điều kiện cấp tín dụng để tăng trưởng tín dụng bằng mọi giá
VIB,9/20/2024,10:05,VIB cùng Diamond Plaza ưu đãi hoàn tiền đến 500k cho chủ thẻ
VIB,9/18/2024,8:00,VIB - Hành trình 28 năm sáng tạo và hướng tới triệu khách hàng Việt
VIB,9/13/2024,13:45,Thăng hạng trải nghiệm với chương trình “Mở Khóa Đặc Quyền 4.0” mới
VIB,9/10/2024,7:53,"Mừng 28 năm thành lập, VIB ưu đãi không giới hạn tri ân khách hàng"
VIB,9/6/2024,16:47,"Nhập hội MyVIB, ai cũng có cơ hội nhận vé Anh Trai “Say Hi” Concert 2024"
VIB,9/4/2024,8:13,Bay khắp thế giới với bộ đôi đặc quyền từ thẻ tín dụng VIB
VIB,8/27/2024,7:27,Tặng gói data 30 ngày với giá chỉ 1.000 VNĐ cho người dùng mới trên MyVIB
VIB,8/26/2024,13:00,Ba cách săn vé concert Anh Trai “Say Hi” miễn phí
VIB,8/20/2024,7:23,"“Mua ngay, góp nhẹ” cùng VIB: 0 lãi, 0 phí và ưu đãi đến 40%"
VIB,8/19/2024,7:29,"Thời điểm vàng để vay mua nhà tại VIB: vay 2 tỷ, chỉ cần trả 12,5 triệu/tháng trong 24 tháng đầu"
VIB,8/12/2024,8:00,"Case study: Cách VIB từ ""bắt trend"" đến ""tạo trend"" tại Anh Trai 'Say Hi'"
VIB,8/8/2024,7:30,"VIB dẫn đầu bảng xếp hạng ngân hàng được ""viral"" nhất mạng xã hội"
VIB,8/7/2024,7:30,MyVIB được vinh danh là Ứng dụng ngân hàng di động thân thiện nhất 2024
VIB,8/5/2024,8:00,Giải mã hệ sinh thái thẻ tín dụng của VIB
VIB,8/3/2024,9:29,Anh Tú Atus livestream kể chuyện du lịch và tặng quà cho khán giả
VIB,7/31/2024,14:13,Một ngân hàng sắp phát hành hơn 431 triệu cổ phiếu để thưởng cho cổ đông
VIB,7/31/2024,8:43,Tỷ suất lợi nhuận hấp dẫn: nhà phố và căn hộ cho thuê vẫn là kênh đầu tư tốt
VIB,7/29/2024,7:31,"VIB: Lợi nhuận đạt 4.600 tỷ, tín dụng và huy động vốn tăng trưởng 5% trong 6 tháng đầu năm 2024"
VIB,7/29/2024,0:00,Một ngân hàng thưởng số cổ phiếu trị giá hơn 230 tỷ cho nhân viên: Một nhân sự được thưởng gấp 4 lần tổng giám đốc
VIB,7/24/2024,8:00,"Mua nhà phố hay căn hộ chung cư, đến VIB lãi suất chỉ 5,9%, miễn gốc đến 5 năm"
VIB,7/16/2024,9:33,VIB khiến fan Anh Trai “Say Hi” nức lòng với bộ quà tặng phiên bản giới hạn
VIB,7/15/2024,7:31,"Vay VIB trả nợ ngân hàng khác: lãi suất cố định 2 năm chỉ còn 7,5%/năm, hỗ trợ giải ngân trước"
VIB,7/12/2024,9:16,Đâu là yếu tố giúp bạn nâng cao chất lượng cuộc sống?
VIB,7/11/2024,9:00,Tăng trưởng 200% thanh toán dịch vụ thiết yếu trên ứng dụng MyVIB
VIB,7/10/2024,8:00,"VIB ra mắt gói vay nhà phố 30.000 tỷ, lãi suất chỉ 5,9%, miễn trả gốc đến 48 tháng"
VIB,7/8/2024,7:52,"Ngân hàng đầu tiên của Việt Nam triển khai AWS Skill Builder, nâng cao năng lực điện toán đám mây"
VIB,7/1/2024,7:48,Học hỏi bí quyết chi tiêu tiết kiệm nhờ thẻ tín dụng của mẹ Việt
VIB,6/26/2024,7:45,VIB tri ân khách hàng nhân sự kiện vượt mốc 750.000 thẻ tín dụng
VIB,6/25/2024,14:09,"Chuyển tiền quốc tế miễn phí, nhanh chóng trên MyVIB"
VIB,6/19/2024,7:58,Cùng Bảo Thy ‘săn’ ưu đãi giảm đến 67% khi mua sắm bằng thẻ VIB
VIB,6/15/2024,8:14,VIB tung loạt ưu đãi thẻ hấp dẫn hưởng ứng 'Cashless Day 2024'
VIB,6/14/2024,8:19,VIB đồng hành cùng show truyền hình mới Anh Trai ‘Say Hi’
VIB,6/10/2024,5:56,Chăm sóc gia đình theo cách của Gen Z với ngân hàng số MyVIB
VIB,6/6/2024,9:06,Cùng VIB và 30 Anh Trai 'Say Hi' khuấy động mùa hè
VIB,5/31/2024,9:14,"Có 1,5 tỷ đồng, mua căn hộ cho thuê có khả thi?"
VIB,5/28/2024,8:20,Điểm hẹn Châu Á nào đáng trải nghiệm nhất mùa hè này?
VIB,5/27/2024,7:41,"Nhận kiều hối nhanh chóng, thuận tiện chỉ trong 1 phút với ngân hàng số MyVIB"
VIB,5/24/2024,7:30,Căn hộ chung cư: kênh đầu tư hấp dẫn trong bối cảnh lãi suất thấp
VIB,5/23/2024,8:43,Đón xem livestream của VIB và tận hưởng loạt ưu đãi giảm đến 65%
VIB,5/20/2024,19:25,Ba ngân hàng chuẩn bị họp cổ đông bất thường
VIB,5/20/2024,8:10,Thưởng thức ẩm thực 5 châu ngay tại Việt Nam với thẻ tín dụng VIB
VIB,5/17/2024,7:34,Rút ngắn thời gian chờ an cư nhờ ưu đãi miễn trả gốc 5 năm
VIB,5/15/2024,7:33,"4 khoản chi nâng cấp cuộc sống, trả góp dễ dàng đến 36 tháng"
VIB,5/10/2024,8:06,"Lương 25 triệu, tôi đã sở hữu căn hộ 3 tỷ như thế nào?"
VIB,5/9/2024,14:42,Cùng Mẹ dành những điều tốt nhất cho gia đình
VIB,5/8/2024,16:10,VIB đồng hành cùng sự kiện Chuyển đổi số ngành ngân hàng năm 2024
VIB,5/6/2024,15:55,Hơn 11 nghìn nhân viên VIB có thu nhập bình quân 95 triệu đồng/người trong quý 1
VIB,5/2/2024,15:26,VIB cùng hơn 150 thương hiệu lớn ưu đãi đến 40% cho chủ thẻ tín dụng
VIB,4/25/2024,8:10,VIB cùng các tài năng sáng tạo trẻ chinh phục thử thách digital tại Vietnam Young Lion 2024
VIB,4/24/2024,8:00,VIB - Chiến lược cá nhân hóa chi tiêu qua thẻ theo từng phân khúc khách hàng
VIB,4/23/2024,8:12,"Lãi suất vay chạm đáy, cách nào vay tiền ngân hàng mua nhà có lợi nhất?"
VIB,4/22/2024,8:00,"VIB: Doanh thu tăng 8%, lợi nhuận quý 1 đạt hơn 2.500 tỷ đồng"
VIB,4/19/2024,14:18,"Ngày 20 lại đến, bạn dự định chi tiêu gì với thẻ tín dụng?"
VIB,4/16/2024,7:29,Vay mua căn hộ chung cư ở ngân hàng nào có lợi nhất?
VIB,4/15/2024,15:42,"Loạt ô tô ngân hàng thanh lý giá siêu rẻ, bỏ ra 55 triệu là có thể sở hữu 1 chiếc"
VIB,4/14/2024,13:26,"Tuần tới, một ngân hàng sẽ chốt danh sách cổ đông để chia cổ tức tiền mặt"
VIB,4/12/2024,7:35,"Tặng 500.000 đồng và cộng thêm 0,3% lãi suất khi mở tiền gửi trực tuyến trên MyVIB"
VIB,4/10/2024,7:40,"Vay VIB mua ô tô Huyndai lãi suất 1,5%/năm, duyệt vay siêu tốc trong 15 phút"
VIB,4/9/2024,8:23,Xu hướng tài chính thông minh 2024: Nhân ba lợi ích trên số tiền nhàn rỗi
VIB,4/8/2024,22:17,VIB sắp chi hơn 1.600 tỷ trả cổ tức tiền mặt đợt 2
VIB,4/5/2024,8:13,Những nơi trốn nắng tránh nóng lý tưởng có thể bạn muốn biết
VIB,4/4/2024,7:26,"Giá chung cư tăng, vay căn hộ tại VIB lãi suất từ 5,9%, miễn trả gốc đến 5 năm"
VIB,4/2/2024,11:56,"Những con số ấn tượng về thẻ tín dụng, banca và ngân hàng số của VIB năm 2023"
VIB,4/2/2024,9:41,"ĐHĐCĐ VIB: Chia cổ tức tiền mặt và thưởng cổ phiếu tổng tỷ lệ 29,5%, kế hoạch lợi nhuận 12.045 tỷ đồng trong năm 2024"
VIB,4/1/2024,13:37,"Bí kíp ""hoàn 50%"" hóa đơn tiền điện mùa nắng nóng cùng MyVIB"
VIB,3/29/2024,7:52,MyVIB tiếp sức sáng tạo cho các tài năng trẻ Vietnam Young Lions mùa thứ ba liên tiếp
VIB,3/28/2024,8:00,"Vay căn hộ chung cư tại VIB: lãi suất từ 5,9%, miễn trả gốc 5 năm, 8h duyệt vay"
VIB,3/27/2024,8:41,Chương trình Mở khóa đặc quyền 4.0 của VIB phiên bản 2024 có gì mới?
VIB,3/19/2024,8:00,Ngân hàng số nào đang dẫn đầu trong việc ứng dụng công nghệ mới hiện nay?
VIB,3/14/2024,20:44,"VIB đặt mục tiêu lợi nhuận hơn 12.000 tỷ đồng, dự kiến chia cổ tức tiền mặt tỷ lệ 12,5% trong năm 2024"
VIB,3/11/2024,7:54,"Có thể trả một lần, vì sao nhiều chủ thẻ tín dụng vẫn chuộng trả góp?"
VIB,3/7/2024,7:32,MyVIB đứng số 1 về thảo luận ngân hàng số trên mạng xã hội Việt Nam năm 2023
VIB,3/6/2024,8:00,"VIB triển khai phương thức thanh toán qua Apple Pay đơn giản, an toàn và bảo mật"
VIB,3/4/2024,15:05,MyVIB - Bí quyết cho cuộc sống thảnh thơi trong năm mới
VIB,3/4/2024,15:05,Bứt phá kinh doanh cùng ưu đãi tài chính vượt trội từ VIB
VIB,2/26/2024,10:05,Vì sao làm chủ tài chính trong năm mới cần bắt đầu từ… chi tiêu?
VIB,2/23/2024,10:00,VIB triển khai dự án Core banking Temenos trên nền tảng đám mây AWS
VIB,2/20/2024,8:19,"Tăng giá bền vững, có nên vay ngân hàng để đầu tư bất động sản lúc này?"
VIB,2/19/2024,8:00,VIB và hành trình tiên phong về công nghệ thẻ tín dụng
VIB,2/16/2024,9:11,4 kinh nghiệm dùng thẻ tín dụng hữu ích từ các Finfluencers
VIB,2/16/2024,9:11,VIB lì xì tiền mặt cho khách hàng giao dịch đầu Xuân
VIB,2/12/2024,9:41,Thẻ tín dụng VIB tăng cao về mức độ nhận diện và thu hút thương hiệu
VIB,2/6/2024,9:56,VIB khẳng định vị thế top đầu với loạt giải thưởng từ Mastercard và Visa
VIB,2/6/2024,9:56,Mừng năm mới MyVIB lì xì 50% giá trị hóa đơn cho khách hàng thanh toán VnPay-QR
VIB,1/30/2024,7:38,"Lãi suất cho vay đang về mức thấp nhất, đã đến lúc an cư"
VIB,1/29/2024,8:25,Mẹo thanh toán online qua thẻ tín dụng sao cho tiết kiệm và an toàn
VIB,1/27/2024,12:19,"Hé lộ thù lao, lương thưởng năm 2023 của lãnh đạo LPBank, VIB, MSB, BVBank: Gấp bao nhiêu lần so với nhân viên thông thường?"
VIB,1/26/2024,8:43,VIB sBusiness - Gói tài khoản nhân 3 lợi ích tài chính cho hộ kinh doanh và doanh nghiệp siêu nhỏ
VIB,1/23/2024,8:30,"VIB: Doanh thu năm 2023 tăng trưởng 23%, lợi nhuận vượt 10.700 tỷ"
VIB,1/23/2024,0:00,"Thêm hai ngân hàng báo lãi vạn tỷ, dự kiến có 11 nhà băng đạt mốc này trong năm 2023"
VIB,1/22/2024,8:02,Cẩm nang Tết 2024: Bí quyết chi tiêu mà vẫn tiết kiệm với thẻ VIB
VIB,1/19/2024,7:47,Ba gợi ý giúp bạn sớm đạt mục tiêu tài chính trong năm 2024
VIB,1/18/2024,8:40,Những ngân hàng nào có thể sẽ chia cổ tức tiền mặt trong năm 2024?
VIB,1/17/2024,10:21,Hoàn tiền không giới hạn khi nhận kiều hối tại VIB
VIB,1/16/2024,8:11,VIB dành nhiều ưu đãi cho sinh viên Đại học Quốc tế Hồng Bàng khi thanh toán học phí
VIB,1/15/2024,7:50,Điểm danh 5 yếu tố cần thiết khi mở thẻ tín dụng
VIB,1/11/2024,8:55,Mở mới tài khoản Digi qua MyVIB nhận ưu đãi tới 50% khi thanh toán hóa đơn
VIB,1/11/2024,8:55,VIB mở rộng hình thức thanh toán qua Google Pay
VIB,1/8/2024,7:57,"Ứng dụng công nghệ thanh toán mới, giúp tăng hiệu quả bán hàng mùa Tết"
VIB,1/8/2024,7:51,"Ngân hàng đầu tiên trả cổ tức tiền mặt năm 2024, chốt danh sách cổ đông ngay trong tháng 1"
VIB,1/5/2024,8:07,"VIB đồng hành Giải thưởng Sách Quốc Gia, đóng góp tích cực vào các hoạt động tôn vinh tri thức và văn hóa Việt Nam"
VIB,1/2/2024,8:16,"Cảm ơn 5 năm đồng hành, VIB tặng hàng nghìn ưu đãi cho khách hàng"
VIB,1/2/2024,8:16,Xuất ngoại đầu năm mới với loạt ưu đãi đẳng cấp từ thẻ tín dụng VIB
VIB,12/25/2023,10:43,Đón chào năm 2024 với loạt ưu đãi thẻ tín dụng từ VIB
VIB,12/25/2023,10:43,Mẹo tiết kiệm chỉ các tín đồ du lịch mới biết
VIB,12/22/2023,8:16,VIB tặng đến 4.200.000 đồng cho chủ shop KiotViet mùa kinh doanh cuối năm
VIB,12/19/2023,8:39,VIB hòa nhịp cùng hàng chục nghìn khán giả tại The Masked Singer Vietnam All-Star Concert 2023
VIB,12/18/2023,8:19,Rộn ràng ưu đãi mùa cưới dành cho chủ thẻ VIB
VIB,12/14/2023,8:59,VIB dành nhiều ưu đãi cho khách hàng nhận kiều hối dịp cuối năm
VIB,12/13/2023,9:02,Ngân hàng nào có nhiều cơ hội cải thiện NIM khi nền kinh tế vượt qua giai đoạn khó khăn?
VIB,12/12/2023,8:00,"Khẳng định uy tín trên thị trường vốn quốc tế, VIB huy động thành công 280 triệu USD"
VIB,12/11/2023,7:30,Các thương hiệu lớn tung ưu đãi chào đón mùa mua sắm cuối năm
VIB,12/8/2023,7:55,Cùng VIB đón chờ sự kiện âm nhạc ngoài trời lớn nhất năm The Masked Singer All-Star Concert
VIB,12/7/2023,13:40,"Xuất hiện nhiều tín hiệu tích cực, ngân hàng nào có khả năng duy trì NIM ở mức cao trong thời gian tới?"
VIB,11/28/2023,8:00,VIB: Vì mỗi trải nghiệm của khách hàng đều đáng trân quý
VIB,11/27/2023,8:58,"VIB triển khai gói tín dụng cho vay kinh doanh lãi suất chỉ 5,5%/năm"
VIB,11/23/2023,8:00,VIB: Phát triển ngân hàng số theo triết lý “tối giản tài chính”
VIB,11/20/2023,10:00,VIB: Hành trình 5 năm dẫn đầu xu thế thẻ
VIB,11/16/2023,10:03,VIB hỗ trợ lãi suất 0% cho khách hàng vay vốn để trả nợ trước hạn
VIB,11/14/2023,7:40,VIB triển khai ưu đãi trọn gói cho khách hàng kinh doanh dịp cuối năm
VIB,11/13/2023,16:09,VIB dẫn đầu thị trường thẻ tín dụng ở nhiều chỉ tiêu
VIB,11/1/2023,7:55,Hoàn tiền đến 20% khi chi tiêu tại nước ngoài cùng VIB Mastercard
VIB,10/30/2023,10:00,Chi tiêu qua thẻ VIB dự kiến chạm mốc 4 tỷ USD trong năm 2023
VIB,10/28/2023,8:49,Chiến dịch tiếp thị sáng tạo của VIB thắng giải MMA SMARTIES VIETNAM
VIB,10/27/2023,7:51,"VIB: Lợi nhuận 9 tháng đạt trên 8.300 tỷ đồng, tăng trưởng 7% so với cùng kỳ"
VIB,10/16/2023,9:22,Các dòng thẻ được ưa chuộng nhất hiện nay của VIB
VIB,10/10/2023,16:40,Dấu ấn VIB trong gameshow Việt đầu tiên được vinh danh tại LHP quốc tế Busan
VIB,9/29/2023,9:36,Sự trở lại của show truyền hình tỷ view mang dấu ấn VIB
VIB,9/26/2023,10:21,Giảm ngay 2 triệu đồng khi mua iPhone 15 qua thẻ VIB
VIB,9/18/2023,15:20,VIB dẫn đầu ngành ngân hàng trong Top 50 Công ty kinh doanh hiệu quả nhất Việt Nam 2023
VIB,9/13/2023,15:38,VIB Super Card là dòng thẻ tín dụng mới tốt nhất Việt Nam năm 2023
VIB,8/29/2023,8:40,Ứng dụng công nghệ vào dịch vụ ngoại tệ dành cho khách hàng cá nhân
VIB,8/25/2023,7:21,Thẻ tín dụng VIB - lựa chọn hàng đầu cho chuyến du lịch nước ngoài
VIB,8/23/2023,8:11,VIB là nhà cung cấp dịch vụ ngoại tệ sáng tạo nhất cho khách hàng cá nhân
VIB,8/17/2023,8:49,"Thành viên HĐQT VIB đã mua 25 triệu cổ phiếu, giá trị 516 tỷ đồng"
VIB,8/17/2023,8:30,VIB Checkout - Công nghệ giúp người trẻ kinh doanh “cool” thế nào?
VIB,8/16/2023,8:00,Đặc quyền đẳng cấp cho hội viên “Mở khóa đặc quyền 3.0” từ VIB
VIB,8/15/2023,15:00,"Ứng dụng công nghệ trong kinh doanh, là thách thức hay công thức để thành công?"
VIB,8/11/2023,8:00,"VIB 4 lần xác lập kỷ lục Việt Nam, khẳng định vị thế tiên phong công nghệ"
VIB,8/10/2023,16:12,"Con trai chủ tịch VIB đã bán hơn 124 triệu cổ phiếu, giá trị gần 2.600 tỷ đồng"
VIB,8/3/2023,9:52,"Mùa du học đến gần, không còn nỗi lo phí chuyển tiền"
VIB,7/28/2023,10:00,Little Wallet cùng VIB thúc đẩy phát triển năng lực tài chính cho trẻ em Việt
VIB,7/28/2023,7:35,Giải pháp hỗ trợ kinh doanh giúp tiết kiệm hàng trăm triệu đồng chi phí
VIB,7/19/2023,9:32,"""Sếp"" VIB muốn mua vào 25 triệu cổ phiếu, trị giá hơn 500 tỷ đồng"
VIB,7/19/2023,0:24,Lai lịch công ty mới thành lập 4 ngày liên quan ông Đặng Khắc Vỹ sắp chi hơn 2.500 tỷ mua cổ phiếu VIB
VIB,7/18/2023,14:06,Công ty Funderra muốn mua hơn 124 triệu cổ phiếu VIB
VIB,7/10/2023,9:13,Khám phá dòng thẻ tín dụng đầu tiên cho phép người dùng tự chọn tính năng
VIB,7/3/2023,9:50,"Nhận voucher lãi suất tới 0,6% khi trải nghiệm thực tế tăng cường trên MyVIB"
VIB,6/29/2023,8:00,Forbes: 6 ngân hàng niêm yết tốt nhất Việt Nam 3 năm liền là ai?
VIB,6/27/2023,13:00,Ngân hàng số của VIB dẫn đầu thảo luận trên mạng xã hội
VIB,6/23/2023,16:14,Vì sao chuyên gia tài chính ảo sẽ là bước ngoặt lớn cho xu hướng cá nhân hóa dịch vụ ngân hàng?
VIB,6/19/2023,9:00,"Prudential Việt Nam và VIB tăng cường hợp tác, thiết lập chuẩn mực mới cho bancassurance"
VIB,6/16/2023,13:55,Meta vinh danh Chuyên gia tài chính ảo Vie của VIB là giải pháp sáng tạo nhất
VIB,6/15/2023,13:29,"ĐHCĐ bất thường VIB: Bầu thêm 1 thành viên Ban kiểm soát, cổ đông chốt thông qua một nội dung quan trọng khác"
VIB,6/15/2023,8:00,"VIB-IFC ký khoản vay mới, nâng tổng hạn mức tín dụng lên 450 triệu USD"
VIB,6/9/2023,20:30,Một ngân hàng thông báo chốt danh sách cổ đông trả thưởng 20% bằng cổ phiếu
VIB,6/9/2023,8:33,Bí quyết nhân 3 ưu đãi cho mỗi chi tiêu với thẻ tín dụng
VIB,6/8/2023,14:35,"Ngoài chủ tịch ACB, “thế hệ F2” của nhiều ông chủ ngân hàng cũng sở hữu khối tài sản khổng lồ"
VIB,6/5/2023,8:16,"Gia tăng tiện ích cho người dùng, MyVIB 2.0 mở rộng hệ sinh thái lên gần 180 nhà cung cấp"
VIB,6/1/2023,8:17,6 ngân hàng lọt Top 10 các Công ty Đại chúng uy tín và hiệu quả năm 2023
VIB,5/18/2023,8:10,Hoàn đến 100.000 đồng khi thanh toán hóa đơn tiền điện qua MyVIB 2.0
VIB,5/9/2023,9:00,Bỏ túi những mẹo cần thiết cho chuyến du lịch nước ngoài thêm vui
VIB,5/8/2023,13:49,"VIB tiếp tục giảm lãi suất cho vay về mức 8,5%/năm"
VIB,4/28/2023,11:14,REE chốt lời hàng triệu cổ phiếu VIB sau khi “bắt đáy” thành công
VIB,4/28/2023,8:16,Đề bài về MyVIB 2.0 có làm khó được các marketers tại Vietnam Young Lions 2023?
VIB,4/25/2023,9:16,"Kinh nghiệm mua ngoại tệ, chuyển tiền du học đơn giản và nhanh chóng"
VIB,4/24/2023,8:00,"VIB: Lãi quý 1 đạt 2.700 tỷ, tăng 18%, đang trả cổ tức 35% và ESOP"
VIB,4/14/2023,7:57,Đại hội cổ đông ngân hàng liên tục “nóng” chuyện trái phiếu
VIB,4/13/2023,8:11,Đã có thẻ tín dụng hoàn tiền đến 24 triệu đồng một năm
VIB,4/12/2023,7:56,Tiết kiệm đến 500.000 đồng/tháng khi thanh toán hóa đơn qua MyVIB 2.0
VIB,4/4/2023,8:36,Ra mắt ứng dụng MyVIB iDepo – giải pháp chuyển nhượng tiền gửi linh hoạt
VIB,4/3/2023,15:42,Nhiều nhà băng trả cổ tức bằng tiền mặt
VIB,4/3/2023,0:15,"Năng lượng và BĐS bị ""tắc"", REE chi gần 740 tỷ mua cổ phiếu VIB, tạm lãi hơn 100 tỷ chỉ sau vài tháng, bao giờ sẽ thoái vốn?"
VIB,4/2/2023,18:12,"Chốt năm 2022, ngân hàng nào dẫn đầu về doanh số bán bảo hiểm mới?"
VIB,3/29/2023,13:01,VIB hỗ trợ khách hàng cá nhân vay nhanh bổ sung vốn lưu động tới 15 tỷ đồng
VIB,3/28/2023,8:04,VIB Rewards Unlimited – dòng thẻ tín dụng được nhân 10 điểm thưởng không giới hạn khi mua sắm
VIB,3/27/2023,13:38,Cổ đông VIB chuẩn bị nhận cổ tức tiền mặt đợt 2 và thưởng 20% bằng cổ phiếu
VIB,3/24/2023,8:30,Chi tiêu nước ngoài không phí giao dịch ngoại tệ với thẻ VIB Travel Élite
VIB,3/15/2023,10:33,"VIB sẽ trả cổ tức 15% bằng tiền và 20% bằng cổ phiếu trong năm nay, năm sau dự kiến trả trên 30%"
VIB,3/15/2023,10:07,Những con số ấn tượng được công bố tại ĐHCĐ 2023 của VIB
VIB,3/13/2023,14:18,Trúng chuyến du lịch Dubai khi gửi tiền trực tuyến iDepo trên MyVIB 2.0
VIB,3/13/2023,8:00,"VIB: Hiệu quả kinh doanh top đầu, ĐHĐCĐ dự kiến duyệt kế hoạch cổ tức và tăng vốn"
VIB,3/7/2023,11:23,Ông nội sang tay cho các cháu số cổ phiếu ngân hàng trị giá cả nghìn tỷ đồng?
VIB,2/24/2023,10:35,"VIB dự kiến chia cổ tức tiền mặt tỷ lệ 15%, thưởng cổ phiếu 20% cho cổ đông trong năm nay"
VIB,2/23/2023,17:59,"Cổ phiếu ngân hàng hồi phục ngoạn mục, nhiều mã tăng 4 - 5% chỉ trong 30 phút cuối phiên"
VIB,2/23/2023,13:00,Ngân hàng nào nổi bật nhất trên mạng xã hội năm 2022?
VIB,2/20/2023,9:52,Kết hợp tích lũy và chi tiêu hiệu quả với giải pháp sáng tạo từ VIB
VIB,2/17/2023,13:00,Đặc quyền dành riêng cho chủ thẻ tín dụng trên ngân hàng số MyVIB 2.0
VIB,2/17/2023,9:12,"Sau kiểm toán, lợi nhuận VIB tăng 32% so với cùng kỳ, ROE đạt trên 30% trong 3 năm liên tiếp"
VIB,2/9/2023,10:50,Hôm nay VIB giao dịch không hưởng quyền nhận cổ tức 10% bằng tiền mặt
VIB,2/8/2023,11:42,Digi Invoice – Giải pháp giúp chủ shop tối ưu hiệu quả bán hàng
VIB,2/6/2023,8:00,"Gây sốt với dòng thẻ mới, VIB tiếp tục khẳng định vị thế của người dẫn đầu xu thế"
VIB,2/3/2023,21:31,"Con gái Phó Chủ tịch VIB đăng ký mua 3,5 triệu cổ phiếu"
VIB,2/2/2023,11:37,"Lượng khách hàng mới tăng chóng mặt, có hơn 10% dân số dùng Techcombank, hơn 20% dân số sử dụng MB"
VIB,1/31/2023,14:57,REE bất ngờ gom 38 triệu cổ phiếu VIB?
VIB,1/31/2023,8:07,Đăng ký thẻ tín dụng trên MyVIB 2.0 chỉ trong 1 phút
VIB,1/30/2023,8:00,"Chuẩn bị săn ""siêu sale"" Lazada đầu tiên của năm 2023, giảm tiền triệu, hoàn đến 50% với VIB LazCard"
VIB,1/23/2023,9:49,Ưu đãi du xuân đến 40% từ thẻ tín dụng VIB Travel Elite
VIB,1/18/2023,10:30,"VIB: Lợi nhuận năm 2022 tăng 32%, ROE liên tục đạt trên 30%"
VIB,1/12/2023,8:00,"Bí kíp sắm Tết online hưởng siêu ưu đãi đến 50% giảm giá, hoàn tiền và freeship"
VIB,1/9/2023,15:30,Cú hích của VIB vào thị trường mua sắm online
VIB,1/3/2023,8:00,VIB ra mắt thẻ đồng thương hiệu LazCard hoàn đến 50% trên Lazada
VIB,12/31/2022,10:00,Top 3 ưu đãi thu hút tín đồ mua sắm online
VIB,12/31/2022,9:03,Dòng thẻ tín dụng nào tốt nhất để chi tiêu ở nước ngoài?
VIB,12/30/2022,8:42,Những con số ấn tượng về chuyển đổi số của ngành ngân hàng năm 2022
VIB,12/29/2022,7:45,"Đang có một loại thẻ tín dụng lãi suất chỉ từ 0%/năm, lại được cấp hạn mức đến hơn nửa tỷ"
VIB,12/28/2022,8:00,VIB đứng đầu Top các ngân hàng hiệu quả nhất năm 2022
VIB,12/27/2022,8:09,"Ngân hàng số MyVIB cán mốc 2,5 triệu người dùng trong năm 2022"
VIB,12/26/2022,9:35,Bí quyết săn sale nhận thêm hoàn tiền đến 6% với VIB Online Plus 2in1
VIB,12/24/2022,11:01,"Tận hưởng tại khách sạn 5 sao cùng ưu đãi 30% từ thẻ tín dụng, tại sao không?"
VIB,12/23/2022,15:50,Công nghệ đang thay đổi thị trường ngân hàng số như thế nào?
VIB,12/20/2022,12:26,Phó Tổng Giám đốc VIB đã mua 330.000 cổ phiếu
VIB,12/16/2022,8:52,VIB dành nhiều ưu đãi cho khách hàng dịp cuối năm
VIB,12/15/2022,7:53,VIB và ACB vượt trội top ngân hàng Châu Á & Úc về hiệu quả và tăng trưởng
VIB,12/14/2022,16:30,"Những dòng thẻ cho mùa Tết: Hoàn tiền đến 9,6 triệu đồng, nhân 5 điểm thưởng siêu thị"
VIB,12/12/2022,8:37,Khám phá hệ sinh thái tiện ích trên ngân hàng số MyVIB 2.0
VIB,12/9/2022,13:41,Ngân hàng tối đa tiện ích thẻ tín dụng mùa mua sắm cuối năm
VIB,12/7/2022,7:40,Thêm ngân hàng giảm lãi suất cho khách hàng vay kinh doanh
VIB,12/5/2022,7:30,VIB tăng lãi suất tiền gửi không kỳ hạn lên mức tối đa
VIB,12/2/2022,13:38,VIBE City: Thành phố game ảo cho chủ thẻ tín dụng VIB
VIB,11/30/2022,15:44,"VIB bổ sung thuế 9,7 tỷ đồng cho 3 năm 2019, 2020 và 2021"
VIB,11/30/2022,7:49,Tiện ích vượt trội khi thanh toán bằng mã QR qua MyVIB 2.0
VIB,11/25/2022,8:00,VIB: chiến lược số hóa xoay quanh '3-first'
VIB,11/24/2022,11:21,"Chỉ trong 3 tháng, VIB ghi nhận thêm 210.000 khách hàng Sapphire"
VIB,11/22/2022,10:12,Gửi tiết kiệm trên MyVIB 2.0 được hoàn tiền và nhận ngay thẻ tín dụng
VIB,11/21/2022,10:52,Đã có ba ngân hàng lên kế hoạch trả cổ tức bằng tiền mặt
VIB,11/21/2022,8:00,VIB và The Masked Singer Vietnam: Ấn tượng từ sự chuyên nghiệp và quy mô
VIB,11/18/2022,8:43,MBS: VIB dẫn đầu toàn ngành về ROE
VIB,11/17/2022,14:32,"Thêm một loạt doanh nghiệp được lãnh đạo ""mở hầu bao"" dự chi 500 tỷ để đỡ giá cổ phiếu"
VIB,11/16/2022,11:27,Thêm một lãnh đạo của VIB đăng ký mua 2 triệu cổ phiếu
VIB,11/15/2022,8:11,"Phó Tổng giám đốc VIB muốn mua 1,5 triệu cổ phiếu"
VIB,11/14/2022,9:00,Lãnh đạo VIB: Lên kế hoạch trình phương án chia cổ tức tiền mặt có thể lên tới 35%
VIB,11/10/2022,10:52,Động lực tăng trưởng nguồn thu ngoài lãi của các ngân hàng
VIB,11/7/2022,13:30,VIB nhận giải ngân khoản vay 150 triệu USD từ IFC
VIB,11/4/2022,13:52,Ông nội sang tay cho cháu gái số cổ phiếu một ngân hàng trị giá 80 tỷ đồng?
VIB,11/4/2022,8:28,VIB và Lazada tặng loạt ưu đãi tiền triệu cho người dùng
VIB,11/2/2022,9:08,Phác họa bức tranh BCTC ngân hàng quý 3: Động lực tăng trưởng đến từ đâu?
VIB,10/27/2022,13:45,Tại sao GenZ chọn ngân hàng số MyVIB 2.0?
VIB,10/11/2022,13:27,"Ngân hàng rục rịch công bố kết quả kinh doanh 9 tháng, lợi nhuận nhiều nhà băng vẫn tăng trưởng mạnh"
VIB,10/6/2022,7:54,Chi tiêu qua thẻ ghi nợ nhiều ưu đãi và tiện ích
VIB,9/14/2022,20:50,Trò chuyện thật với chuyên gia tài chính ảo Vie lần đầu tiên trong The Money Date
VIB,8/30/2022,8:24,Hoàn 500.000đ cho khách hàng mới khi trải nghiệm bộ sản phẩm dịch vụ tại VIB
VIB,7/20/2022,8:00,"VIB: Lợi nhuận 6 tháng đạt hơn 5.000 tỷ, tăng 27% so với cùng kỳ"
VIB,7/13/2022,10:39,"Siết nợ doanh nghiệp vận tải và du lịch, ngân hàng rao bán một loạt ô tô chở khách"
VIB,6/28/2022,17:30,"Cổ phiếu bank nổi sóng, nhiều mã tăng 10 – 20% sau vài phiên"
VIB,5/30/2022,16:23,"Một mùa ESOP lại tới, nhân viên ngân hàng chuẩn bị nhận trăm triệu cổ phiếu giá rẻ"
VIB,5/25/2022,8:06,Nhiều ngân hàng được dự báo nối dài đà tăng trưởng mạnh mẽ trong năm 2022
VIB,5/23/2022,13:43,Tự doanh đang tích cực mua ròng cổ phiếu ngân hàng nào?
VIB,5/21/2022,9:22,"Bỏ túi 4 kinh nghiệm du lịch 'tăng thu, giảm chi'"
VIB,5/18/2022,13:19,Tối ưu lợi nhuận với Tiền gửi iDepo của VIB
VIB,5/9/2022,13:20,"Moody's: Lợi nhuận ngân hàng Việt Nam tăng trưởng bất chấp đại dịch, sẽ cải thiện hơn nữa trong năm 2022"
VIB,4/27/2022,10:29,Vợ Phó tổng giám đốc VIB vừa mua 800 nghìn cổ phiếu
VIB,4/27/2022,8:00,"VIB lãi gần 2.300 tỷ trong quý 1, hiệu quả top đầu ngành"
VIB,4/21/2022,21:35,"Hoạt động cho vay bất động sản, trái phiếu doanh nghiệp làm ""nóng"" mùa đại hội cổ đông ngân hàng"
VIB,4/20/2022,9:13,NHNN chấp thuận cho VIB tăng vốn điều lệ thêm 5.545 tỷ đồng
VIB,4/14/2022,6:26,"Một ngân hàng chuẩn bị phát hành 675 triệu cổ phiếu để trả cổ tức cho cổ đông, tỷ lệ 25%"
VIB,4/9/2022,10:20,"Ngày chia thưởng đến gần, Phó Tổng VIB hoàn thành mua lượng lớn cổ phiếu"
VIB,3/31/2022,6:14,"VIB vừa bật tăng mạnh, vợ Phó chủ tịch đăng ký bán 3 triệu cổ phiếu"
VIB,3/29/2022,21:32,"Room ngoại tại ngân hàng: Nơi cạn kiệt, nhiều chỗ còn nguyên 30%"
VIB,3/25/2022,6:56,Nhiều ngân hàng dự kiến tăng trưởng tín dụng đột biến trong năm 2022
VIB,3/23/2022,9:12,"Trước thềm VIB chia thưởng, vợ Phó Tổng đăng ký mua một lượng lớn cổ phiếu"
VIB,3/21/2022,8:00,VIB huy động thành công 260 triệu USD khoản vay hợp vốn quốc tế
VIB,3/19/2022,7:19,"Ngân hàng đầu tiên triển khai kế hoạch chia thưởng năm 2022, tỷ lệ tới 35%"
VIB,3/18/2022,7:35,Vì sao VIB đặt mục tiêu tăng trưởng tín dụng cao cho 2022?
VIB,3/16/2022,10:30,"VIB đang lãi trên 1.000 tỷ mỗi tháng, kỳ vọng lợi nhuận tỷ USD trong 5 năm tới"
VIB,3/16/2022,10:20,"ĐHCĐ VIB: Dự kiến lãi hơn 10.000 tỷ, chốt chia cổ phiếu thưởng tỷ lệ 35%, tự tin mục tiêu ngân hàng bán lẻ hàng đầu"
VIB,3/7/2022,0:13,Nhiều ngân hàng dự kiến lãi lớn trong năm 2022
VIB,3/4/2022,2:02,"Cơ nghiệp đa quốc gia của chủ tịch VIB: Sở hữu công ty tỷ đô đang thống lĩnh ngành mì gói Nga, Ukraine, Kazakhstan, về nước tiếp tục gây dựng ngân hàng tư nhân top đầu"
VIB,3/3/2022,10:51,"Giữa lúc cổ phiếu ngân hàng đỏ lửa, Sếp VIB đăng ký mua vào 800.000 cổ phiếu"
VIB,2/23/2022,8:00,"Tăng trưởng bền vững, hiệu quả top đầu ngành, VIB dự kiến chia cổ tức 35%"
VIB,2/15/2022,17:05,"Lợi nhuận tăng phi mã nhưng thu nhập của CEO ngân hàng VIB lại giảm 24% xuống chưa đầy 200 triệu/tháng, khá thấp so với nhiều doanh nghiệp"
VIB,2/11/2022,9:23,"Bất ngờ với nợ có khả năng mất vốn của 27 ngân hàng, nhất là BIDV, SHB và Vietcombank"
VIB,2/8/2022,15:02,Vì sao khối ngoại tích cực ''gom'' cổ phiếu ngân hàng trong những ngày đầu năm?
VIB,2/8/2022,11:06,"Phó Tổng Giám đốc VIB bán xong gần 1,4 triệu cổ phiếu"
VIB,1/26/2022,19:35,"Nhân sự đạt gần vạn người, lợi nhuận tăng liên tục qua các năm, ""nhà VIB"" đang có thu nhập thế nào?"
VIB,1/20/2022,8:00,"VIB công bố KQKD năm 2021, lợi nhuận vượt 8.000 tỷ đồng, tăng trưởng 38%"
VIB,1/9/2022,16:55,"Các ngân hàng phát hành gần 47.000 tỷ đồng trái phiếu tháng 12, gấp 7 lần nhóm BĐS"
VIB,1/8/2022,13:00,Phó Tổng giám đốc VIB muốn bán gần hết cổ phiếu khi giá đang ở vùng cao nhất 5 tháng
VIB,12/31/2021,7:35,Ông nội đã sang tay cho cháu số tài sản 750 tỷ đồng từ cổ phiếu VIB?
VIB,12/22/2021,19:57,Ông nội muốn sang tay số cổ phiếu VIB trị giá gần 800 tỷ cho cháu trai?
VIB,11/23/2021,9:26,"Người nhà Phó Chủ tịch VIB bán xong 3 triệu cổ phiếu, thu về hơn trăm tỷ"
VIB,11/22/2021,17:01,"Cổ phiếu giảm 18% kể từ đầu tháng 6 tới nay, cổ đông VIB bác kế hoạch tăng vốn điều lệ thêm 10%"
VIB,10/21/2021,9:04,Người nhà Phó chủ tịch VIB đăng ký bán hơn 3 triệu cổ phiếu
VIB,9/15/2021,15:02,VIB thay Giám đốc Tài chính
VIB,8/1/2021,20:21,"VIB lãi hợp nhất trước thuế 3.954 tỷ đồng trong 6 tháng đầu năm, tỷ lệ nợ xấu giảm xuống 1,31%"
VIB,7/31/2021,10:00,Bất ngờ với Top 10 lợi nhuận ngân hàng 6 tháng đầu năm
VIB,6/18/2021,15:43,Người nhà Giám đốc tài chính VIB đã bán hơn 3 triệu cổ phiếu khi giá lên cao kỷ lục
VIB,6/12/2021,21:01,"Giá cổ phiếu lên vùng đỉnh, người nhà lãnh đạo VIB liên tục bán ra"
VIB,6/5/2021,10:57,"Lãi suất huy động xuống thấp và kém hấp dẫn, ngân hàng tính kế hút khách gửi tiền trở lại"
VIB,6/4/2021,11:05,"Liên tục ""lướt sóng"", vợ Phó Chủ tịch VIB đăng ký mua 2 triệu cổ phiếu sau khi vừa bán ra 8,5 triệu cổ phiếu"
VIB,5/31/2021,19:05,"VIB tăng mạnh, người nhà Phó Chủ tịch HĐQT đã bán xong 8,5 triệu cổ phiếu"
VIB,5/18/2021,19:35,"VIB vừa huy động được 4.000 tỷ đồng vốn rẻ, lãi suất chỉ 3,7- 4%/năm"
VIB,5/13/2021,16:54,Chủ sở hữu Mì 3 Miền nắm giữ hơn 55 triệu cổ phiếu VIB
VIB,5/11/2021,9:27,Hai cổ phiếu ngân hàng LPB và VIB đủ điều kiện được cấp margin
VIB,4/27/2021,10:00,Mastercard vinh danh VIB là Ngân hàng dẫn đầu về đổi mới và sáng tạo năm 2021
VIB,4/22/2021,8:00,VIB đưa xu thế thẻ Việt đi tiên phong trong khu vực
VIB,4/20/2021,10:09,"VIB công bố kết quả kinh doanh quý 1: Tăng trưởng 68%, ROE đạt kỷ lục 31%"
VIB,3/31/2021,15:02,"Cổ phiếu SSB của SeABank tăng 68% sau 1 tuần lên sàn, VIB vươn lên vị trí thứ 2 về giá cổ phiếu dòng ngân hàng chỉ sau Vietcombank"
VIB,3/27/2021,7:32,Trọng tâm phát triển trong trung và dài hạn của VIB là gì?
VIB,3/24/2021,9:24,"ĐHCĐ VIB: Kế hoạch lợi nhuận hơn 7.500 tỷ đồng trong năm 2021, chia cổ phiếu thưởng tới 40%, tiếp tục tập trung các mảng kinh doanh trọng yếu"
VIB,3/24/2021,8:24,VIB đang dẫn đầu thị trường ở nhiều mảng kinh doanh trọng yếu
VIB,2/26/2021,12:14,"Duy trì đà tăng trưởng top đầu toàn ngành, VIB dự kiến chia cổ phiếu thưởng 40% trong năm 2021"
VIB,2/18/2021,21:45,"Người nhà ""sếp"" VIB mạnh tay mua vào cổ phiếu"
VIB,10/24/2020,22:37,"LPB, SHB, VIB, VCG… tăng bằng lần trước thềm lên HoSE: Không chỉ câu chuyện chuyển sàn!"
VIB,10/13/2020,9:44,"Vợ của Giám đốc tài chính đăng ký mua 2,4 triệu cổ phiếu VIB"
VIB,10/8/2020,17:44,"VIB tăng 85% từ đầu năm, vợ Phó TGĐ VIBank vẫn đăng ký mua 3,2 triệu cổ phiếu"
VIB,10/5/2020,15:00,Cổ phiếu một ngân hàng tăng hơn 30% chỉ trong vòng 1 tháng
VIB,9/19/2020,8:35,"Không chỉ sớm trả 500 tỷ nợ trước hạn, chủ quản Mì 3 miền còn bất ngờ với mức LNST 6 tháng đột biến gấp trăm lần, bằng tổng của nhiều năm cộng lại"
VIB,9/19/2020,8:03,VIB ưu đãi lớn mừng 24 năm thành lập ngân hàng
VIB,9/17/2020,9:48,Vì sao ông chủ mì 3 Miền trả sớm khoản nợ nửa nghìn tỷ?
VIB,8/26/2020,8:52,VIB chuẩn bị đại hội cổ đông bất thường
VIB,7/20/2020,20:12,VIB lãi trước thuế 2.356 tỷ đồng trong 6 tháng đầu năm
VIB,6/30/2020,11:44,Chủ tịch VIB: Cứ 100 chiếc xe chạy trên đường thì có đến 14 chiếc thực hiện vay qua VIB
VIB,6/30/2020,9:15,"ĐHCĐ VIB: Dự kiến niêm yết trên HoSE vào tháng 11, trả cổ phiếu thưởng tỷ lệ 20% và lợi nhuận năm nay ít nhất 4.500 tỷ"
VIB,6/24/2020,15:04,VIB được IFC vinh danh là Ngân hàng phát hành có nghiệp vụ tài trợ thương mại tốt nhất khu vực Đông Á – Thái Bình Dương
VIB,6/11/2020,9:34,"VIB sẽ niêm yết trên HoSE trong năm nay, dự kiến lợi nhuận ít nhất 4.500 tỷ đồng"
VIB,4/20/2020,18:01,"VIB duy trì kết quả kinh doanh khả quan trong quý 1, tập trung hỗ trợ khách hàng bị ảnh hưởng bởi Covid-19"
VIB,3/12/2020,10:51,"Ngân hàng tiếp theo hành động hỗ trợ doanh nghiệp bị ảnh hưởng Covid-19: VIB công bố giảm lãi suất cho vay từ 0,5% - 1,5%"
VIB,3/11/2020,14:38,Ba định chế tài chính quốc tế cấp khoản vay 70 triệu USD cho VIB
VIB,2/27/2020,11:08,VIB được IFC nâng hạn mức tài trợ thương mại lên 144 triệu USD
VIB,1/20/2020,10:25,"VIB lãi trước thuế 4.082 tỷ đồng trong năm 2019, tăng gần gấp rưỡi so với 2018"
VIB,1/7/2020,15:09,"Kết thúc năm 2019, các ngân hàng đua báo lãi lớn"
VIB,12/19/2019,9:45,Ngân hàng đầu tiên hoàn thành cả 3 trụ cột Basel II
VIB,12/19/2019,9:29,VIB ước lãi kỷ lục hơn 4.000 tỷ trong năm 2019
VIB,12/17/2019,14:21,Nhìn lại hiệu quả kinh doanh của 2 ngân hàng đầu tiên đạt chuẩn Basel II
VIB,11/12/2019,15:30,Truyền thông quốc tế ghi nhận VIB là thương hiệu thẻ tín dụng sáng tạo nhất Việt Nam
VIB,8/22/2019,14:16,"Cuộc đua hút tiền gửi tiếp tục ""nóng"": VIB đẩy lãi suất lên 9,1%, VPBank cũng không chịu ngồi yên"
VIB,7/16/2019,18:38,VIB được chấp thuận tăng vốn điều lệ lên 9.245 tỷ đồng
VIB,7/12/2019,7:29,VIB dẫn đầu thị trường về cho vay mua ô tô và phát hành thẻ
VIB,7/4/2019,10:22,VIB là nhà tài trợ cho hội chợ oto.com.vn
VIB,6/6/2019,18:10,"Thay đổi thói quen để bảo vệ môi trường, chuyện từ ngành ngân hàng"
VIB,5/31/2019,14:55,Cần phá bỏ rào cản tâm lý và dùng sức mạnh tập thể để thúc đẩy thanh toán không tiền mặt
VIB,5/24/2019,10:44,Vợ và con ông Đặng Khắc Vỹ muốn bán bớt cổ phiếu VIB
VIB,5/14/2019,10:02,VIB vươn lên nhóm ngân hàng dẫn đầu về doanh số chi tiêu thẻ tín dụng MasterCard
VIB,5/8/2019,8:43,Cán bộ nhân viên VIB chuẩn bị nhận thưởng lớn
VIB,4/26/2019,16:41,VNPT và Ngân hàng VIB ký kết hợp tác toàn diện
VIB,4/9/2019,20:35,Nhiều ngân hàng thương mại bị lỗi hệ thống
VIB,3/29/2019,8:38,VIB sẽ tăng thêm 15.000 tỷ đồng vốn cấp 1 và cấp 2 trong năm nay
VIB,3/28/2019,9:56,"ĐHCĐ VIB: Bầu lãnh đạo nhiệm kỳ mới, kế hoạch lãi 3.400 tỷ trong năm nay"
VIB,3/28/2019,9:35,"VIB sẽ chia toàn bộ cổ phiếu quỹ cho nhân viên và cổ đông hiện hữu, trả cổ tức tiền mặt tỷ lệ 5,5%"
VIB,3/28/2019,8:38,"Lợi nhuận của VIB tăng gấp 4 lần trong nhiệm kỳ cũ, năm 2018 tốt nhất trong 5 năm"
VIB,3/21/2019,9:41,"Nhân viên VIB sắp nhận 175 tỷ đồng cổ phiểu thưởng, không hạn chế chuyển nhượng"
VIB,3/11/2019,8:59,"VIB đặt mục tiêu tăng 24% lợi nhuận trong năm 2019, nâng vốn điều lệ lên 10.900 tỷ"
VIB,3/2/2019,9:59,Cuộc đua mới trên thị trường thẻ tín dụng?
VIB,2/28/2019,7:40,VIB khai trương chi nhánh tại 82 Nguyễn Tuân - Hà Nội
VIB,2/23/2019,8:14,3 lý do nên đầu quân cho một ngân hàng có môi trường làm việc sáng tạo
VIB,2/21/2019,9:38,"Lỡ hẹn trong năm 2018, nhiều ngân hàng quyết lên sàn HoSE trong năm nay"
VIB,2/20/2019,14:08,Chứng khoán Yuanta dự báo năm 2019 lợi nhuận của VIB tăng 15% - 20%
VIB,2/1/2019,13:00,VIB treo thưởng 1 tỷ đồng giải Hole in One cho gôn thủ tham dự Volvo World Golf Challenge 2019
VIB,2/1/2019,8:52,"Tết 4.0 – lì xì trực truyến, không lo đổi tiền mới"
VIB,1/22/2019,17:11,Một ngân hàng nội trả lương nhân viên xuất sắc tới 97 triệu đồng/tháng
VIB,1/17/2019,8:00,"VIB báo lợi nhuận trước thuế 2018 cao kỷ lục 2.741 tỷ đồng, gần gấp đôi so với năm 2017"
VIB,1/10/2019,8:00,VIB khai trương trụ sở mới chi nhánh Đồng Nai
VIB,12/31/2018,20:10,Xuất hiện nhiều gia đình siêu giàu trong giới ngân hàng
VIB,12/29/2018,8:03,Sợ tiền - chuyện thật như đùa!
VIB,12/28/2018,11:46,Đằng sau lý do chuyển trụ sở từ Hà Nội vào Tp. Hồ Chí Minh của VIB là gì?
VIB,12/20/2018,8:00,5 thẻ tín dụng dành riêng cho từng nhu cầu riêng biệt
VIB,12/18/2018,9:30,VIB khai trương hoạt động trụ sở chính tại Tp. HCM
VIB,12/8/2018,9:13,"VIB ồ ạt ""tấn công"" thị trường thẻ"
VIB,12/4/2018,8:13,"Áp dụng Basel II sớm, ngân hàng được và mất gì?"
VIB,11/29/2018,8:19,Vietcombank và VIB sẽ được hưởng cơ chế riêng về tăng trưởng tín dụng và mở rộng mạng lưới?
VIB,11/28/2018,17:26,VIB là ngân hàng tư nhân đầu tiên được NHNN trao quyết định thực hiện Basel II
VIB,11/21/2018,13:14,VIB hỗ trợ gần 90 trẻ phẫu thuật chữa dị tật khe hở môi
VIB,11/20/2018,15:52,"Đánh giá dịch vụ ngân hàng, cần những góc nhìn đa chiều"
VIB,11/14/2018,11:05,VIB triển khai tính năng chuyển tiền chứng khoán VnDirect
VIB,11/14/2018,9:19,"10 tháng VIB lãi gần 2.000 tỷ đồng, tăng 187% so với cùng kỳ"
VIB,11/8/2018,8:04,VIB được chấp thuận tăng vốn điều lệ lên hơn 7.800 tỷ đồng
VIB,11/6/2018,15:24,Cổ đông VIB sắp nhận gần 270 tỷ đồng cổ tức bằng tiền mặt
VIB,11/6/2018,11:29,Người làm dịch vụ hãy lấy thoả mãn cảm xúc của khách hàng lên hàng đầu
VIB,11/2/2018,20:00,Moody’s nâng xếp hạng tín nhiệm VIB lên B1
VIB,10/19/2018,7:28,"VIB báo lãi hơn 1.720 tỷ đồng trong 9 tháng, tăng 176% so với cùng kỳ 2017"
VIB,10/18/2018,14:43,VIB được chấp thuận tăng vốn điều lệ từ 5.644 tỷ lên trên 7.800 tỷ đồng
VIB,10/17/2018,19:32,"Tôi đã bỏ thói quen đến ngân hàng được 2 năm, và đây là lý do"
VIB,10/10/2018,12:00,Lãnh đạo VIB nêu giải pháp cho doanh nghiệp trong ngành công nghiệp hỗ trợ
VIB,10/1/2018,15:43,Ngân hàng đầu tiên ở Việt Nam áp dụng giải pháp bảo mật tiên tiến trong thanh toán trực tuyến
VIB,9/28/2018,8:25,Thanh toán vé tàu Tết Kỷ Hợi 2019 nhanh chóng và thuận tiện với VIB
VIB,9/26/2018,10:57,VIB ưu đãi nhân đôi lãi suất tiền gửi
VIB,9/5/2018,13:02,VIB tài trợ thương mại gần 300 triệu USD cho doanh nghiệp vừa và nhỏ
VIB,8/3/2018,13:26,"Cuối tháng 7, VIB đã xóa sạch nợ tại VAMC"
VIB,7/31/2018,9:42,Lợi nhuận của VIB năm 2018 được dự báo tăng gần 70%
VIB,7/30/2018,8:25,VIB có lãnh đạo mới về quản trị rủi ro
VIB,7/26/2018,14:55,VIB ra mắt mô hình kinh doanh và dịch vụ mới tại Bình Dương
VIB,7/10/2018,10:56,"VIB lãi trước thuế 1.151 tỷ trong 6 tháng đầu năm, gấp 3 lần cùng kỳ 2017"
VIB,7/10/2018,8:13,"Thẻ tín dụng dành riêng cho doanh nhân, tại sao không?"
VIB,7/9/2018,14:31,VIB lấy ý kiến cổ đông về việc phát hành 200 triệu USD trái phiếu
VIB,6/29/2018,13:40,"Chưa hết nửa năm, VIB báo lãi trước thuế tăng 230%, Vietcombank lợi nhuận trên 7.700 tỷ"
VIB,6/29/2018,7:47,"Phó Tổng giám đốc VIB muốn mua 2,3 triệu cổ phiếu VIB"
VIB,6/19/2018,10:49,VIB hỗ trợ gần 100 trẻ phẫu thuật chữa dị tật khe hở môi
VIB,6/14/2018,17:09,"Cơ hội du lịch miễn phí khi đặt phòng, mua vé máy bay qua MyVIB"
VIB,6/6/2018,7:51,VIB ra mắt dòng thẻ tín dụng cao cấp VIB World MasterCard
VIB,6/4/2018,20:39,IFC: VIB là đối tác có hoạt động tài trợ thương mại tốt nhất Đông Á - Thái Bình Dương
VIB,6/2/2018,7:34,VIB cùng Fintech đã tìm ra giải pháp để doanh nghiệp nhỏ vay tín chấp
VIB,5/5/2018,9:24,VIB được truyền thông quốc tế ghi nhận là “Thương hiệu ngân hàng sáng tạo”
VIB,4/9/2018,19:25,Những “điểm nóng” của mùa đại hội ngân hàng 2018
VIB,3/29/2018,11:43,ĐHCĐ Ngân hàng VIB: Cổ đông hỏi chủ tịch VIB Đặng Khắc Vỹ bao giờ thành tỷ phú trên sàn chứng khoán
VIB,3/29/2018,10:07,"VIB báo lãi trước thuế hơn 500 tỷ trong quý 1, gấp 3 lần cùng kỳ 2017"
VIB,3/29/2018,8:42,VIB sẽ lên sàn HoSE
VIB,3/28/2018,14:28,"Chơi trội, VIB quyết thưởng gần 2 triệu cổ phiếu cho người lao động"
VIB,3/15/2018,18:02,"Không chỉ tăng lương, các ngân hàng còn đua phát hành cổ phiếu ESOP để giữ chân nhân tài"
VIB,2/2/2018,10:26,Nhiều ngân hàng lên kế hoạch sớm Đại hội cổ đông thường niên 2018
VIB,1/31/2018,16:24,VIB bầu bổ sung 2 thành viên Hội đồng quản trị
VIB,1/20/2018,14:14,VIB sắp chuyển trụ sở chính
VIB,1/17/2018,16:03,Ngân hàng ầm ầm báo lãi đậm
VIB,1/16/2018,22:18,"VIB bất ngờ báo lãi hơn 1.400 tỷ, gần gấp đôi so với kế hoạch"
VIB,12/27/2017,8:14,VIB ứng dụng bảo mật sinh trắc học trong giao dịch ngân hàng
VIB,12/25/2017,7:26,Khối ngoại 'hết cửa' tham gia đấu giá cổ phiếu OCB của Vietcombank
VIB,12/14/2017,16:37,"VIB chi 762 tỷ đồng mua lại hơn 33,8 triệu cổ phiếu làm cổ phiếu quỹ"
VIB,12/6/2017,8:37,"Người nhà “Sếp” VIB gom thành công gần 1,4 triệu cổ phiếu, trị giá khoảng 30 tỷ"
VIB,11/29/2017,8:05,VIB xin ý kiến cổ đông trích 700 tỷ đồng từ lợi nhuận năm 2017 để bổ sung vốn cấp 1
VIB,11/9/2017,11:21,VIB vay 185 triệu USD từ IFC
VIB,11/3/2017,10:35,"Vợ một sếp lớn VIB dự chi hơn 30 tỷ để mua 1,4 triệu cổ phiếu ngân hàng"
VIB,10/20/2017,9:15,"VIB báo lãi 9 tháng đạt 623 tỷ đồng, hoàn tất nhận chuyển nhượng ngân hàng CBA - Chi nhánh TP.HCM"
VIB,9/14/2017,20:22,Vợ chủ tịch VIB sẽ chi 600 tỷ đồng để mua 28 triệu cổ phiếu?
VIB,9/14/2017,14:54,Một cổ đông lớn của VIB đăng ký bán toàn bộ gần 28 triệu cổ phiếu
VIB,9/8/2017,9:41,CEO VIB Hàn Ngọc Vũ: “Nới room tín dụng là cơ hội để ngân hàng khai thác tốt hơn tiềm năng của mình”
VIB,9/5/2017,15:16,Ngân hàng đua nhau mua cổ phiếu quỹ hay chỉ là...bất đắc dĩ?
VIB,9/3/2017,15:13,"VIB xin hủy tăng vốn và mua cổ phiếu quỹ, kịch bản của Techcombank có lặp lại?"
VIB,8/29/2017,15:23,VIB đạt giải thưởng “Thương vụ M&A tiêu biểu 2017” với thương vụ mua lại CBA - HCM
VIB,8/4/2017,11:48,"VIB được bổ sung hoạt động kinh doanh, cung ứng dịch vụ ngoại hối trong nước và quốc tế"
VIB,8/4/2017,9:31,VIB nhận giải thưởng “Thương hiệu ngân hàng sáng tạo nhất Việt Nam”
VIB,8/1/2017,10:21,BVSC dự báo VIB sẽ lãi ròng gần 700 tỷ đồng trong năm nay
VIB,7/19/2017,17:02,Việt Nam sắp có thêm ngân hàng 100% vốn ngoại thứ 9
VIB,7/19/2017,8:40,"6 tháng, VIB đã dùng gần hết “room” tín dụng được giao của cả năm"
VIB,7/11/2017,8:44,VEPR: Nhiều ngân hàng ngoại thoái vốn cho thấy tính hấp dẫn của hoạt động kinh doanh ngân hàng Việt Nam đang suy giảm
VIB,7/9/2017,13:44,Ngân hàng được mùa lên sàn
VIB,7/8/2017,13:27,Cảnh báo việc giả mạo chữ ký Tổng giám đốc ngân hàng VIB
VIB,7/6/2017,16:25,Đâu mới thực sự là lý do khiến hàng loạt ngân hàng ngoại rút vốn khỏi Việt Nam?
VIB,7/6/2017,8:51,Sếp ngoại của VIB liên tục gom cổ phiếu
VIB,7/3/2017,16:06,VIB thâu tóm chi nhánh ngân hàng nước ngoài hay là bước đi chiến lược?
VIB,6/29/2017,16:42,VIB đã hoàn tất mua một chi nhánh ngân hàng nước ngoài
VIB,6/15/2017,11:13,"Chưa hết nửa năm, ngân hàng đã đua nhau khoe lãi lớn"
VIB,5/22/2017,6:56,"Nằm trong top 3 cổ phiếu ngân hàng giá cao nhất trên sàn, triển vọng nào cho VIB?"
VIB,4/27/2017,9:41,VIB lên kế hoạch mua lại mảng bán lẻ của ngân hàng khác
VIB,4/27/2017,9:33,"ĐHCĐ VIB: Chia cổ tức và cổ phiếu thưởng tỷ lệ hơn 44%, năm 2017 vẫn tiếp tục sàn UPCoM"
VIB,4/17/2017,15:44,VIB sẽ mua lại mảng bán lẻ của ANZ
VIB,4/12/2017,13:13,"VIB dự kiến chia cổ tức và cổ phiếu thưởng tỷ lệ 44,6%, phát hành cổ phiếu thưởng cho nhân viên"
VIB,3/2/2017,8:22,"Tiền rủng rỉnh, ngân hàng đẩy mạnh đầu tư"
VIB,3/1/2017,14:05,"Phó Tổng Giám đốc Ngân hàng VIB muốn mua thêm 1,1 triệu cổ phiếu VIB"
VIB,2/23/2017,13:58,Lương thưởng ngân hàng: Techcombank đã vượt qua BIDV và bất ngờ mới ở VIB
VIB,2/5/2017,10:58,Chỉ 2 ngày làm việc cũng làm nóng ran thị trường tài chính tuần đầu năm Đinh Dậu
VIB,2/2/2017,14:29,"Ngân hàng VIB tăng trưởng cho vay 26%, nợ xấu bán VAMC giảm 30%"
VIB,1/16/2017,11:49,VIB lao về giá trị thực?
VIB,1/9/2017,16:44,Cổ phiếu VIB giá 17.000 đồng đắt hay rẻ?
VIB,1/9/2017,8:36,"Cổ phiếu VIB chính thức chào sàn, giá tham chiếu 17.000 đồng/cổ phiếu"
VIB,1/9/2017,7:27,"VIB Bank lên sàn với giá cao hơn cổ phiếu của Vietinbank và BIDV, “điều kỳ diệu” gì sẽ được tạo ra?"
VIB,1/9/2017,7:05,VIB hôm nay lên sàn
VIB,12/30/2016,20:35,VIB lên sàn với giá khởi điểm 17.000 đồng/cổ phiếu
VIB,12/12/2016,15:40,Ngân hàng VIB được cấp mã chứng khoán VIB
VIB,12/12/2016,8:21,Cựu nhân viên ngân hàng đã tạo niềm tin với khách hàng để “lừa đảo chiếm đoạt tài sản” thế nào?
VIB,12/11/2016,20:58,"Khởi tố, bắt tạm giam cựu nhân viên ngân hàng ""ôm tiền tỷ bỏ trốn"""
VIB,12/11/2016,15:05,"Niềm tin đặt nhầm chỗ, nhà giàu dễ mất tiền tỷ như chơi"
VIB,11/25/2016,7:57,Các ngân hàng thí điểm áp dụng Basel II đã thực hiện đến đâu: Kỳ 3 - VIB
VIB,11/9/2016,7:13,VIB hoàn thành tăng vốn điều lệ lên 5.644 tỷ đồng
VIB,10/20/2016,20:57,"VIB tăng trưởng tín dụng 12% trong 9 tháng, nợ xấu giảm"
VIB,8/29/2016,0:00,Vì sao ngân hàng Việt liên tiếp gặp khủng hoảng với “tự nhiên mất tiền trong tài khoản”?
VIB,8/18/2016,19:00,VIB quyết định xóa toàn bộ nợ cho chủ thẻ
VIB,7/15/2016,16:30,VIB: Ông Trần Nhất Minh đã bán hết cổ phiếu
VIB,4/14/2016,9:59,VIB dự kiến chia cổ tức và cổ phiếu thưởng tới 25%
VIB,2/24/2016,17:00,"Không thể dự đoán được 3 lần điều chỉnh, 2 lần nới biên độ tỷ giá của NHNN, nhiều ngân hàng lỗ kinh doanh ngoại hối"
VIB,2/4/2016,11:49,VIB tăng trưởng tín dụng 25% trong năm 2015
VIB,12/7/2015,14:14,VIB sắp tăng vốn lên 4.845 tỷ đồng
VIB,11/13/2015,11:46,"VIB: 9 tháng đầu năm tăng trưởng tín dụng đạt 18%, tỷ lệ nợ xấu 2,33%"
VIB,9/23/2015,13:32,VIB giữ vững vị trí dẫn đầu xếp hạng tín nhiệm của Moody’s
VIB,9/18/2015,8:25,Moody’s giữ nguyên xếp hạng tín nhiệm của 9 ngân hàng Việt
VIB,8/24/2015,17:36,Thêm VIB được bảo lãnh bất động sản
VIB,8/16/2015,16:28,"6 tháng, VIB báo lãi sau thuế 240 tỷ đồng, gấp đôi cùng kỳ"
VIB,7/31/2015,21:54,VIB công bố báo cáo quản trị 6 tháng đầu năm 2015
VIB,5/12/2015,17:58,Quý I/2015: VIB đạt 139 tỷ đồng lợi nhuận trước thuế
VIB,3/27/2015,10:18,ĐHCĐ VIB: Năm nay có thể chưa niêm yết trên TTCK
VIB,3/17/2015,11:32,VIB đặt mục tiêu lợi nhuận trước thuế 655 tỷ đồng cho năm 2015
VIB,2/15/2015,0:00,"VIB: Lợi nhuận trước thuế đạt 648 tỷ, đạt 201% kế hoạch"
VIB,1/22/2015,16:26,Ông Trần Nhất Minh và người nhà nắm giữ hơn 10% vốn Ngân hàng VIB
VIB,1/8/2015,7:24,Huyền Như phải bồi thường cho những ai?
HDB,12/31/2024,0:02,"Cổ phiếu của tỷ phú Nguyễn Đăng Quang và Nguyễn Thị Phương Thảo bất ngờ tăng bốc đầu những ngày cuối năm, thiết lập mức đỉnh lịch sử mới"
HDB,12/30/2024,16:17,"Cổ phiếu HDBank (HDB) tăng trần, đạt đỉnh giá cao nhất, VN-Index giảm về sát mốc 1.270 điểm"
HDB,12/3/2024,10:57,Cổ đông HDBank sắp được nhận cổ tức 20%
HDB,11/27/2024,21:17,"Hội nghị nhà đầu tư HDBank 2024: Lý giải chuỗi tăng trưởng cao liên tục, trải nghiệm không gian số và đổi mới sáng tạo"
HDB,11/20/2024,16:31,"HDBank thông báo ĐHĐCĐ bất thường, kiện toàn nhân sự cho chương trình chiến lược"
HDB,11/12/2024,19:25,HDBank: Tổng Giám đốc tiếp tục mua vào 1 triệu cổ phiếu để đầu tư
HDB,7/2/2024,15:10,"HDBank và SHB sắp chi hơn 4.700 tỷ trả cổ tức tiền mặt, hai ngân hàng khác chuẩn bị 'lăn chốt'"
HDB,7/2/2024,8:54,HDBank chốt quyền chia cổ tức bằng tiền và cổ phiếu tổng tỷ lệ 30%
HDB,6/11/2024,12:04,"HDBank khóa “room ngoại” còn 17,5%, sẵn sàng cho các dự án chiến lược"
HDB,4/27/2024,18:00,"HDBank báo lợi nhuận 4.028 tỷ đồng trong quý I, tăng 46,8% so với cùng kỳ, ROE đạt 26,7%"
HDB,4/23/2024,15:53,VnIndex bất ngờ “chao nghiêng”: Vùng định giá cổ phiếu ngân hàng gợi nhớ mùa quả ngọt tích sản năm cũ
HDB,4/4/2024,21:09,"Một ngân hàng trả cổ tức tỷ lệ 25% bằng tiền và cổ phiếu, mục tiêu tăng trưởng cao trong năm nay"
HDB,3/12/2024,15:56,Ngân hàng đầu tiên cung cấp bộ giải pháp tài chính cho các cửa hàng xăng dầu trang bị hệ thống xuất hoá đơn điện tử tự động
HDB,2/2/2024,16:54,"Cổ phiếu ngân hàng tăng, giảm trái chiều trong ngày 23 tháng Chạp"
HDB,1/30/2024,22:32,"Năm 2023 HDBank đạt 13.017 tỷ đồng lợi nhuận, đẩy mạnh tài chính xanh và chuyển đổi số toàn diện"
HDB,12/26/2023,9:09,HDBank: Tổng Giám đốc hoàn tất mua vào gần 2 triệu cổ phiếu để đầu tư
HDB,11/23/2023,11:00,HDBank nhận giải thưởng Quản trị doanh nghiệp
HDB,10/27/2023,10:37,"9 tháng, HDBank đạt lợi nhuận trước thuế 8.632 tỷ đồng, nâng cao chất lượng tài sản và thanh khoản"
HDB,6/30/2023,8:03,"HDBank ấn định ngày chốt quyền, hoàn thành kế hoạch trả cổ tức 25%"
HDB,6/23/2023,18:23,"HDBank thực hiện lộ trình giảm đầu tư ngoài ngành, hiện thực hóa lợi nhuận"
HDB,5/11/2023,18:36,Cổ đông HDBank đón tin vui cổ tức tiền mặt ngay sau ĐHCĐ
HDB,4/26/2023,9:56,"ĐHCĐ HDBank: Chia cổ tức tiền mặt và cổ phiếu tỷ lệ 25% trong năm nay, tiếp tục kế hoạch “Tăng trưởng cao và bền vững”"
HDB,4/10/2023,19:21,"Người nhà thành viên HĐQT đăng ký bán cổ phiếu HDB, khối ngoại miệt mài mua vào"
HDB,3/24/2023,9:02,Một Phó Tổng giám đốc hoàn tất mua 160.000 cổ phiếu HDB
HDB,2/13/2023,19:56,Phó Tổng Giám đốc HDBank tiếp tục đăng ký mua cổ phiếu HDB để đầu tư
HDB,2/10/2023,18:06,"HDBank dự kiến tiếp tục tăng trưởng cao và bền vững, đẩy mạnh chuyển đổi số"
HDB,2/1/2023,16:22,"Sắc đỏ bao trùm cổ phiếu ngân hàng, một mã ngược dòng tăng phiên thứ 9 liên tiếp"
HDB,1/30/2023,16:34,"HDBank ghi nhận kết quả kinh doanh 2022 tốt nhất từ trước tới nay, riêng thu nhập dịch vụ tăng hơn 50%"
HDB,1/30/2023,15:53,HDB tăng mạnh nhất VN30 trong ngày đầu nới room ngoại lên 20%
HDB,1/6/2023,17:08,Tổng Giám đốc HDBank hoàn tất mua vào cổ phiếu HDB
HDB,12/22/2022,8:29,Thêm một lãnh đạo HDBank đăng ký mua cổ phiếu HDB
HDB,12/16/2022,16:04,Lãnh đạo HDBank hoàn tất mua vào cổ phiếu HDB
HDB,12/16/2022,15:25,Cổ đông HDBank thông qua phát hành 500 triệu USD trái phiếu quốc tế và nới “room ngoại”
HDB,12/1/2022,14:51,Tổng Giám đốc HDBank đăng ký mua tiếp 1 triệu cổ phiếu HDB
HDB,11/30/2022,18:50,HDBank chuẩn bị phát hành 500 triệu USD trái phiếu chuyển đổi quốc tế
HDB,11/22/2022,11:49,"HDBank sắp chào bán 20 triệu cổ phiếu ESOP, giá 10.000 đồng/cp"
HDB,11/10/2022,7:01,Hai lãnh đạo HDBank đăng ký mua vào cổ phiếu HDB
HDB,10/27/2022,8:01,"Hết quý 3 HDBank hoàn thành 82% kế hoạch cả năm, tỷ lệ an toàn vốn cao hơn gần gấp đôi so với yêu cầu"
HDB,10/5/2022,8:01,Tổng Giám đốc HDBank tiếp tục đăng ký mua vào 1 triệu cổ phiếu HDB
HDB,8/11/2022,8:29,HDBank được chấp thuận tăng vốn điều lệ thêm 5.030 tỷ đồng
HDB,4/28/2022,15:28,"Quý 1: HDBank hoàn thành 26% kế hoạch năm, lợi nhuận 2.528 tỷ, nợ xấu chỉ 1,17%"
HDB,4/26/2022,17:19,"Cổ phiếu HDBank tăng giá mạnh, giao dịch thỏa thuận ''khủng'' trong ngày đại hội cổ đông"
HDB,4/26/2022,16:18,"HDBank tăng trưởng tín dụng 9,7% trong quý 1, hợp tác bảo hiểm có thể giúp ngân hàng mang về hàng chục ngàn tỷ đồng"
HDB,4/26/2022,16:17,Dàn nhân sự “khủng” của HDBank sau Đại hội cổ đông 2022
HDB,4/26/2022,16:02,"ĐHCĐ HDBank: Năm 2022 chia cổ tức bằng cổ phiếu tỷ lệ 25%, chính thức có HĐQT và BKS nhiệm kỳ mới, bà Lê Thị Băng Tâm tiếp tục làm cố vấn ngân hàng"
HDB,4/17/2022,8:12,Em trai Phó TGĐ HDBank đăng ký mua vào cổ phiếu HDB
HDB,4/2/2022,9:47,"HDBank dự kiến lãi gần 9.800 tỷ đồng trong năm 2022, kế hoạch chia cổ tức 25%"
HDB,3/30/2022,20:06,"Khối ngoại gom cổ phiếu HDB phiên thứ 8 liên tiếp, giá tăng mạnh"
HDB,3/22/2022,9:27,Tổng Giám đốc HDBank hoàn tất mua vào 1 triệu cổ phiếu HDB
HDB,3/21/2022,16:00,"Khối ngoại quay lại mua ròng, cổ phiếu HDB tăng vọt"
HDB,2/25/2022,8:17,Tổng Giám đốc HDBank đăng ký mua vào 1 triệu cổ phiếu HDB
HDB,1/27/2022,8:56,"Đổi mới toàn diện, HDBank báo lãi năm 2021 tới 8.070 tỷ đồng, tăng trưởng 39%"
HDB,1/9/2022,10:05,5 nhân sự HDBank ''ôm trọn'' 20 triệu cổ phiếu ESOP với giá 10.000 đồng
HDB,12/22/2021,17:23,HDBank phát hành trái phiếu quốc tế cho IFC và các định chế tài chính quốc tế để tăng vốn cấp 2
HDB,12/18/2021,10:10,"Đang là cổ đông lớn, HDBank muốn thoái sạch vốn tại một doanh nghiệp dầu khí"
HDB,12/6/2021,12:24,"SSI Research dự báo tăng trưởng lợi nhuận quý 4 ngành ngân hàng ở mức thấp, đánh giá tích cực triển vọng HDBank, OCB và VPBank"
HDB,11/10/2021,15:33,"Cổ phiếu HDB tăng tiếp, ""ông vua ATC"" SHB tiếp tục làm đau tim nhà đầu tư"
HDB,9/1/2021,7:29,"VCSC: HDBank hưởng lợi dài hạn từ hệ sinh thái, thu dịch vụ còn dư địa lớn"
HDB,6/25/2021,12:18,"PYN lạc quan với triển vọng giá cổ phiếu 4 ngân hàng, dự đoán lợi nhuận của HDBank năm nay tăng 38%"
HDB,6/16/2021,14:01,HDBank tiên phong triển khai Basel III
HDB,6/4/2021,14:19,HDBank chuẩn bị chia cổ tức tỷ lệ 25%
HDB,5/12/2021,16:00,Hoàng Anh Gia Lai (HAG) thanh toán trước hạn 930 tỷ đồng nợ tại HDBank
HDB,4/23/2021,9:11,"ĐHCĐ HDBank: Lên kế hoạch lợi nhuận hơn 7.200 tỷ đồng trong năm nay, trả cổ tức tỷ lệ 25%"
HDB,4/13/2021,6:49,Quỹ Phần Lan PYN Elite Fund tăng mạnh tỷ trọng đầu tư vào HDBank
HDB,4/5/2021,12:39,HDBank có kế hoạch mở thêm 21 phòng giao dịch trong năm nay
HDB,3/30/2021,14:27,"HDBank công bố báo cáo kiểm toán năm 2020: Lợi nhuận trên 5.800 tỷ, lãi từ dịch vụ tăng gấp rưỡi"
HDB,3/11/2021,13:58,"HDBank tăng vốn lưu động thêm 71 triệu USD, mở rộng các gói tín dụng hỗ trợ khách hàng"
HDB,12/28/2020,16:32,Địa ốc Phú Long đăng ký bán hơn 15 triệu cổ phần tại HDBank
HDB,12/28/2020,14:16,"Tổng Giám đốc Sovico muốn mua 15,3 triệu cổ phiếu HDB"
HDB,10/30/2020,7:49,"HDBank vượt kế hoạch trong 9 tháng, mảng dịch vụ tiếp tục tăng trưởng mạnh"
HDB,10/17/2020,10:19,"Bán hết 16 triệu cổ phiếu OGC, HDBank không còn là cổ đông lớn của Ocean Group"
HDB,9/10/2020,20:28,"HDBank chốt danh sách cổ đông phát hành 290 triệu cổ phiếu trả cổ tức, cổ phiếu thưởng"
HDB,9/5/2020,8:48,"HDBank khóa room ngoại, phát hành riêng lẻ 160 triệu USD trái phiếu chuyển đổi quốc tế"
HDB,8/14/2020,20:30,Cổ phiếu HDB của HDBank tăng 10 phiên liên tiếp
HDB,8/5/2020,7:08,HSC: 6 tháng đầu năm kết quả kinh doanh của HDBank và công ty con HD Saison đều tốt hơn dự kiến
HDB,6/13/2020,9:42,"ĐHCĐ HDBank: Tiếp tục tăng trưởng bền vững, phát triển mạnh ngân hàng số và tăng vốn điều lệ lên trên 16.000 tỷ đồng trong năm nay"
HDB,6/12/2020,19:23,"Mua được 7,4 triệu cổ phiếu HDB, cổ đông lớn của HDBank tiếp tục đăng ký mua đủ 10 triệu cổ phiếu"
HDB,5/7/2020,7:57,"Hoàn tất mua hơn 5,4 triệu cổ phiếu, cổ đông lớn thông báo mua tiếp 4,6 triệu cổ phiếu HDBank"
HDB,3/31/2020,8:01,Các lãnh đạo HDBank đăng ký mua vào lượng lớn cổ phiếu HDB
HDB,3/20/2020,21:01,"Nguồn vốn dồi dào, HDBank dự kiến mua lại trước hạn hơn 8.500 tỷ đồng trái phiếu"
HDB,11/8/2019,8:32,"MSCI Frontier Markets Index thêm mới HDB vào danh mục, giảm số lượng cổ phiếu thị trường Kuwait"
HDB,10/18/2019,14:58,Thêm ngân hàng báo lãi lớn trong 9 tháng
HDB,9/16/2019,11:21,Thêm HDBank được chấp thuận áp dụng Basel II sớm
HDB,5/8/2019,14:53,"Công ty Nhà Phú Nhuận muốn thoái vốn khỏi HDBank, giá tối thiểu 29.761 đồng/cổ phiếu"
HDB,4/30/2019,18:40,HDBank được cung cấp dịch vụ phái sinh giá cả hàng hoá
HDB,2/28/2019,15:29,HDBank hoàn tất kế hoạch mở rộng mạng lưới 2018
HDB,2/12/2019,11:53,"HSC đánh giá cổ phiếu của HDBank hợp lý là 38.500 đồng, năm 2019 lợi nhuận khoảng 5.100 tỷ"
HDB,1/21/2019,14:06,"Đến lượt HDBank báo lãi kỷ lục với hơn 4.000 tỷ, tăng gần 66% so với 2017"
HDB,1/11/2019,14:56,"Chứng khoán BSC: Cổ phiếu HDB đang trong xu hướng hồi phục, có thể lên ngưỡng 39.500 đồng"
HDB,11/15/2018,16:05,Thêm một sếp lớn ở HDBank đăng ký mua vào cổ phiếu
HDB,10/31/2018,8:56,Moody's nâng xếp hạng tín nhiệm của HDBank lên B1
HDB,10/30/2018,10:06,"Không chỉ riêng Fe Credit, công ty tài chính HD Saison cũng giảm mạnh tỷ trọng đóng góp lợi nhuận cho ngân hàng"
HDB,10/25/2018,21:00,"9 tháng, HDBank báo lãi gần 2.900 tỷ, cao gấp rưỡi cùng kỳ năm trước"
HDB,7/29/2018,19:55,"HDBank báo lãi hơn 2.000 tỷ trong 6 tháng đầu năm, gấp 2,3 lần cùng kỳ 2017"
HDB,6/10/2018,19:02,HDBank nâng mục tiêu lợi nhuận 2018 lên trên 4.700 tỷ đồng sau sáp nhập PG Bank
HDB,5/11/2018,14:53,"HDBank phát hành 5.000 tỷ đồng trái phiếu, bổ nhiệm Phó tổng giám đốc"
HDB,5/7/2018,21:17,VNDS: HDBank được hưởng lợi khi sáp nhập PGBank
HDB,4/9/2018,18:01,"HDBank báo lãi trước thuế 1.045 tỷ đồng trong quý 1, gấp 3 lần cùng kỳ 2017"
HDB,1/27/2018,16:55,"Tăng trưởng theo cấp số nhân sau 5 năm, HDBank tham vọng bứt tốc hơn nữa"
HDB,1/8/2018,15:22,Khối ngoại mua ròng 700 tỷ đồng cổ phiếu HDBank (HDB) sau 2 phiên chào sàn
HDB,1/5/2018,9:49,"HDBank chính thức chào sàn HOSE, cổ phiếu tăng gần kịch biên độ, tiền ầm ầm đổ vào mua cổ phiếu"
SHB,1/1/2025,8:00,Bầu Hiển SHB và tầm nhìn đón kỷ nguyên mới với bóng đá Việt Nam
SHB,12/29/2024,18:00,SHB dành 2 tỷ đồng trao thưởng đội tuyển bóng đá nam Việt Nam khi vô địch ASEAN Cup 2024
SHB,12/25/2024,19:30,"SHB nhận Bằng khen tại Lễ tôn vinh Doanh nhân, Doanh nghiệp Thăng Long 2024"
SHB,12/25/2024,8:29,"7 ngày tới nếu không muốn bị ngừng giao dịch ngân hàng, cần làm hướng dẫn quan trọng này về sinh trắc học"
SHB,12/25/2024,7:22,"Đây là số điện thoại lừa đảo đánh cắp tiền: Tuyệt đối không nghe gọi, chặn số ngay!"
SHB,12/19/2024,18:40,Phó Tổng Giám đốc kiêm Giám đốc Khối công nghệ của SHB từ nhiệm
SHB,12/31/2024,,Khách hàng SHB cần bổ sung thông tin sinh trắc học trước ngày 31/12/2024
SHB,12/11/2024,9:35,"Phó tổng Ngân hàng SHB hát đám cưới chị họ, chỉ dùng 1 từ mà toát ra EQ cao vút"
SHB,12/10/2024,13:30,"Tự do tận hưởng, thoải mái chi tiêu với thẻ tín dụng miễn 100% phí của SHB"
SHB,11/26/2024,8:00,Ngân hàng với những thế hệ nhân sự tương lai
SHB,11/22/2024,10:00,SHB: TOP 10 doanh nghiệp có Báo cáo thường niên tốt nhất ngành Tài chính
SHB,11/11/2024,9:00,"SHB và hơn ba thập kỷ song hành cùng chính sách quốc gia, sẵn sàng cùng đất nước bước vào kỷ nguyên mới"
SHB,11/8/2024,13:30,SHB trong TOP 10 doanh nghiệp tư nhân lợi nhuận tốt nhất 2024
SHB,11/5/2024,8:29,Krungsri muốn mua trước hạn 50% vốn điều lệ còn lại của SHBFinance
SHB,11/4/2024,15:30,"Tưng bừng đón tuổi 31, SHB dành hàng trăm nghìn quà tặng tri ân khách hàng"
SHB,10/30/2024,16:17,"SHB lãi hơn 9.048 tỷ đồng trong 9 tháng, đạt 80% kế hoạch năm 2024"
SHB,10/29/2024,13:30,SHB tiếp tục nâng gói tín dụng “Vay ưu đãi – Rồng phát tài” lên 43.000 tỷ đồng
SHB,10/29/2024,11:00,"Ngân hàng vì con người, đồng hành cùng đất nước, bước vào kỷ nguyên mới"
SHB,10/23/2024,14:46,Những cổ đông nào đang sở hữu từ 1% vốn điều lệ trở lên của SHB?
SHB,10/11/2024,22:11,SHB miễn nhiệm một Phó Tổng giám đốc vì lý do cá nhân
SHB,10/9/2024,15:30,Điểm danh những dòng thẻ quốc tế có ưu đãi “cực đỉnh” của SHB
SHB,10/8/2024,10:00,SHB dành gần 150 tỷ đồng đóng góp cho hoạt động an sinh xã hội
SHB,10/4/2024,15:12,Better Choice Awards 2024: Điều gì giúp 4 ngân hàng được tôn vinh đổi mới và sáng tạo?
SHB,10/1/2024,14:30,"SHB - Hành trình khẳng định giá trị ""Ngân hàng vì con người"", vì một cuộc sống tốt đẹp hơn"
SHB,9/23/2024,11:00,CEO Ngô Thu Hà khẳng định SHB nỗ lực đồng hành vì sự phát triển bền vững của đất nước
SHB,9/20/2024,15:30,SHB giảm 50% tiền lãi cho khách hàng bị ảnh hưởng bão lũ
SHB,9/9/2024,15:30,SHB tăng cường “điểm chạm số” cho khách hàng doanh nghiệp
SHB,8/12/2024,13:30,SHB được vinh danh là “Ngân hàng có sản phẩm dịch vụ sáng tạo tiêu biểu”
pos,8/9/2024,8:00,Cùng SHB “Sáng tạo không giới hạn” thiết kế ấn phẩm xuân Ất Tỵ
SHB,8/9/2024,8:00,SHB Mobile cập nhật tính năng dành riêng cho khách hàng cao cấp
SHB,8/7/2024,17:30,SHB tung loạt ưu đãi đặc quyền cho chủ thẻ quốc tế tại hơn 200 thương hiệu
SHB,8/5/2024,8:00,"“Người bạn có Tâm, cùng bạn vươn Tầm”"
SHB,7/30/2024,10:12,"SHB lãi trước thuế 6.860 tỷ đồng trong 6 tháng đầu năm, CIR thấp nhất toàn ngành"
SHB,7/24/2024,17:30,Mở rộng quy mô gói tín dụng cá nhân: SHB đồng hành cùng khách hàng vượt khó
SHB,7/19/2024,10:00,"Doanh nghiệp SME khó chồng khó, đâu là giải pháp?"
SHB,7/1/2024,21:20,SHB chuẩn bị trả cổ tức tiền mặt
SHB,6/28/2024,7:42,SHB chính thức nâng vốn điều lệ lên 36.629 tỷ đồng
SHB,6/26/2024,13:30,SHB đổi mới - sáng tạo để phục vụ khách hàng tốt hơn
SHB,6/25/2024,8:00,SHB tung gói giải pháp hấp dẫn cho doanh nghiệp FDI
SHB,6/24/2024,21:17,"Ông Đỗ Quang Vinh sắp gia nhập nhóm 'doanh nhân nghìn tỷ' trên sàn chứng khoán, đứng top 110"
SHB,6/21/2024,11:00,SHB triển khai thu thập thông tin sinh trắc học theo QĐ 2345 của Ngân hàng Nhà nước
SHB,6/19/2024,13:30,"Fortune SEA 500 'gọi tên' SHB, thương hiệu vươn tầm quốc tế"
SHB,6/13/2024,15:27,"Tập đoàn T&T chưa bán 74,5 triệu cổ phiếu SHB"
SHB,6/10/2024,8:00,Những điều từ trái tim…
SHB,5/15/2024,16:00,SLINK – Sản phẩm kết tinh từ sự thấu hiểu khách hàng và sáng tạo của con người SHB
SHB,5/15/2024,14:30,Chị gái bầu Hiển bán toàn bộ gần 26 triệu cổ phiếu SHB
SHB,5/10/2024,20:30,SHB dành hơn 11 tỷ đồng thực hiện nhiều hoạt động xã hội tại tỉnh Điện Biên
SHB,5/8/2024,22:37,"Người nhà và công ty liên quan chủ tịch Đỗ Quang Hiển muốn mua, bán lượng lớn cổ phiếu SHB"
SHB,5/8/2024,20:09,"Tập đoàn T&T của bầu Hiển muốn bán 74,5 triệu cổ phiếu SHB"
SHB,5/8/2024,16:49,Nhiều công nghệ nổi bật được SHB giới thiệu tại sự kiện “Chuyển đổi số ngành ngân hàng năm 2024”
SHB,5/8/2024,10:11,"Sau ‘cú đúp’ giải thưởng quốc tế Digital CX Awards 2024, SHB mang giải pháp số tối ưu cho doanh nghiệp tới sự kiện Chuyển đổi số ngành ngân hàng"
SHB,5/6/2024,8:00,"Mục tiêu trở thành ngân hàng TOP1 về hiệu quả, SHB tự tin với chiến lược khác biệt và nền tảng vững vàng qua ba thập kỷ"
SHB,5/2/2024,10:53,Qua mùa ĐHCĐ 2024: Loạt ngân hàng chốt chia cổ tức cao bằng cả tiền mặt lẫn cổ phiếu
SHB,4/29/2024,5:24,Xuất hiện thêm quà tặng “độc lạ” tại mùa ĐHĐCĐ 2024: Dabaco tặng gần 1.500 lít dầu ăn cho cổ đông đi họp
SHB,4/28/2024,6:20,"Chủ tịch SHB Đỗ Quang Hiển: Có thể khởi công xây trụ sở trong năm nay trên khu đất kim cương giữa Hà Nội, 3 mặt tiền, quy mô hơn 2000m2"
SHB,4/26/2024,10:43,"SHB tăng tốc chuyển đổi, lợi nhuận quý I cao nhất lịch sử, mục tiêu 2024 tăng 22% và chia cổ tức 18%"
SHB,4/26/2024,10:35,Chủ tịch SHB Đỗ Quang Hiển nói về thương vụ bán ngân hàng con: 'Đối tác bảo chúng tôi ghê gớm nhưng họ rất thích'
SHB,4/25/2024,16:05,"Cổ đông SHB đề nghị tìm cách đưa cổ phiếu lên trên 12.000 hoặc 15.000 đồng, Chủ tịch Đỗ Quang Hiển nói gì?"
SHB,4/25/2024,14:30,"Đại hội cổ đông SHB: Tặng quà cho cổ đông dự họp, trước giờ khai mạc có gần 1.400 người tới"
SHB,4/24/2024,20:30,Năm 2024 – năm bản lề chuyển đổi đưa SHB vươn Tầm
SHB,4/22/2024,15:30,SHB được vinh danh Ngân hàng có hoạt động Tài trợ Bền vững tốt nhất
SHB,4/22/2024,8:00,Phó CT SHB Đỗ Quang Vinh - Người ‘chốt deal’ nghìn tỷ trên thương trường
SHB,4/18/2024,15:30,"SHB đặt kế hoạch lợi nhuận tăng 22%, chia cổ tức tỷ lệ 16% bằng tiền và cổ phiếu"
SHB,4/18/2024,13:09,Cổ đông SHB dự kiến sẽ được chia cổ tức bằng tiền mặt sau hơn 10 năm
SHB,4/17/2024,15:30,SHB thông báo điều chỉnh mức phí SMS Banking
SHB,4/15/2024,9:42,"SHB vừa mở cửa đã ""tím"", khối lượng giao dịch đột biến"
SHB,4/13/2024,18:45,"Vừa chi gần trăm tỷ mua SHS, ông Đỗ Quang Vinh dự kiến chi tiếp 1.100 tỷ mua cổ phiếu SHB"
SHB,4/1/2024,15:30,"Mở ra thế giới, nâng tầm đẳng cấp với thẻ tín dụng SHB Mastercard World"
SHB,3/28/2024,8:00,SHB tăng tỷ trọng cho vay bán lẻ qua thúc đẩy tín dụng tiêu dùng
SHB,3/21/2024,15:15,"KQKD ổn định, cổ đông kỳ vọng vào ĐHĐCĐ SHB"
SHB,3/19/2024,13:30,"Thúc đẩy tín dụng sản xuất kinh doanh, tiêu dùng, khách hàng hưởng lợi"
SHB,2/28/2024,10:13,Nhiều ngân hàng dự kiến bán vốn cho nước ngoài trong năm 2024
SHB,2/2/2024,17:30,SHB dành 18.000 tỷ đồng ưu đãi khách hàng cá nhân
SHB,1/30/2024,22:15,"SHB kiểm soát chi phí tốt nhất hệ thống với CIR năm 2023 chỉ 23%, lợi nhuận hơn 9.200 tỷ đồng"
SHB,1/26/2024,8:00,"Khai xuân mới, SHB “lì xì” quà tặng hấp dẫn cho khách hàng doanh nghiệp"
SHB,1/22/2024,9:00,SHB 5 năm liên tiếp được vinh danh “Top 50 doanh nghiệp xuất sắc nhất Việt Nam”
SHB,1/16/2024,9:24,Nhân viên SHB sắp được mua hơn 45 triệu cổ phiếu giá rẻ
SHB,1/11/2024,17:11,"Cổ phiếu SHB tăng 8 phiên liên tiếp, dẫn đầu thanh khoản nhóm ngân hàng"
SHB,12/28/2023,13:30,Thẻ tín dụng SHB VISA Platinum: Top 50 sản phẩm dịch vụ tin dùng Việt Nam 2023
SHB,12/21/2023,13:30,"SHB mở liên tiếp 2 chi nhánh, thâm nhập sâu rộng thị trường Đông Bắc Bộ"
SHB,12/19/2023,13:30,SHB được vinh danh top 10 doanh nghiệp có báo cáo thường niên tốt nhất
SHB,12/15/2023,8:00,Giải mã “cơn sốt” game trực tuyến trúng vàng trên SHB Mobile
SHB,12/11/2023,13:30,Khánh thành “Trung tâm thực hành Tài chính Ngân hàng SHB – VNU” tại ĐHQG-HN
SHB,12/7/2023,7:52,"Kiên định mục tiêu phát triển bền vững, SHB tích cực ""xanh hóa"" hoạt động ngân hàng"
SHB,12/3/2023,9:12,"Xi măng Công Thanh âm vốn gần 5.800 tỷ, chi phí lãi vay 9.000 tỷ, 2 ngân hàng lớn gánh 7.300 tỷ vay nợ"
SHB,11/30/2023,8:00,SHB 30 năm từ Tâm vươn Tầm
SHB,11/28/2023,13:30,30 năm SHB và hành trình xây dựng văn hóa doanh nghiệp từ Tâm
SHB,11/24/2023,17:30,"SHB khai trương chi nhánh Quảng Trị, mở rộng mạng lưới vùng Bắc Trung Bộ"
SHB,11/24/2023,8:33,SHB sẽ tập trung tài trợ vốn cho các dự án sản xuất kinh doanh thuộc 11 lĩnh vực xanh
SHB,11/20/2023,8:00,Bước dậm đà trong hành trình 30 năm của SHB
SHB,11/13/2023,8:00,SHB nhận Huân chương Lao động hạng Ba nhân kỷ niệm 30 năm thành lập
SHB,11/12/2023,20:00,"Chủ tịch SHB Đỗ Quang Hiển xúc động tiết lộ ""người thầy"" dậy kinh doanh xuất nhập khẩu, giúp ông xây cơ đồ như ngày nay"
SHB,11/12/2023,6:54,"[Clip] Phó Chủ tịch SHB Đỗ Quang Vinh hát siêu hay, chiếm spotlight trong lễ kỷ niệm 30 năm thành lập ngân hàng"
SHB,11/11/2023,9:10,"Đỗ Mỹ Linh bất ngờ nhận vai trò ""quyền lực"" mới tại SHB: Khoe nhan sắc và thần thái cuốn hút, cách cư xử được khen hết lời"
SHB,11/6/2023,15:30,SHB là “Đối tác đạt chuẩn về đào tạo và phát triển chuyên môn” của CPA Australia
SHB,11/3/2023,8:00,SHB tặng vàng SJC 999.9 cho khách hàng chơi game
SHB,10/30/2023,13:30,"Gia đình hạnh phúc, kết nối tình thân với “Gia đình thẻ SHB”"
SHB,10/29/2023,21:27,"SHB tăng trưởng tín dụng 10% trong 9 tháng đầu năm, tổng tài sản tiến sát mốc 600 nghìn tỷ đồng"
SHB,10/25/2023,13:30,"Tăng cường phát triển mạng lưới, SHB khai trương chi nhánh tại Quảng Bình"
SHB,10/20/2023,15:41,“Sóng” M&A ngân hàng sôi động trở lại
SHB,10/18/2023,9:27,"Ông Trần Trần Xuân Huy sang làm Phó TGĐ HDBank, phụ trách dự án quan trọng"
SHB,10/15/2023,23:47,SHB miễn nhiệm Phó Tổng Giám đốc phụ trách khu vực miền Nam
SHB,10/13/2023,13:30,"SHB tăng cường đồng hành, hỗ trợ sinh viên Đại học quốc gia Hà Nội"
SHB,10/11/2023,13:30,SHB khai trương chi nhánh tại Bến Tre
SHB,10/6/2023,7:44,"SHB chào bán cổ phiếu cho nhân viên với giá 10.000 đồng/cp, hạn chế chuyển nhượng 18 tháng"
SHB,9/29/2023,16:56,SHB tham gia chương trình tài trợ thương mại toàn cầu với hạn mức 75 triệu USD do IFC cấp
SHB,9/22/2023,8:00,SHB là “Ngân hàng Micro SME tốt nhất Việt Nam”
SHB,8/16/2023,11:00,Thiết kế văn phòng của SHB đoạt giải thưởng kiến trúc châu Á
SHB,8/5/2023,10:00,Cổ phiếu SHB tăng mạnh trước ngày giao dịch trong rổ VN30
SHB,8/2/2023,14:05,"SHB đã thoái xong 50% vốn tại SHBFinance, thu về khoản lãi lớn"
SHB,7/31/2023,17:30,"SHB tăng trưởng an toàn, bền vững, chuyển đổi mạnh mẽ và toàn diện"
SHB,7/24/2023,15:30,"Cổ đông SHB nhận loạt tin vui, cổ phiếu liên tục thăng hoa"
SHB,7/23/2023,16:07,Vietcombank và SHB sẽ chốt quyền nhận cổ tức vào đầu tuần tới
SHB,7/18/2023,10:40,SHB chính thức lọt chỉ số VN30
SHB,7/11/2023,8:00,"SHB - ""Ngân hàng có hoạt động Tài trợ Bền vững tốt nhất"" Việt Nam 2023"
SHB,7/6/2023,22:40,"Reuters: SHB đang đàm phán bán tới 20% vốn cho nhà đầu tư nước ngoài với định giá có thể đạt 2,2 tỷ USD"
SHB,6/21/2023,15:30,Thêm thương vụ M&A đáng chú ý trong lĩnh vực tài chính tiêu dùng
SHB,6/19/2023,15:30,Phân tích chiến lược kinh doanh của SHB từ thương vụ thoái vốn SHBFinance
SHB,6/16/2023,12:11,SHB được NHNN chấp thuận tăng vốn điều lệ lên 36.645 tỷ đồng
SHB,5/23/2023,11:00,SHB hoàn tất chuyển nhượng 50% vốn điều lệ SHBFinance cho đối tác Krungsri
SHB,5/15/2023,8:00,Doanh nhân Đỗ Quang Hiển nhận kỷ niệm chương vì sự nghiệp phát triển ĐHQG Hà Nội
SHB,4/29/2023,15:47,Nhờ đâu SHB lãi trước thuế hơn 3.600 tỷ trong quý I?
SHB,4/26/2023,18:31,SHB Finance chính thức được NHNN chấp thuận chuyển đổi hình thức pháp lý
SHB,4/21/2023,7:58,Moody’s giữ nguyên xếp hạng tín nhiệm B1 cho SHB trong bối cảnh thị trường nhiều biến động
SHB,4/20/2023,16:47,“Câu lạc bộ ngân hàng lãi vạn tỷ” sẽ có thêm thành viên trong năm 2023?
SHB,4/12/2023,21:05,SHB có 2 tân Phó Chủ tịch Hội đồng Quản trị
SHB,4/12/2023,8:06,SHB hoàn tất thương vụ bán công ty tài chính cho người Thái với giá nghìn tỷ
SHB,4/11/2023,18:17,"SHB ước lãi 3.600 tỷ trong quý I, tín dụng tăng 6%"
SHB,4/11/2023,16:32,"Chủ tịch SHB Đỗ Quang Hiển: SHB là cô gái đẹp có nhiều chàng trai từ các quốc gia khác muốn kết hôn, ngân hàng chuẩn bị có một “chàng rể”"
SHB,4/11/2023,14:26,"ĐHĐCĐ SHB: Mục tiêu lợi nhuận vượt 10.000 tỷ, chia cổ tức 18%, tiếp tục kế hoạch bán vốn cho nước ngoài"
SHB,4/6/2023,8:00,"SHB đặt mục tiêu lợi nhuận vượt 10.000 tỷ, chia cổ tức 18%, tiếp tục kế hoạch bán vốn cho nước ngoài trong năm nay"
SHB,4/5/2023,18:25,"Ngân hàng cân đối chỉ tiêu lợi nhuận, tăng cường đầu tư cho nền tảng"
SHB,3/2/2023,8:00,SHB bổ nhiệm Phó tổng giám đốc phụ trách khu vực miền Nam
SHB,1/30/2023,20:51,SHB gia nhập nhóm ngân hàng tăng trưởng mạnh trong năm 2022
SHB,1/10/2023,8:00,"SHB bước vào tuổi 30: Tâm thế mới, Khát vọng lớn"
SHB,12/27/2022,17:06,"Cổ phiếu ngân hàng đồng loạt hồi phục, SHB trở lại vùng giá 10.000 đồng"
SHB,12/26/2022,17:07,"Đến lượt VietinBank siết nợ công ty Louis Rice, rao bán bất động sản thế chấp tại An Giang"
SHB,11/3/2022,13:30,Phát triển con người là chiến lược trọng tâm của SHB
SHB,10/14/2022,13:44,"Hoa hậu Đỗ Mỹ Linh chuẩn bị kết hôn cùng con trai thứ 2 của bầu Hiển, cổ phiếu SHB tăng trần, tài sản gia đình tăng trăm tỷ"
SHB,10/12/2022,19:06,Cổ phiếu ngân hàng hồi phục mạnh mẽ khi mùa công bố kết quả kinh doanh đến gần
SHB,10/12/2022,10:08,"SHB báo lãi trước thuế hơn 9.000 tỷ đồng trong 9 tháng đầu năm, tăng 79% so với cùng kỳ"
SHB,10/8/2022,15:15,"Đi giao dịch, đừng nhầm lẫn giữa tên các ngân hàng"
SHB,9/24/2022,17:08,"SHB bán nợ hơn 1.400 tỷ đồng thế chấp bằng loạt tài sản 'khủng' tại Hà Nội, TP HCM"
SHB,9/23/2022,8:00,Ngân hàng SHB “thắng lớn” các giải thưởng của ABF
SHB,9/15/2022,13:30,SHB tổ chức cuộc thi ý tưởng thiết kế “Sáng tạo không giới hạn”
SHB,9/2/2022,7:31,SHB bổ nhiệm một loạt lãnh đạo cao cấp
SHB,8/12/2022,14:30,SHB được NHNN chấp thuận thay đổi vốn điều lệ lên 26.674 tỷ đồng và sẽ thực hiện tăng vốn lên 36.459 tỷ đồng trong năm 2022
SHB,8/12/2022,14:00,SHB tự hào là một trong những “Nơi làm việc tốt nhất Châu Á” 2022
SHB,7/20/2022,13:23,"Chân dung Quyền Tổng Giám đốc SHB: Là tiến sỹ kinh tế, hơn 11 năm làm Phó Tổng"
SHB,7/14/2022,14:58,"Lợi nhuận 6 tháng SHB ước đạt gần 5.900 tỷ, tăng 84% so với cùng kỳ"
SHB,5/28/2022,7:06,"Ngân hàng siết hàng loạt xe sang, bất động sản của ông Nhân Louis"
SHB,5/27/2022,8:48,Dự báo một cổ phiếu ngân hàng được hai ETF ngoại thêm mới trong kỳ cơ cấu quý II
SHB,5/19/2022,7:23,"Lãi cho vay tăng mạnh hơn chi phí huy động, ngân hàng kiếm đậm từ mảng tín dụng"
SHB,5/7/2022,7:33,"Ngân hàng ồ ạt phát hành cổ phiếu trả cổ tức: Cổ đông lo pha loãng giá, lãnh đạo khuyên hãy vững tâm"
SHB,5/3/2022,14:05,"Moody's nâng xếp hạng tín nhiệm của SHB, triển vọng tích cực"
SHB,4/30/2022,15:57,Vì sao 'bầu Hiển' xin từ nhiệm Chủ tịch T&T và một loạt công ty?
SHB,4/29/2022,16:03,Nhờ đâu lợi nhuận quý I SHB gấp gần 2 lần cùng kỳ?
SHB,4/26/2022,16:38,"""Bầu"" Hiển tiếp tục làm Chủ tịch SHB thêm 5 năm"
SHB,4/23/2022,15:53,Đại gia du lịch phố cổ Hà Nội bị ngân hàng siết nợ cả dàn ô tô
SHB,4/20/2022,16:39,"LPB và SHB đua nhau giảm sàn, khối ngoại tranh thủ gom mạnh cổ phiếu ngân hàng giá rẻ"
SHB,4/18/2022,12:52,"Nhà đầu tư ""rút kinh nghiệm thương đau"", ngân hàng vẫn dồn dập tính tăng vốn với ít nhất 120 nghìn tỷ"
SHB,4/16/2022,17:16,"SHB muốn tăng mạnh vốn điều lệ thêm hơn 9.300 tỷ, sẽ vượt qua Techcombank, Agribank, ACB"
SHB,4/16/2022,0:56,"""Đại thiếu gia"" nhà Bầu Hiển - Đỗ Quang Vinh dự kiến tham gia vào HĐQT ngân hàng SHB"
SHB,4/11/2022,20:47,"Ngân hàng chào bán khoản nợ của công ty du lịch, thế chấp bằng một loạt xe ô tô giường nằm"
SHB,4/6/2022,15:12,SHB bán các khoản nợ liên quan đến 2 dự án lớn của Tân Hoàng Minh
SHB,4/5/2022,16:47,SHB lên tiếng về vai trò trong lô trái phiếu bị huỷ của nhóm Tân Hoàng Minh
SHB,3/7/2022,16:54,SHB nới ''room'' ngoại từ 10% lên 30%
SHB,2/23/2022,17:55,SHB chuẩn bị họp cổ đông bầu HĐQT nhiệm kỳ mới: Bầu Hiển sẽ chọn SHB hay Tập đoàn T&T?
SHB,2/16/2022,18:12,IFC thu xếp vốn cho liên doanh T&T Group – YCH phát triển ‘siêu cảng’ ICD Vĩnh Phúc
SHB,2/10/2022,20:08,"SSI gọi tên 9 cổ phiếu sáng giá trong tháng Hai, 4 trong số đó là ngân hàng"
SHB,2/10/2022,10:40,"11 nhà băng Việt lọt Top 500 ngân hàng có giá trị thương hiệu lớn nhất toàn cầu: Techcombank lần đầu lọt Top200, giá trị MB tăng gấp đôi"
SHB,2/2/2022,10:27,"Chân dung doanh nhân tuổi Nhâm Dần Đỗ Quang Hiển: Bỏ nghiệp khoa học đi làm kinh doanh thành chủ tịch nghìn tỷ, ông bầu bóng đá nổi tiếng"
SHB,2/1/2022,8:00,"Những sếp ngân hàng tuổi Dần: Chủ tịch quyền lực của SHB và VietinBank, CEO ACB đi lên từ vị trí thực tập sinh"
SHB,1/31/2022,10:49,"Trước thềm năm Dần nhìn lại năm tuổi của 6 sếp ngân hàng tuổi Sửu: 1 người lên Phó thống đốc, 2 người trở thành chủ tịch, 1 người rời ghế CEO, 4 ngân hàng KQKD ấn tượng"
SHB,1/27/2022,8:01,"SHB lãi hơn 6.200 tỷ năm 2021, dự kiến trả cổ tức tối thiểu 15%"
SHB,1/12/2022,14:56,Hai con trai Chủ tịch Tân Hoàng Minh và Ngôi Sao Việt vừa thế chấp 6 triệu cổ phiếu tại 1 ngân hàng
SHB,1/5/2022,7:10,"Muôn vẻ cổ phiếu ngân hàng ""lên sàn"" năm 2021: SSB tăng gấp 3, SHB đi lùi so với giá tham chiếu"
SHB,12/20/2021,16:49,"Bán giá 12.500 đồng, SHB vẫn còn dư gần 17 triệu cổ phiếu"
SHB,12/18/2021,19:58,"SHB sắp bầu Chủ tịch nhiệm kỳ mới, bầu Hiển sẽ chọn SHB hay Tập đoàn T&T?"
SHB,12/14/2021,16:52,Công ty chứng khoán của Bầu Hiển nộp gần 100 tỷ mua cổ phiếu SHB
SHB,12/12/2021,7:25,Nhóm Bầu Hiển đã nộp hơn 1.200 tỷ để mua gần 100 triệu cổ phiếu SHB
SHB,11/7/2021,16:30,Thiếu gia nghìn tỷ nhà bầu Hiển định nghĩa về tiền: “Có tiền có thể làm sếp nhưng chưa chắc đã là doanh nhân”
SHB,11/4/2021,15:31,"SHB tăng vọt 6,5% kèm khối lượng giao dịch bùng nổ, dòng tiền chỉ ""tạm trú"" ở cổ phiếu ngân hàng được 1 phiên?"
SHB,10/30/2021,13:32,"SHB có Phó Tổng giám đốc trẻ nhất ngân hàng, là con trai ""Bầu Hiển"""
SHB,10/15/2021,15:30,"Cổ phiếu ngân hàng OCB tăng vọt cùng khối lượng cao đột biến, TPB lập đỉnh mới, SHB bị ""xả"" ngày thứ 2 liên tiếp"
SHB,10/14/2021,15:34,"Cổ phiếu ngân hàng NVB tiếp tục tăng mạnh, SHB giảm sâu"
SHB,10/13/2021,16:02,"Cổ đông của SeABank ""trúng đậm"", ABB xuất hiện ""giao dịch lạ"" ngày thứ 2 liên tiếp"
SHB,10/13/2021,14:33,"9 tháng đầu năm, SHB đạt 5.055 tỷ đồng lợi nhuận, gấp đôi cùng kỳ"
SHB,10/11/2021,16:06,Giá cổ phiếu SHB tăng 16% chỉ sau 3 phiên
SHB,10/4/2021,19:06,300 triệu trái phiếu SHB được chấp thuận đăng ký niêm yết trên sàn Singapore
SHB,9/21/2021,15:43,SHB chính thức được chuyển sàn sang HoSE
SHB,9/21/2021,8:30,Ngân hàng Nhà nước chấp thuận SHB tăng vốn thêm hơn 7.400 tỷ đồng
SHB,9/16/2021,16:21,HOSE đề nghị HNX cho SHB chuyển sàn
SHB,9/6/2021,17:28,"SSI Research: Cung ngoại tệ được hỗ trợ từ thương vụ bán vốn FE Credit, SHB Finance và đầu tư của LG Display"
SHB,8/25/2021,18:11,SHB sẽ chuyển nhượng 100% vốn tại công ty tài chính SHB Finance cho Krungsri của Thái Lan
SHB,8/15/2021,8:38,Thaiholdings và các thành viên vay margin nửa nghìn tỷ đầu tư chứng khoán
SHB,8/12/2021,12:28,SHB khoá room ngoại để chuẩn bị chào bán cổ phiếu
SHB,8/5/2021,8:33,"Ông Nguyễn Văn Lê thôi làm Tổng giám đốc, ai sẽ tạm thời điều hành SHB?"
SHB,8/4/2021,19:43,Ông Nguyễn Văn Lê thôi làm Tổng Giám đốc SHB
SHB,7/30/2021,15:28,"SHB báo lãi gần 3.100 tỷ đồng trong 6 tháng đầu năm, tăng 86,5% so với cùng kỳ"
SHB,7/22/2021,11:21,Xuất hiện tài khoản mạng xã hội giả mạo lãnh đạo và hình ảnh SHB cho vay tài chính
SHB,7/12/2021,20:46,Trưởng nam nhà bầu Hiển: ‘Đầu tư phải sáng suốt và biết chấp nhận rủi ro’
SHB,7/9/2021,9:12,Dư bán từ “vua thanh khoản” sàn HNX
SHB,7/3/2021,10:59,"SHB miễn phí hơn 100.000 bộ kit xét nghiệm nhanh Covid-19 cho khách hàng, đối tác, CBNV và cộng đồng"
SHB,6/23/2021,10:51,Lãnh đạo SHB: Cổ phiếu SHB tăng giá thời gian qua một phần nhờ kết quả xử lý nợ xấu
SHB,6/16/2021,7:51,Hôm nay có thêm 175 triệu cổ phiếu ngân hàng giao dịch trên sàn
SHB,6/14/2021,16:13,Cổ phiếu SHB đang ở thời điểm quan trọng
SHB,6/8/2021,18:03,SHS vừa vay 1.800 tỷ từ SHB để bổ sung nguồn
SHB,6/7/2021,10:52,Con trai Bầu Hiển đăng ký mua cổ phiếu SHB
SHB,6/3/2021,8:41,"Liên tục nổi sóng, nhiều tổ chức “cuống cuồng” nâng giá mục tiêu cổ phiếu ngân hàng"
SHB,6/1/2021,17:00,SHB sắp niêm yết bổ sung hơn 175 triệu cổ phiếu
SHB,5/31/2021,21:44,"Hoà Phát vượt 10 tỷ USD, bỏ xa Vietinbank, BIDV vào Top4 vốn hoá lớn nhất thị trường, TTCK Việt Nam đã có 44 doanh nghiệp tỷ USD"
SHB,5/29/2021,15:47,Ngân hàng tạm ngừng giao dịch 3 địa điểm để phòng dịch Covid-19
SHB,5/25/2021,11:47,SHB ủng hộ 15 tỷ đồng mua vaccine phòng Covid-19
SHB,5/22/2021,8:37,"SHB hoàn thành phát hành hơn 175 triệu cổ phiếu chia cổ tức, nâng vốn điều lệ lên 19.260 tỷ đồng"
SHB,5/14/2021,15:02,"SHB liên tục phá đỉnh, tài sản của con trai bầu Hiển vượt xa bầu Kiên"
SHB,4/24/2021,10:26,SHB chốt danh sách cổ đông phát hành 175 triệu cổ phiếu trả cổ tức năm 2019
SHB,5/7/2021,,"SHB chốt danh sách cổ đông vào ngày 7/5/2021 để trả cổ tức 2019, tỷ lệ 10%"
SHB,4/22/2021,17:20,"Vì sao SHB đặt mục tiêu lợi nhuận tham vọng, tăng 88% trong năm 2021?"
SHB,4/21/2021,14:49,SHB đã đáp ứng đầy đủ điều kiện chuyển niêm yết trên HoSE
SHB,4/19/2021,14:45,"SHB muốn khoá ""room"" ngoại để đón nhà đầu tư chiến lược nước ngoài"
SHB,4/17/2021,7:00,Ngân hàng Nhà nước chấp thuận cho SHB được tăng vốn qua trả cổ tức
SHB,3/27/2021,22:48,"""Hiện tượng"" SSB và SHB"
SHB,3/18/2021,16:26,"SHB hủy niêm yết hơn 4,8 triệu cổ phiếu, giảm vốn điều lệ"
SHB,3/15/2021,7:29,"SHB dự kiến chia 20,5% cổ tức cho năm 2019 và 2020"
SHB,3/10/2021,13:25,SHB đặt mục tiêu tăng 70% lợi nhuận trong năm nay
SHB,3/5/2021,12:37,"SHB công bố báo cáo kiểm toán 2020: Nợ xấu thấp nhất trong 10 năm, dự phòng bao nợ xấu cao nhất 5 năm"
SHB,1/31/2021,18:32,"SHB đã xử lý xong toàn bộ tồn đọng liên quan đến Habubank, tỷ lệ nợ xấu giảm mạnh về 1,71%"
SHB,1/30/2021,17:13,"SHB ghi nhận lợi nhuận hơn 3.400 tỷ đồng, lãi từ chứng khoán đầu tư tăng đột biến"
SHB,11/28/2020,11:18,Nghi can cướp ngân hàng SHB ở Bình Dương bị bắt
SHB,9/27/2020,20:40,"Bị ngân hàng SHB thu giữ tài sản, Công ty An Trường An (ATG) nói gì?"
SHB,9/23/2020,12:10,SHB thu giữ tài sản của An Trường An để xử lý nợ xấu
SHB,9/19/2020,10:41,HoSE đã nhận hồ sơ niêm yết của SHB
SHB,8/25/2020,8:24,"ACB và SHB có kế hoạch chuyển sàn, HNX sắp sạch bóng doanh nghiệp vốn hóa tỷ đô"
SHB,8/1/2020,10:54,"6 tháng, nợ xấu SHB tăng, trích lập dự phòng tăng hơn 3 lần"
SHB,7/23/2020,12:31,Moody's cập nhật xếp hạng tín dụng của 3 công ty tài chính và 2 ngân hàng Việt do tác động của Covid-19
SHB,7/9/2020,16:03,Chủ tịch SHB Đỗ Quang Hiển: Lợi thế của Việt Nam là tiền trong dân rất lớn
SHB,6/16/2020,17:53,"Vụ Cocobay Đà Nẵng: Đạt được thoả thuận chung khi Thành Đô, SHB nhượng bộ"
SHB,6/15/2020,14:16,"ĐHCĐ SHB: ""Bầu"" Hiển nói gì về việc tài trợ vốn cho dự án Cocobay?"
SHB,6/8/2020,10:35,SHB miễn nhiệm một Phó tổng giám đốc
SHB,5/7/2020,14:28,"SHB phát hành thành công hơn 500 triệu cổ phiếu, nâng vốn điều lệ lên 17.558 tỷ đồng"
SHB,4/13/2020,15:39,"SHB tăng gần gấp 3 lần từ khi mua vào, con trai bầu Hiển tạm lãi gần 600 tỷ đồng chỉ sau 2 tháng"
SHB,4/10/2020,11:00,SHB bán công ty tài chính tiêu dùng SHBFC cho đối tác nước ngoài
SHB,4/4/2020,11:24,Cổ phiếu của một ngân hàng vẫn tăng gấp đôi bất chấp dịch Covid-19 nhấn chìm TTCK
SHB,4/3/2020,16:08,"SHB tung gói tín dụng 25.000 tỷ đồng, lãi suất giảm ít nhất 2%/năm cho cả khoản vay cũ lẫn mới, lãnh đạo cấp cao tự nguyện giảm 50% lương"
SHB,3/6/2020,14:06,"Ngoài SHB, ông Đỗ Quang Hiển còn sở hữu hàng loạt công ty trên sàn chứng khoán"
SHB,2/25/2020,15:42,"SHB giảm 1,5% lãi suất cho vay, tung gói tín dụng 3.000 tỷ ưu đãi khách hàng bị ảnh hưởng covid-19"
SHB,12/30/2019,10:04,"NHNN chấp thuận cho SHB trả cổ tức bằng cổ phiếu, sẽ tăng vốn điều lệ lên hơn 17.500 tỷ đồng"
SHB,12/13/2019,17:51,SHB được chấp thuận tăng vốn điều lệ lên trên 15.000 tỷ đồng
SHB,12/5/2019,13:01,Bầu Hiển kỳ vọng gì khi trở thành đối tác chiến lược của Amazon?
SHB,12/5/2019,9:44,Tương lai của kinh tế số tại Việt Nam nhìn từ thương vụ hợp tác giữa SHB và Amazon
SHB,11/29/2019,21:15,"SHB phản hồi về phát ngôn của triệu phú Việt ""sa lầy"" 600 tỷ ở Cocobay"
SHB,11/28/2019,20:00,"Triệu phú Việt ""sa lầy"" 600 tỷ ở Cocobay"
SHB,11/28/2019,11:20,Khách mua Cocobay Đà Nẵng phải trả lãi suất ngân hàng bao nhiêu?
SHB,11/27/2019,13:05,Vụ Cocobay vỡ trận: Ngân hàng cũng...lo ngay ngáy
SHB,10/28/2019,11:40,"Những cuộc họp qua trưa, xuyên tối, thông đêm và bữa ăn bằng mỳ tôm, bánh mỳ của bầu Hiển"
SHB,10/25/2019,17:02,SHB báo lãi trước thuế 2.260 tỷ đồng trong 9 tháng đầu năm
SHB,8/19/2019,12:46,SHB đấu giá 5 khu đất diện tích gần 24.000 m2 tại Ba Vì
SHB,7/11/2019,9:54,4 ngân hàng Việt lọt top những nơi làm việc tốt nhất châu Á
SHB,7/2/2019,16:46,Doanh nghiệp bảo hiểm liên quan ông Đỗ Quang Hiển muốn thoái toàn bộ vốn SHB
SHB,4/23/2019,19:58,Lợi nhuận trước thuế của SHB tăng gần gấp rưỡi trong quý 1
SHB,4/23/2019,15:08,"ĐHCĐ SHB: Tăng vốn điều lệ thêm hơn 5.500 tỷ, mở rộng thị trường sang châu Phi"
SHB,4/19/2019,9:37,"SHB trình trình cổ đông kế hoạch lãi hơn 3.000 tỷ, thành lập ngân hàng con ở Bờ Biển Ngà"
SHB,12/27/2018,14:51,Lĩnh án vì làm giả hồ sơ chiếm đoạt hàng chục tỷ đồng
SHB,10/27/2018,10:01,SHB bổ nhiệm phó tổng giám đốc mới từ TCBS
SHB,9/7/2018,11:53,SHB vay 20 triệu Euro và 20 triệu USD từ 2 định chế tài chính của Nga
SHB,8/27/2018,19:35,6 ngân hàng cam kết tài trợ tín dụng 34.000 tỷ cho 10 doanh nghiệp Quảng Bình
SHB,5/3/2018,12:03,"SHB lãi ròng quý I đạt 402 tỷ đồng, thu dịch vụ thấp nhất 2 năm"
SHB,4/23/2018,17:36,SHB lãi trước thuế hơn 500 tỷ đồng trong quý I
SHB,4/23/2018,15:27,ĐHĐCĐ SHB: Chia cổ tức bằng cổ phiếu tỷ lệ 10% và bầu thành viên HĐQT độc lập mới
SHB,4/20/2018,9:11,"SHB đặt mục tiêu lãi 2.050 tỷ trong năm 2018, đẩy mạnh hoạt động công ty tài chính"
SHB,3/7/2018,16:15,SHB hoàn thành tăng vốn điều lệ lên hơn 12.000 tỷ đồng
SHB,2/1/2018,9:08,"SHB đạt lợi nhuận trước thuế 1.938 tỷ đồng, tăng 66% so với năm 2016"
SHB,1/28/2018,11:46,"U23 Việt Nam thăng hoa tại Châu Á, cổ phiếu của Bầu Đức, Bầu Hiển “gây bão” trên sàn chứng khoán những ngày đầu năm mới"
SHB,1/25/2018,18:51,Thêm SHB giảm lãi suất cho vay
SHB,1/23/2018,8:11,"Nhân viên Sacombank, SHB, Vietcombank, VPBank, TPBank chuẩn bị ""may túi ba gang"" mang đi mà đựng thưởng Tết"
SHB,1/12/2018,16:17,"SHB khớp lệnh kỷ lục 650 tỷ đồng, bay mất 12% ngay trong phiên"
SHB,12/20/2017,18:54,Chủ tịch SHB Đỗ Quang Hiển là lãnh đạo ngân hàng duy nhất được vinh danh doanh nhân châu Á
SHB,12/19/2017,23:02,"SHB bán hết cổ phần tại chứng khoán SHBS với giá gần 8.000 đồng/cp, kế hoạch sáp nhập SHBS với SHS vẫn bỏ ngỏ"
SHB,11/29/2017,13:18,Dự đoán SHB và BMP sẽ được thêm vào danh mục 2 quỹ ETFs tháng 12 tới
SHB,11/1/2017,14:32,Giải mã hiện tượng lãi đột biến từ hoạt động dịch vụ của SHB
SHB,11/1/2017,10:05,"Vượt qua 3 ông lớn BIDV, Vietcombank, VietinBank, lãi từ hoạt động dịch vụ của SHB làm nên kỷ lục"
SHB,7/29/2017,10:16,"SHB báo lãi nửa đầu năm 645 tỷ đồng, tăng 52% so với cùng kỳ"
SHB,7/18/2017,17:05,Gập ghềnh đường về mệnh giá của 2 cổ phiếu Ngân hàng
SHB,7/17/2017,16:07,Ngân hàng Việt nhận được gì khi... đem chuông đi đánh xứ người?
SHB,7/3/2017,13:34,"Những ngân hàng nông thôn thời ấy, giờ ra sao?"
SHB,6/26/2017,14:00,SHB được chấp thuận mở văn phòng đại diện tại Myanmar
SHB,6/9/2017,11:16,NHNN chấp thuận SHB tăng vốn cho ngân hàng con tại Campuchia lên gấp rưỡi
SHB,6/5/2017,13:36,Bầu Hiển và T&T chuyển nhượng toàn bộ cổ phần tại SHF cho 2 cá nhân
SHB,5/14/2017,15:35,Hơn nghìn người được tuyển mới vào các ngân hàng trong quý I
SHB,5/4/2017,10:00,SHB cho vay ngành nghề nào nhiều nhất?
SHB,4/27/2017,10:04,"ĐHĐCĐ SHB: Cổ đông ""đòi"" cổ tức bằng tiền mặt, ""bầu"" Hiển nói các vị thử ngồi vị trí của lãnh đạo đi"
SHB,4/26/2017,16:11,"ĐHCĐ SHS: Chia cổ tức bằng tiền mặt tỷ lệ 8%, sáp nhập với SHBS"
SHB,4/25/2017,10:45,SHB có quá tham vọng trong năm 2017?
SHB,4/14/2017,17:35,Điều gì đang xảy ra với cổ phiếu SHB?
SHB,4/7/2017,11:32,"Lại một lần nữa, đơn vị có liên quan đến bầu Hiển ""lỡ làng"" trong việc mua vào cổ phiếu SHB"
SHB,3/16/2017,15:56,"Không cần phải nổi sóng tăng giá, cổ phiếu SHB vẫn...nóng"
SHB,2/28/2017,8:35,Bảo Hiểm Sài Gòn Hà Nội đăng ký mua 16 triệu cổ phiếu SHB
SHB,2/3/2017,20:33,Phát lệnh truy nã Giám đốc Công ty Xuân Phát Bùi Nguyên Khánh
SHB,2/3/2017,15:15,"Tập trung cho vay ngành nghề ít rủi ro, SHB báo lãi trước thuế 1.164 tỷ đồng trong năm 2016"
SHB,1/18/2017,11:30,VVF chính thức ký bàn giao và sáp nhập vào SHB
SHB,12/20/2016,20:15,"SHB sắp trả cổ tức bằng cổ phiếu với tỷ lệ 7,5%"
SHB,11/29/2016,19:41,Chị gái của bầu Hiển lại đăng ký mua 18 triệu cổ phiếu SHB
SHB,11/29/2016,17:59,"SHB sẽ ""đi theo"" MB và HDBank?"
SHB,11/16/2016,8:04,Mảnh đất màu mỡ cho các ngân hàng
SHB,11/13/2016,8:22,“Soi” cơ cấu nguồn thu của nhà băng Việt
SHB,10/28/2016,20:30,SHB đạt gần 790 tỷ đồng lợi nhuận trước thuế trong 9 tháng
SHB,10/19/2016,13:37,Chị gái của bầu Hiển đăng ký mua 20 triệu cổ phiếu SHB
SHB,9/14/2016,14:00,NHNN chấp thuận nguyên tắc Vinaconex Viettel sáp nhập vào ngân hàng SHB
SHB,9/12/2016,9:54,SHB chính thức có ngân hàng 100% vốn tại Campuchia
SHB,8/25/2016,10:39,SHB đã thoái vốn khỏi Chứng khoán Sài Gòn Hà Nội (SHS)
SHB,8/3/2016,8:39,"SHB: Chi phí hoạt động tăng mạnh, lợi nhuận sau thuế quý II giảm 16% so cùng kỳ"
SHB,7/21/2016,14:07,"SHS lãi ròng 38 tỷ đồng sau 6 tháng, hoàn thành 38% kế hoạch cả năm 2016"
SHB,7/21/2016,8:02,SHB tiếp tục nỗ lực thoái vốn khỏi Chứng khoán Sài Gòn Hà Nội (SHS)
SHB,6/28/2016,17:40,Thêm 3.000 tỷ đồng tín dụng ưu đãi DN nhỏ và vừa
SHB,6/16/2016,16:47,SHB được sửa đổi vốn điều lệ lên 9.485 tỷ đồng
SHB,6/7/2016,19:32,SHB được chỉ định phục vụ dự án ODA do ADB và chính phủ Nhật tài trợ
SHB,5/5/2016,11:58,"SHB: Chi phí dự phòng quý I tăng đột biến ""hãm"" đà tăng lợi nhuận"
SHB,4/26/2016,8:33,Nỗi niềm cổ đông ngân hàng nhiều năm không một xu cổ tức
SHB,4/21/2016,17:02,ĐHĐCĐ SHB: SHBS có sáp nhập vào SHS hay không?
SHB,4/21/2016,16:49,"Quý I/2016, SHB đạt hơn 300 tỷ đồng lợi nhuận"
SHB,4/13/2016,14:32,SHS chuẩn bị tiến hành hợp nhất với SHBS?
SHB,3/17/2016,16:24,Bí thư Tp.HCM Đinh La Thăng đi thăm ngân hàng
SHB,2/17/2016,17:41,SHB lãi trước thuế 1.026 tỷ đồng trong năm 2015
SHB,2/15/2016,14:30,Phó Thủ tướng Nguyễn Xuân Phúc thăm và chúc Tết ngành ngân hàng
SHB,1/17/2016,9:46,Thăng trầm cổ phiếu ngân hàng
SHB,1/15/2016,16:18,SHB chính thức có ngân hàng 100% vốn tại Lào
SHB,11/22/2015,17:01,Nợ xấu ngân hàng đã đi qua miền tối – sáng?
SHB,11/19/2015,15:48,"Tập đoàn T&T đăng ký bán 6,2 triệu cổ phiếu SHS"
SHB,11/18/2015,10:08,"IPO Unimex Hanoi: Lượng đặt mua gấp 3,65 lần chào bán"
SHB,11/17/2015,18:42,Hàng loạt ngân hàng cắt giảm mạnh lương thưởng
SHB,11/16/2015,16:38,"9 tháng, SHB lãi trước thuế 727 tỷ đồng, tỷ lệ nợ xấu 2,38%"
SHB,10/25/2015,9:03,Chủ tịch SHB: Tôi không phải vua chứng khoán
SHB,10/24/2015,9:40,Ông Đỗ Quang Hiển: Đừng nghĩ chủ tịch ngân hàng là sướng!
SHB,10/23/2015,8:03,"""Sình lầy"" nợ xấu, đại gia ngân hàng vẫn đua nhau “ôm” công ty tài chính?"
SHB,10/22/2015,14:49,"Nhận VVF, SHB kỳ vọng gì trong 2 năm tới?"
SHB,10/22/2015,11:14,SHB: Lợi nhuận trước thuế 9 tháng đạt 702 tỷ đồng
SHB,10/22/2015,9:58,"""Sức khỏe"" của Tài chính Vinaconex trước ngày sáp nhập vào SHB"
SHB,10/22/2015,8:58,SHB sẽ làm gì sau khi nhận sáp nhập Tài chính Vinaconex Viettel?
SHB,10/22/2015,8:25,SHB muốn miễn toàn bộ thuế TNDN từ 2013 đến 2018
SHB,10/17/2015,10:00,Khi Chủ tịch ngân hàng đi... bán cá
SHB,9/21/2015,22:48,SHB chốt quyền dự ĐHCĐ bất thường thông qua việc sáp nhập Vinaconex-Viettel
SHB,9/4/2015,13:57,IPO Vegetexco: 6 nhà đầu tư mua hết gần 28 triệu cổ phần chào bán
SHB,8/26/2015,8:50,"Bầu Hiển ""làm nông"" vì bất động sản"
SHB,8/6/2015,8:54,SHB trả cổ tức năm 2014 bằng cổ phiếu tỷ lệ 7%
SHB,8/4/2015,22:45,Một loạt công ty niêm yết thay đổi nhân sự
SHB,8/3/2015,15:17,SHB miễn nhiệm thành viên HĐQT độc lập Lê Quang Thung
SHB,7/23/2015,19:57,SHB được NHNN chấp thuận tăng vốn điều lệ lên 9.486 tỷ đồng
SHB,5/18/2015,14:44,SHB đạt lợi nhuận trước thuế 208 tỷ đồng trong quý 1
SHB,5/4/2015,8:19,Năm 2015: Kinh doanh ngân hàng sẽ bớt khó khăn
SHB,4/24/2015,16:17,Chủ tịch SHB: Tài chính Vinaconex – Viettel như “cô gái đẹp”
SHB,4/24/2015,14:40,Năm 2015: SHB điều chỉnh kế hoạch tăng trưởng tín dụng lên mức 15%
SHB,4/24/2015,10:33,ĐHCĐ ngân hàng SHB: Sáp nhập VVF với tỷ lệ hoán đổi 1:1
SHB,4/22/2015,17:08,Năm 2015: SHB đặt kế hoạch đạt 1.120 tỷ đồng LNTT và tăng vốn điều lệ lên 10.486 tỷ đồng
SHB,4/22/2015,17:05,SHB: Lãi suất cho vay năm 2015 có thể giảm thêm 1%
SHB,4/10/2015,16:36,SHS bổ nhiệm thành viên HĐQT
SSI,12/25/2024,16:53,"SSI hoàn tất tăng vốn điều lệ lên gần 20.000 tỷ, lấy lại vị trí số 1 về quy mô vốn ngành chứng khoán"
SSI,12/4/2024,8:00,"SSI tung chương trình thu nhập thụ động lâu dài, hoa hồng tới 90%"
SSI,12/3/2024,15:14,"Chủ tịch Chứng khoán SSI: Có khuôn khổ pháp lý, Việt Nam sẽ trở thành trung tâm tài sản số của khu vực"
SSI,12/1/2024,10:00,VTIS 2024: “Cuộc hội ngộ tháng 12” của hàng trăm diễn giả Việt Nam và quốc tế
SSI,11/4/2024,11:39,"Chuyên gia giải nghĩa “tín dụng đen” cho GenZ: Chủ động dụ dỗ, lãi “cắt cổ” và hệ quả là sự tấn công, khủng bố, rủi ro tính mạng"
SSI,10/18/2024,18:42,"Công ty mẹ SSI báo lãi trước thuế quý 3 tăng 11% so với cùng kỳ năm ngoái, dư nợ margin hơn 19.000 tỷ đồng"
SSI,10/10/2024,15:17,"Căn hộ dưới 2 tỷ đồng gần như biến mất khỏi thị trường, ông Nguyễn Duy Hưng 'cảnh báo' giới trẻ: Nếu không tìm kênh đầu tư thì khó mà mua nhà"
SSI,9/25/2024,9:56,"Ông Phạm Lưu Hưng: Phát triển TTCK không chỉ có nâng hạng lên thị trường cận biên, mà phải nâng hạng cả nhà đầu tư từ F0 lên chuyên nghiệp"
SSI,9/5/2024,10:51,Chứng khoán SSI sắp chi hơn 1.500 tỷ đồng trả cổ tức
SSI,8/29/2024,15:40,"Cuộc đua tăng vốn ngành chứng khoán nóng trở lại: SSI sắp nâng vốn điều lệ lên hơn 19.600 tỷ, giành lại ""ngôi vương"" từ VNDirect"
SSI,8/28/2024,13:28,"Con trai Chủ tịch SSI Nguyễn Duy Hưng bán ra cổ phiếu, ai là người mua vào?"
SSI,8/27/2024,10:27,Con trai Chủ tịch Nguyễn Duy Hưng bán ra toàn bộ 47 triệu cổ phiếu SSI
SSI,8/10/2024,11:31,Các công ty chứng khoán đóng góp ngân sách Nhà nước hàng nghìn tỷ đồng
SSI,7/18/2024,20:11,"SSI ước lãi trước thuế hợp nhất quý 2 tăng 50%, cao nhất trong vòng 10 quý"
SSI,6/7/2024,9:05,"SSIAM VÀ USITC ký kết thỏa thuận hợp tác, đẩy mạnh phát triển khách hàng tại Việt Nam và Đài Loan (Trung Quốc)"
SSI,4/26/2024,10:15,Công ty chứng khoán chi nghìn tỷ trả cổ tức
SSI,4/21/2024,0:01,"Sốc: Cho vay margin lập kỷ lục ngay trước cú rơi hơn 100 điểm, dư nợ vượt thời VN-Index trên đỉnh 1.500"
SSI,4/17/2024,21:17,SSI báo lãi trước thuế quý 1 tăng 53% so với cùng kỳ năm ngoái
SSI,4/17/2024,0:03,Công thức tạo hàng hóa chất lượng cho chứng khoán Việt Nam
SSI,3/28/2024,17:57,"Chủ tịch công ty chứng khoán lớn nhất Việt Nam “lấn sân” sang lĩnh vực tài sản số với dự án SSI Digital, mong sớm có khung pháp lý để thị trường phát triển"
SSI,3/26/2024,0:02,"Những lần công ty chứng khoán báo lỗi hệ thống giao dịch: Từ nghẽn lệnh tới bị hacker ""đánh sập"", công an vào cuộc, nhà đầu tư sốt ruột ""đứng ngoài cuộc chơi"""
SSI,3/19/2024,17:04,"Chứng khoán SSI đặt mục tiêu lợi nhuận 2024 cao kỷ lục, tiếp tục phát hành thêm cổ phiếu"
SSI,2/20/2024,13:54,Chứng khoán SSI bổ nhiệm Phó tổng giám đốc
SSI,2/16/2024,9:53,"CTCK: Hòa Phát bước vào chu kỳ lợi nhuận mới, tận dụng cơ hội ""gom"" cổ phiếu với tầm nhìn dài hạn"
SSI,1/21/2024,1:19,"Dư nợ cho vay tại các công ty chứng khoán lên cao nhất 7 quý, bất ngờ cái tên dẫn đầu không phải SSI, VNDirect, Mirae Asset hay VPS"
SSI,12/21/2023,20:21,Cổ đông SSI thông qua phương án phát hành thêm hơn 453 triệu cổ phiếu nâng vốn điều lệ vượt 19.600 tỷ đồng
SSI,11/23/2023,11:17,"Chứng khoán SSI muốn phát hành thêm gần 500 triệu cổ phiếu cho CĐHH trước khi chào bán riêng lẻ, vốn điều lệ dự kiến vượt 19.600 tỷ"
SSI,10/18/2023,20:38,"Chứng khoán SSI lãi 9 tháng hơn 2.200 tỷ, dư nợ margin gần 15.000 tỷ đồng"
SSI,9/6/2023,19:30,Đối thoại giữa chủ tịch SSI và Ai – nghịch lý hay hợp lý?
SSI,7/21/2023,0:01,"Nhà đầu tư mạnh dạn dùng margin, dư nợ cho vay tại các công ty chứng khoán tăng 27.000 tỷ sau quý 2, lên mức 150.000 tỷ đồng"
SSI,7/19/2023,10:21,"Cổ phiếu chớm tăng trở lại, hàng loạt lãnh đạo doanh nghiệp và người thân bán ra, thu về hàng chục tỷ đồng"
SSI,7/11/2023,18:23,"VPS tiếp tục dẫn đầu thị phần môi giới cổ phiếu trên cả HNX và UPCoM, bỏ xa top sau"
SSI,6/12/2023,21:37,"Một công ty ""vùn vụt"" tăng vốn gần 50 lần trong 3 năm, mới huy động 15 tỷ trái phiếu với lãi suất chỉ 1,33%/năm"
SSI,5/15/2023,13:30,Tận hưởng cơn lốc ưu đãi hè 2023 cho nhà đầu tư chứng khoán
SSI,4/20/2023,6:25,Công ty chứng khoán: Hết thời lãi khủng
SSI,2/16/2023,11:35,"Những ""món ăn"" tinh thần chất lượng cho nhà đầu tư"
SSI,1/13/2023,13:00,"Chuyên gia SSI ""mách nước"" cách phân tích tài chính doanh nghiệp khi mùa báo cáo cận kề, thực chiến cách dự báo triển vọng của nhiều nhóm ngành"
SSI,11/12/2022,1:05,"SSI Research: Kịch bản kém khả quan nhất, lợi nhuận FPT vẫn đạt mức tăng trưởng hai chữ số trong năm 2023"
SSI,10/27/2022,10:08,"VPBank Securities sắp chào bán hơn 600 triệu cổ phần, trở thành CTCK có vốn điều lệ lớn nhất thị trường"
SSI,10/4/2022,8:00,Đặt lệnh – Trúng xe: Nhận quà lên đến 4 tỷ đồng từ SSI
SSI,8/9/2022,19:29,SSI hoàn tất phát hành tăng vốn điều lệ lên hơn 14.900 tỷ đồng
SSI,7/21/2022,15:36,Con trai út ông Nguyễn Duy Hưng mua vào lượng cổ phiếu SSI trị giá khoảng 1.000 tỷ đồng
SSI,7/21/2022,0:41,Daiwa Securities Group Inc đăng ký mua vào hơn 77 triệu cổ phiếu SSI trị giá 1.600 tỷ đồng
SSI,7/20/2022,20:56,"Chứng khoán SSI: Lợi nhuận nửa đầu năm tăng 12% lên 1.376 tỷ đồng, tháng 7 sẽ hoàn tất phát hành thêm 497 triệu cổ phiếu"
SSI,7/19/2022,7:24,Nhóm cổ đông liên quan đến ông Nguyễn Duy Hưng bán ròng hơn 57 triệu quyền mua cổ phiếu SSI
SSI,6/28/2022,17:19,Chuyển đổi số ngành chứng khoán: Bài toán cần giải để khai thác 95% dư địa còn lại và phục vụ thế hệ nhà đầu tư mới
SSI,6/10/2022,8:47,SSI chốt quyền trả cổ tức tiền mặt và chào bán cổ phiếu
SSI,6/5/2022,10:20,"Doanh nghiệp tuần qua: Hòa Phát, MWG, KBC chốt quyền chia thưởng"
SSI,6/4/2022,10:00,SSI khởi động tăng vốn lên 15.000 tỷ: Quy mô vốn điều lệ các công ty chứng khoán top đầu vượt nhiều ngân hàng
SSI,6/3/2022,22:01,"SSI được chấp thuận chào bán 497 triệu cổ phiếu, vốn điều lệ sẽ tăng lên gần 15.000 tỷ đồng"
SSI,5/30/2022,10:55,"Đầu tư chứng khoán không chỉ để hỏi về 3 chữ cái, nhà đầu tư cần làm gì trong thị trường downtrend?"
SSI,5/12/2022,9:02,"Kinh tế trưởng SSI: Cả nhà cả cửa có bao nhiêu tiền đem hết vào chứng khoán, rồi còn dùng margin thì rất khó để nhà đầu tư né được ""lỗ sâu"""
SSI,5/7/2022,16:48,ĐHĐCĐ Chứng khoán SSI: Thị trường giảm sâu nhưng chưa thấy cần điều chỉnh mục tiêu 4.300 tỷ lợi nhuận trước thuế
SSI,4/20/2022,7:15,"Giá điện trên thị trường cạnh tranh tăng 37%, SSI điểm tên 4 cổ phiếu phòng thủ giữa lúc thị trường chứng khoán ""rơi"""
SSI,4/18/2022,13:11,"SSI lên kế hoạch chào bán riêng lẻ tăng vốn điều lệ lên gần 16.000 tỷ đồng, chia cổ tức 10% bằng tiền cho năm 2021"
SSI,4/13/2022,16:15,"SSI đặt mục tiêu 4.370 tỷ LNTT năm 2022, doanh thu vượt 10.000 tỷ đồng"
SSI,4/13/2022,15:48,[Tiền đẻ ra tiền] Đào tạo chứng khoán là điều các bạn trẻ cần được dạy ngay từ khi còn trẻ
SSI,4/9/2022,0:01,VNDirect vượt SSI trở thành công ty chứng khoán vốn hóa lớn nhất Việt Nam
SSI,4/4/2022,10:26,SSI nhận vốn vay tín chấp nước ngoài 148 triệu USD
SSI,3/16/2022,6:26,"""Ông trùm"", ""bà trùm"" chứng khoán Việt mang tiền đầu tư bất động sản: SSI hợp tác đầu tư KCN 620ha, vợ chồng bà chủ VNDirect nhắm 3 siêu dự án"
SSI,3/14/2022,8:43,"Thêm 1 dự án khu công nghiệp chuyên sâu ngành dược quy mô 620 ha do SSI, SSIAM và Shinec hợp tác đầu tư"
SSI,2/14/2022,14:27,Sắp có nguồn vốn khổng lồ bơm ra thị trường: SSI vừa ký hợp đồng vay hạn mức 10.000 tỷ từ một ngân hàng
SSI,2/8/2022,11:00,SSI ra mắt ưu đãi cực lớn: “Giao dịch ngay – Lộc về đầy tay”
SSI,1/19/2022,13:46,Giám đốc Tài chính SSI: Năm 2021 ước đạt lợi nhuận hợp nhất kỷ lục 3.350 tỷ đồng
SSI,1/18/2022,11:51,"Chủ tịch Nguyễn Duy Hưng khuyên nhà đầu tư đừng tự gây thua lỗ khi bán cổ phiếu cơ bản như cổ phiếu ""rác"""
SSI,1/11/2022,17:04,"SSI: Dự nợ margin đến cuối 2021 đạt 22.500 tỷ, ĐHĐCĐ đã thông qua phương án tăng vốn lên gần 15.000 tỷ đồng"
SSI,1/7/2022,6:45,"Chuyên gia SSI: Rủi ro nợ xấu đã phản ánh vào giá cổ phiếu, nhóm ngân hàng có thể bứt phá trong năm 2022"
SSI,1/4/2022,17:19,SSI Research kém lạc quan về triển vọng cổ phiếu thép năm 2022
SSI,1/4/2022,16:13,"Bốn nhóm ngành sẽ vượt trội bất chấp khó khăn trong nửa đầu năm 2022, VN-Index có thể đạt 1.750 điểm nhờ hỗ trợ từ cổ phiếu ngân hàng"
SSI,12/31/2021,14:30,"F0 thua lỗ tới 50% vì lên tàu theo lời ""phím hàng"", chuyên gia SSI ""giải cứu"" với lời khuyên cắt lỗ ngay rồi ngừng giao dịch"
SSI,12/25/2021,12:32,"Chứng khoán SSI muốn tiếp tục chào bán 104 triệu cổ phiếu riêng lẻ, nâng vốn điều lệ sát ngưỡng 16.000 tỷ đồng"
SSI,12/2/2021,21:59,"Em trai Chủ tịch Nguyễn Duy Hưng sắp ""sang tay"" 2,5 triệu cổ phiếu SSI cho công ty cá nhân để tiện quản lý"
SSI,11/30/2021,15:46,"Khối ngoại bán ròng hơn 500 tỷ đồng trong phiên thị trường đảo chiều giảm, tập trung bán HPG, SSI"
SSI,11/25/2021,6:50,"Lợi nhuận 2021 của SSI ước đạt 3.000 tỷ đồng, gấp đôi cùng kỳ"
SSI,11/18/2021,17:26,"Nhóm chứng khoán thăng hoa với ""game"" tăng vốn, SSI và VND sẽ có quy mô vốn như các ngân hàng tầm trung tại Việt Nam"
SSI,11/17/2021,19:38,SSI dự kiến tăng gấp rưỡi vốn điều lệ lên gần 15.000 tỷ đồng
SSI,11/17/2021,15:35,"Cuộc đua VND và SSI đến hồi gay cấn: ""Lằn ranh đỏ"" 12.000 tỷ đồng, ai sẽ là công ty chứng khoán vốn lớn nhất?"
SSI,11/11/2021,17:18,"SSI, HSC, BSC bị khiển trách vì nhiều lần sửa lỗi giao dịch"
SSI,11/10/2021,15:06,"Nối gót hai cổ đông ngoại, SSI bán thành công 15 triệu cổ phiếu PAN, thu về xấp xỉ 550 tỷ đồng"
SSI,11/8/2021,13:30,Sau thép và cảng biển – liệu đến thời cơ đón sóng ngành bán lẻ?
SSI,11/8/2021,9:32,"SSI Research: Động lực đi lên của thị trường trong tháng 11 có thể chậm lại, VN-Index dao động trong ngưỡng 1.400 - 1.480 điểm"
SSI,11/3/2021,17:22,"Sau 2 cổ đông ngoại, SSI cũng đăng ký bán ra 15 triệu cổ phiếu PAN"
SSI,10/23/2021,12:07,Chuyên gia SSI mách nước cách dùng triết lý 10.000 cú đá của Lý Tiểu Long vào đầu tư chứng khoán
SSI,10/22/2021,8:24,Các công ty chứng khoán 'đốt' bao nhiêu tiền cho cuộc đua giành thị phần môi giới?
SSI,10/8/2021,7:56,"Chuyên gia lý giải sự bùng nổ của VPS, vì sao SSI, HSC, VCI... lại tỏ ra hụt hơi trong cuộc đua thị phần chứng khoán và bị đối thủ bỏ xa?"
SSI,10/7/2021,7:20,"SSI Research: ""Thanh khoản cải thiện, VN-Index có thể đạt 1.388 điểm trong tháng 10"""
SSI,10/4/2021,19:24,"SSI ước đạt gần 2.100 tỷ đồng LNTT trong 9 tháng, vượt 12% kế hoạch năm"
SSI,9/20/2021,8:09,SSI hoàn tất nhận giải ngân khoản vay 118 triệu USD từ nhóm ngân hàng nước ngoài
SSI,9/9/2021,15:23,Top ngành đẩy chỉ số sản xuất công nghiệp IIP tháng 8 tăng đều liên quan đến khoáng sản
SSI,9/9/2021,12:47,Chứng quyền do SSI phát hành chiếm 60 - 70% thanh khoản toàn thị trường
SSI,9/8/2021,9:06,"SSI Research: ""Biến động thị trường phụ thuộc lộ trình mở cửa kinh tế, VN-Index có thể lên 1.380 điểm trong tháng 9"""
SSI,9/7/2021,19:30,SSI ước vượt kế hoạch lợi nhuận năm sau 8 tháng
SSI,9/6/2021,11:00,SSI ra mắt gói phí giao dịch mới hấp dẫn
SSI,8/26/2021,20:00,"SSI phát hành 16 chứng quyền mới trong tháng 8, tập trung vào nhóm vốn hóa lớn như HPG, VIC, MSN, MWG, VHM…"
SSI,8/21/2021,10:15,"SSI liên tục phá đỉnh, thêm một quỹ ngoại bán bớt 23 triệu cổ phiếu"
SSI,8/20/2021,10:02,"SSI tiếp tục phá đỉnh, Daiwa Securities bán xong 15,3 triệu cổ phiếu"
SSI,8/14/2021,11:03,"SSI liên tục xác lập đỉnh mới, Daiwa Securities đăng ký bán bớt 15,3 triệu cổ phiếu"
SSI,8/13/2021,19:15,"Chứng khoán SSI triển khai phương án phát hành 329 triệu cổ phiếu thưởng và chào bán cho cổ đông hiện hữu, tăng vốn lên 9.860 tỷ đồng"
SSI,7/26/2021,18:17,SSI huy động thêm 100 triệu USD từ định chế nước ngoài: cuộc đua margin thêm phần sôi động
SSI,7/21/2021,17:51,"Nhà đầu tư cần ""lắng nghe"" yếu tố vĩ mô khi quyết định mua cổ phiếu, ngành xuất khẩu sẽ là điểm sáng trong nửa cuối năm 2021"
SSI,7/21/2021,9:43,"Dư nợ cho vay tại các CTCK lập kỷ lục 145.000 tỷ đồng vào cuối quý 2, SSI lần đầu vượt dư nợ Mirae Asset sau 2 năm"
SSI,7/20/2021,17:37,"SSI lãi trước thuế 1.232 tỷ đồng nửa đầu năm, cho vay ký quỹ đạt kỷ lục hơn 15.500 tỷ đồng"
SSI,6/24/2021,10:16,Chứng khoán SSI cùng nhiều lãnh đạo thoái vốn khỏi dược phẩm OPC
SSI,6/20/2021,6:51,"Doanh nghiệp thưởng ""đậm"" bằng ESOP, cổ đông nhỏ lẻ ""nóng mặt"" tại mùa ĐHCĐ 2021"
SSI,6/4/2021,16:20,Chứng khoán SSI thông qua phương án phát hành 329 triệu cổ phiếu thưởng và chào bán cho cổ đông hiện hữu
SSI,6/3/2021,6:05,"SSI Research: Cổ phiếu ngành chứng khoán hấp dẫn, đáng để đầu tư dài hạn"
SSI,6/2/2021,17:14,"Chứng khoán SSI thoái vốn, không còn là cổ đông lớn tại ELCcom (ELC)"
SSI,6/1/2021,17:44,Chứng khoán SSI chốt quyền chia cổ tức bằng tiền năm 2020 với tỷ lệ 10%
SSI,5/20/2021,17:34,"VNM ETF sẽ thêm mới PDR, VCI, APH và HSG trong kỳ review quý 2?"
SSI,4/29/2021,8:49,"SSI đặt mục tiêu 1.870 tỷ đồng LNTT, dự kiến phát hành tối đa 442 triệu cổ phiếu tăng vốn lên 11.000 tỷ đồng"
SSI,3/25/2021,15:50,Nhân viên công ty chứng khoán nào có hiệu suất sinh lời cao nhất?
SSI,3/16/2021,19:37,SSI đã phát hành gần 47 triệu cổ phiếu chuyển đổi 1.150 tỷ đồng trái phiếu với giá bằng 75% thị giá
SSI,3/5/2021,9:32,Ông Nguyễn Duy Hưng muốn chuyển số cổ phần SSI và PAN trị giá khoảng 340 tỷ đồng sang công ty riêng
SSI,3/3/2021,10:55,"Ông Nguyễn Duy Hưng: Tăng lô lên 1.000 cổ phiếu là giải pháp ""ít dở hơn"" để duy trì hệ thống"
SSI,1/21/2021,14:02,"Dư nợ cho vay tại các CTCK lập kỷ lục hơn 90.000 tỷ đồng vào cuối năm 2020, SSI “phả hơi nóng” vào Mirae Asset"
SSI,1/20/2021,16:18,"SSI lãi trước thuế hợp nhất năm 2020 đạt 1.545 tỷ, tăng 40% năm 2019"
SSI,1/20/2021,11:50,Cổ phiếu chứng khoán tăng gấp 3 so với đáy: Đà tăng có phản ánh đúng lợi nhuận?
SSI,12/27/2020,18:49,"Huy động 383.600 tỷ trong năm 2020, chứng khoán đã và đang trở thành một lĩnh vực quan trọng trong nền kinh tế mới"
SSI,12/24/2020,21:47,"Bibica: 10 năm sau cuộc nội chiến gay gắt, Lotte quyết định thoái sạch hơn 44% vốn"
SSI,11/20/2020,13:11,SSI điều chỉnh phương án phát hành ESOP và gia hạn trái phiếu chuyển đổi
SSI,10/19/2020,12:00,"Chốt lãi DHC, Chứng khoán SSI (mẹ) lãi quý 3 tăng trưởng 31% so với cùng kỳ 2019"
SSI,10/19/2020,11:25,"SSI: LNTT 9 tháng công ty mẹ đạt 1075,6 tỷ đồng, tăng 35% so với cùng kỳ"
SSI,10/12/2020,20:32,SSI Research: Lãi suất sẽ duy trì thấp
SSI,7/31/2020,16:18,Ông Nguyễn Hồng Nam được bổ nhiệm làm Tổng giám đốc Chứng khoán SSI
SSI,7/20/2020,23:30,"Công ty mẹ SSI đạt 652 tỷ đồng LNTT trong quý 2, tăng 172% so với cùng kỳ"
SSI,7/16/2020,11:16,"Sau 20 năm hoạt động, quy mô Công ty chứng khoán tăng trưởng vượt bậc, nhưng giá cổ phiếu gần như “bất động”"
SSI,7/10/2020,10:33,Chứng khoán SSI chốt quyền nhận cổ tức bằng tiền tỷ lệ 10%
SSI,6/27/2020,16:06,"ĐHĐCĐ SSI: Lợi nhuận 6 tháng ước đạt 660 tỷ đồng, hoàn thành 76% kế hoạch năm"
SSI,6/22/2020,17:22,SSI Research: Lãi suất thị trường 2 có thể nhích tăng
SSI,6/3/2020,15:56,"Nhận định thị trường còn khó khăn, SSI đặt mục tiêu 868 tỷ đồng LNTT, giảm 21% so với năm 2019"
SSI,5/12/2020,11:39,Khách hàng SME khiến nợ xấu MB tăng
SSI,4/24/2020,17:06,"Sau SSI, đến lượt VinaCapital bán hàng triệu cổ phiếu DBC ngay khi vượt đỉnh"
SSI,4/20/2020,21:05,"Trích lập dự phòng đột biến cho danh mục tự doanh, SSI vẫn giữ được lợi nhuận dương"
SSI,3/12/2020,23:58,SSI chốt danh sách cổ đông trả cổ tức bằng cổ phiếu
SSI,3/8/2020,11:24,Lợi nhuận 2019 nhóm Công ty chứng khoán ngoại tăng trưởng 218% còn các “ông lớn” trong nước đồng loạt giảm
SSI,2/18/2020,15:16,Chứng khoán SSI triển khai phương án phát hành gần 83 triệu cổ phiếu trả cổ tức
SSI,2/14/2020,14:39,"SSI phát hành 15 triệu chứng quyền cho 5 mã chứng khoán, nhóm ngân hàng chiếm 3 mã"
SSI,2/8/2020,7:40,"Thanh khoản thị trường giảm sút, dư nợ cho vay margin vẫn tăng 22% trong năm 2019"
SSI,1/20/2020,20:00,"SSI: LNTT quý 4 giảm 33% do không còn thu nhập bất thường, ước cả năm hoàn thành kế hoạch hợp nhất"
SSI,1/13/2020,16:23,SSIAM ký kết với công ty quản lý quỹ số 1 Hàn Quốc để thu hút vốn vào Việt Nam
SSI,1/10/2020,20:27,Ngân hàng nào quán quân trong phát hành trái phiếu năm 2019?
SSI,11/26/2019,17:12,"Thanh khoản căng thẳng, kênh hỗ trợ vốn bắt đầu được dùng"
SSI,11/12/2019,15:00,"Đạt Phương (DPG) huy động 300 tỷ trái phiếu, tiếp tục vay ngân hàng với hạn mức hơn ngàn tỷ"
SSI,10/25/2019,15:09,"Chứng khoán SSI xin giảm 22% chỉ tiêu lợi nhuận 2019, tăng vốn lên 6.009 tỷ đồng"
SSI,10/18/2019,20:37,"Lợi nhuận Công ty mẹ SSI giảm 42% trong quý 3, nắm giữ hơn 13.600 tỷ đồng tiền gửi"
SSI,10/7/2019,9:49,SSI phát hành 13 triệu chứng quyền cho 10 mã mới
SSI,10/3/2019,14:35,Chứng khoán SSI xin ý kiến cổ đông điều chỉnh tăng cổ tức
SSI,9/25/2019,14:22,Chứng khoán SSI chốt quyền nhận cổ tức bằng tiền tỷ lệ 10%
SSI,9/19/2019,8:20,Dấu hỏi lớn khi Con Cưng mở rộng chuỗi: Doanh thu tăng vọt nhưng lợi nhuận nửa đầu năm giảm 84% xuống còn 1 tỷ đồng
SSI,7/29/2019,16:22,Tài sản tỷ phú Phạm Nhật Vượng tăng thêm 4.300 tỷ đồng ngay khi những chiếc VinFast Lux đầu tiên được bàn giao
SSI,7/19/2019,20:19,"Công ty mẹ SSI đạt 239 tỷ đồng LNTT trong quý 2, giảm 39% so với cùng kỳ"
SSI,7/6/2019,21:11,"Thị phần môi giới chứng khoán quý 2: SSI dẫn đầu HNX, VPS vượt trội trên thị trường phái sinh"
SSI,7/5/2019,13:19,"SSI dẫn đầu thị phần môi giới cổ phiếu, chứng chỉ quỹ HoSE trong nửa đầu năm 2019"
SSI,6/24/2019,14:25,Lãi suất huy động kỳ hạn dài khả năng tăng tiếp
SSI,6/24/2019,10:30,SSI Research dự báo BVH và BID sẽ lọt rổ VN30 trong kỳ review tháng 7
SSI,6/14/2019,10:20,“Nhà cái” kiếm tiền từ covered warrant như thế nào?
SSI,6/3/2019,21:01,Chênh lệch lãi suất huy động của các ngân hàng ngày càng lớn
SSI,5/20/2019,13:34,Môi giới chứng khoán đổ xô đi bán trái phiếu doanh nghiệp khi lãi suất vượt 11%/năm
SSI,5/6/2019,15:32,Chuyên gia SSI: Áp lực với tỷ giá đang gia tăng
SSI,4/19/2019,20:25,"Công ty mẹ SSI đạt 240 tỷ đồng LNTT trong quý 1, dư nợ cho vay ký quỹ hơn 5.800 tỷ đồng"
SSI,1/30/2019,16:13,"SSI: Lợi nhuận hợp nhất quý 4 xuống thấp nhất 8 quý, gửi tiết kiệm hơn 12.000 tỷ đồng"
SSI,1/23/2019,9:20,"Dù số đông quỹ và nhà đầu tư lỗ, các công ty chứng khoán lớn vẫn ""kiếm đậm"" trong năm 2018"
SSI,1/18/2019,16:06,"SSI (mẹ) báo lãi hơn 1.400 tỷ đồng trong năm 2018, dư nợ margin gần 6.000 tỷ đồng"
SSI,1/4/2019,10:38,Nhóm quỹ Dragon Capital là cổ đông lớn của 3 Công ty chứng khoán lớn nhất Việt Nam
SSI,1/3/2019,7:16,Lãi suất sẽ đứng ở mức cao và tăng tiếp nếu có áp lực tỷ giá
SSI,10/3/2018,0:06,"Thị phần môi giới HoSE quý 3: SSI tiếp tục giữ vững vị trí số 1, BSC trở lại top 10"
SSI,9/21/2018,21:55,Chứng khoán SSI dự chi 500 tỷ đồng trả cổ tức bằng tiền
SSI,8/20/2018,16:27,"Hoãn đấu giá cổ phần trong quý 3 và cân nhắc phương án thay thế, Nam Long Group (NLG) nói gì?"
SSI,7/29/2018,10:17,"Đầu tư ""1 vốn 4 lời"" với cổ phiếu TCB và Thế giới Di động, Chứng khoán Bản Việt thu lãi vài trăm tỷ nhưng chưa hạch toán vào kết quả kinh doanh"
SSI,7/5/2018,14:22,"Thị phần môi giới SSI lần đầu vượt ngưỡng 23%, ngày càng bỏ xa HSC"
SSI,6/9/2018,16:57,"VPBank có công ty tài chính là ""bảo bối"", còn Techcombank có gì?"
SSI,5/21/2018,21:57,"SSI giảm mạnh, Daiwa Securities cũng mới chỉ mua được 31% lượng cổ phiếu đăng ký"
SSI,4/28/2018,8:07,"Đẩy mạnh mảng IB – Chứng khoán HSC có gì để cạnh tranh với các đối thủ ""đáng gờm"" còn lại?"
SSI,4/20/2018,16:21,"ĐHĐCĐ SSI: Doanh thu IB năm 2017 đạt đỉnh hơn 111 tỷ đồng, Chủ tịch Nguyễn Duy Hưng nói gì?"
SSI,4/9/2018,20:11,Cảng Đồng Nai không còn là công ty liên kết của SSI
SSI,4/3/2018,21:21,"Thị phần môi giới HoSE quý 1: SSI bỏ xa các đối thủ, VPBS lần đầu góp mặt trong top 10"
SSI,3/29/2018,15:25,Chứng khoán Sài Gòn (SSI) nhận chuyển nhượng từ SSIAM số cổ phiếu trị giá khoảng 500 tỷ đồng
SSI,3/9/2018,14:46,"SSI đặt mục tiêu lợi nhuận trước thuế tăng 15% so với năm 2017, trình kế hoạch đổi tên"
SSI,2/10/2018,8:20,Một tổ chức nước ngoài ôm trọn 1.150 tỷ đồng trái phiếu chuyển đổi vừa phát hành của SSI
SSI,2/1/2018,17:42,"Thị trường giảm sâu, khối ngoại tiếp tục mua ròng gần 200 tỷ trong phiên giao dịch đầu tháng 2"
SSI,1/9/2018,16:22,"Thị phần môi giới HoSE năm 2017: SSI tiếp tục giữ vững “ngôi vương”, Artex lọt top 10"
SSI,1/9/2018,11:48,Thị phần môi giới chứng khoán HNX năm 2017: SHS bất ngờ bám sát SSI
SSI,12/26/2017,11:20,"Thanh khoản dồi dào, lãi suất liên ngân hàng thấp 'đáng ngạc nhiên'"
SSI,12/18/2017,14:49,"Giảm áp lực nợ công, không nhất thiết phát hành hết trái phiếu năm 2017"
SSI,12/15/2017,13:57,"SSI lấy ý kiến cổ đông để phát hành 1.200 tỷ đồng trái phiếu chuyển đổi, giá chuyển đổi 31.000 đồng/cp"
SSI,12/11/2017,13:15,Chứng khoán Sài Gòn thông qua phương án phát hành 10 triệu cổ phiếu ESOP
SSI,11/28/2017,16:47,"Daiwa Securities đăng ký mua lượng lớn cổ phiếu SSI, chuẩn bị nâng tỷ lệ sở hữu lên trên 20%"
SSI,11/4/2017,20:51,SSI và VNDIRECT bị khiển trách do khách hàng vi phạm tỷ lệ sử dụng tài khoản ký quỹ tại VSD
SSI,11/1/2017,11:51,"Giá trị danh mục giảm mạnh, SSI giảm lãi 40% so với cùng kỳ"
SSI,10/11/2017,21:43,Thị phần môi giới quý III: SHS và VNDirect bất ngờ chiếm lĩnh vị trí dẫn đầu thị phần sàn HNX và UpCom
SSI,9/26/2017,8:11,Chứng khoán Sài Gòn chốt quyền nhận cổ tức năm 2016 bằng tiền
SSI,8/7/2017,7:45,"Cổ phiếu chứng khoán ""được mùa"" chinh phục đỉnh, đã có 11 công ty chứng khoán trị giá hơn nghìn tỷ đồng"
SSI,7/25/2017,7:16,Thấy gì qua giao dịch của khối ngoại trên TTCK Việt Nam trong 6 tháng đầu năm?
SSI,7/23/2017,7:00,Chuyên gia SSI lý giải vì sao TTCK Việt Nam tăng mạnh trong khi tăng trưởng GDP năm 2017 còn gặp nhiều thách thức
SSI,7/21/2017,8:28,"SSI (mẹ): LNTT 6 tháng đạt 731 tỷ đồng, lãi gần 100 tỷ đồng nhờ PLX"
SSI,7/15/2017,14:29,"Chuyên gia SSI: Cứ mua và nắm giữ cổ phiếu, nhưng cũng không thiếu cơ hội để đầu cơ"
SSI,7/7/2017,11:40,"Dẫn đầu thị trường về dư nợ margin, tăng số lượng môi giới lên hơn 400 người, thị phần môi giới của SSI bằng 2 CTCK đứng sau cộng lại"
SSI,6/23/2017,14:22,"Dòng tiền từ các quốc gia châu Á đổ vào chứng khoán Việt, lượng margin thị trường sẽ tiếp tục tăng kỷ lục?"
SSI,6/14/2017,10:00,"Liên tục sửa lỗi giao dịch, hàng loạt công ty chứng khoán bị khiển trách"
SSI,5/22/2017,17:13,"Quỹ ETF của Ishare có thể bỏ gần 28 triệu USD mua ROS, HSG, SSI, SAB…"
SSI,5/17/2017,10:44,Ông Nguyễn Duy Hưng chia sẻ về vai trò của thị trường chứng khoán đối với nền kinh tế
SSI,5/5/2017,15:19,"Nhóm Dragon Capital bán ra 1,5 triệu cổ phiếu SSI, giảm tỷ lệ sở hữu xuống 6,86%"
SSI,5/3/2017,14:44,Lãi suất liên ngân hàng tiếp tục neo cao
SSI,4/22/2017,10:01,"Ông Nguyễn Duy Hưng: Đừng nghĩ rằng tiền chỉ có từng đây, cứ có hàng tốt bán ắt sẽ có người đến mua"
SSI,4/21/2017,14:57,ĐHCĐ SSI: Số tài khoản khách hàng đã vượt 100.000
SSI,4/5/2017,17:22,Chứng khoán Artex lần đầu tiên lọt vào top 10 thị phần môi giới cổ phiếu trên HOSE
SSI,4/5/2017,8:39,SSI tiếp tục có kế hoạch phát hành ESOP với khối lượng tối đa 10 triệu cổ phiếu
SSI,3/15/2017,17:43,Chứng khoán Sài Gòn (SSI) bị truy thu và phạt gần 300 triệu đồng tiền thuế
SSI,3/9/2017,16:57,Chủ tịch SSI Nguyễn Duy Hưng khẳng định tự mình viết các thông tin trên facebook cá nhân
SSI,3/8/2017,16:32,Chứng khoán Sài Gòn (SSI) đặt mục tiêu lãi 1.058 tỷ đồng trong năm 2017
SSI,3/6/2017,11:32,Bà Lê Thị Lệ Hằng: Từ nhân viên phố Wall đến CEO công ty quản lý quỹ 350 triệu USD
SSI,3/4/2017,8:22,Ông Nguyễn Duy Hưng: “FED tăng lãi suất trong tháng 3 sẽ chẳng có gì đáng ngại”
SSI,1/21/2017,8:35,"SSI (mẹ) đạt hơn 800 tỷ đồng lợi nhuận ròng, lợi nhuận hợp nhất ước đạt 1.056 tỷ đồng"
SSI,1/20/2017,8:45,"SSI phát hành 300 tỷ đồng trái phiếu, chủ yếu cho nhà đầu tư cá nhân"
SSI,1/17/2017,14:41,Chứng khoán Sài Gòn thông qua phát hành riêng lẻ 300 tỷ đồng trái phiếu không chuyển đổi
SSI,1/9/2017,11:54,SHS bất ngờ vượt qua SSI về thị phần môi giới cổ phiếu quý 4 trên HNX; Chứng khoán Tân Việt lần đầu có tên trong top 10 năm 2016
SSI,1/5/2017,11:11,"Thị phần môi giới HSX năm 2016: HSC tiếp tục bám sát SSI, TCBS không có đối thủ về môi giới trái phiếu"
SSI,12/21/2016,9:39,Chứng khoán Sài Gòn đã phát hành xong 10 triệu cổ phiếu ESOP
SSI,12/8/2016,10:09,Thành viên BKS hủy đăng ký bán cổ phiếu ngay khi SSI cho mua cổ phiếu ESOP
SSI,11/30/2016,8:27,Cổ đông lớn nhất của Chứng khoán Sài Gòn (SSI) đăng ký mua vào 11 triệu cổ phiếu
SSI,11/27/2016,16:00,Chứng khoán Sài Gòn sắp phát hành 10 triệu cổ phiếu ESOP
SSI,11/16/2016,16:40,Ông Nguyễn Duy Hưng nói gì về quan điểm “TTCK chỉ như một chỗ đánh bạc cao cấp”
SSI,10/29/2016,11:01,"SSI cho vay margin 3.883 tỷ đồng, hoàn thành 99,99% kế hoạch lợi nhuận 2016 chỉ sau 9 tháng"
SSI,10/21/2016,8:32,SSI (mẹ) ước đạt hơn 400 tỷ đồng lợi nhuận trước thuế trong quý 3
SSI,10/7/2016,13:36,Chứng khoán Sài Gòn (SSI) sẽ mua hơn 300 ngàn cổ phiếu quỹ
SSI,9/24/2016,14:00,Deutsche Bank không còn là cổ đông lớn của Chứng khoán Sài Gòn (SSI)
SSI,9/20/2016,11:41,Deutsche Bank AG không còn là cổ đông lớn của Chứng khoán Sài Gòn
SSI,9/19/2016,21:32,Chứng khoán Sài Gòn (SSI) tiếp tục giảm tỷ lệ sở hữu tại Dabaco
SSI,9/17/2016,8:20,"Lướt sóng GIL, SSI lãi gần 11 tỷ đồng trong vòng chưa đầy 2 tháng"
SSI,7/21/2016,8:48,LNST của SSI (mẹ) 6 tháng đầu năm giảm 24% so với cùng kỳ
SSI,7/6/2016,17:29,"Thị phần môi giới quý 2: SSI tiếp tục dẫn đầu HNX, Chứng khoán IB số một Upcom"
SSI,6/18/2016,7:22,SSI: FED trì hoãn nâng lãi suất chưa chắc sẽ mang lại lợi ích rõ rệt cho cổ phiếu tại Việt Nam
SSI,5/6/2016,20:05,"SSI lãi hợp nhất quý 1 hơn 141 tỷ đồng, tăng mạnh 26% so với cùng kỳ 2015"
SSI,4/25/2016,14:49,"Trực tiếp ĐHCĐ SSI: Kế hoạch lãi năm 2016 giảm đến 11%, có nguồn tài chính dồi dào cho vay margin"
SSI,4/25/2016,9:59,Thị phần môi giới khách hàng nước ngoài: Cuộc soán ngôi ngoạn mục của Bản Việt
SSI,4/21/2016,10:05,"SSI (mẹ) lãi ròng 110 tỷ đồng trong quý 1, giảm mạnh 41% so với cùng kỳ 2015"
SSI,4/14/2016,15:55,SSI đặt kế hoạch lợi nhuận giảm 11% và phát hành chứng quyền có đảm bảo
SSI,4/8/2016,6:15,Những cột mốc đáng nhớ sau 10 năm hoạt động của Chứng khoán Kim Long
SSI,4/5/2016,15:20,Ông Nguyễn Duy Hưng: Từng đặt vấn đề thâu tóm KLS nhưng không tìm được tiếng nói chung
SSI,4/5/2016,12:55,"SSI hãy cẩn thận, HSC đang trở lại!"
SSI,4/4/2016,17:44,"Thị phần môi giới quý 1: SSI tiếp tục đứng đầu HNX, Chứng khoán IB số một Upcom"
SSI,4/1/2016,12:32,"Chưa gom đủ số cần thiết, Daiwa tiếp tục đăng ký mua lượng lớn cổ phiếu SSI"
SSI,3/26/2016,12:29,Deutsche Bank AG trở thành cổ đông lớn của Kido
SSI,3/21/2016,14:43,"Chi trăm tỷ đồng, nhóm cổ đông SSI đã nắm giữ 21,5% cổ phần Đông Hải Bến Tre (DHC)"
SSI,2/23/2016,8:06,Đây có thể là lý do cổ phiếu chứng khoán tăng mạnh
SSI,2/22/2016,7:05,Chứng khoán 2016: Nóng chuyện nới room
SSI,2/17/2016,12:06,SSI hạ triển vọng của 6 nhóm ngành năm 2016
SSI,2/13/2016,13:28,SSI: Lãi hợp nhất thấp hơn nhiều so với công ty mẹ
SSI,2/2/2016,10:57,SSI không còn là công ty số 1 về môi giới chứng khoán
SSI,1/25/2016,11:32,10 công ty chứng khoán lớn nhất làm cả năm chỉ bằng Vinamilk lãi một quý
SSI,1/21/2016,10:19,"SSI (mẹ): Môi giới gặp khó, lãi ròng năm 2015 vẫn tăng trưởng 30%"
SSI,1/20/2016,15:30,Nguyên Tổng giám đốc “rời bỏ” Pan Group sang GTN
SSI,1/10/2016,21:59,[Trending Search] Cổ phiếu nào được nhà đầu tư quan tâm nhất trong tuần đầu tiên của năm
SSI,1/7/2016,15:34,SSI trở thành cổ đông lớn của Phân lân Nung chảy Văn Điển
SSI,1/1/2016,11:31,"Năm 2015, khối ngoại tiếp tục mua ròng gần 3.000 tỷ đồng trên TTCK Việt Nam"
SSI,12/31/2015,20:00,Elcom không còn là công ty liên kết của SSI
SSI,12/12/2015,7:24,Chứng khoán Sài Gòn (SSI): Đầu tư NDH đã bán ra 5 triệu cổ phiếu
SSI,12/1/2015,10:39,Hai quỹ ETF sẽ thêm 6 mã cổ phiếu Việt Nam vào danh mục
SSI,11/30/2015,22:04,Em trai Chủ tịch Chứng khoán Sài Gòn đăng ký mua vào 5 triệu cổ phiếu SSI
SSI,11/18/2015,16:14,SSIAM trở thành cổ đông lớn của dược phẩm OPC
SSI,11/17/2015,12:30,Dự báo danh mục ETF trong đợt cơ cấu cuối năm 2015
SSI,11/16/2015,10:41,"SSI: Quý 3 lãi gần 143 tỷ đồng, giảm 24% so với cùng kỳ"
SSI,11/3/2015,6:38,SSI dự kiến gom vào 5 triệu cổ phiếu DHC trong đợt phát hành riêng lẻ
SSI,10/30/2015,14:04,Top 10 công ty chứng khoán lãi lớn nhất quý III: Dịch vụ “cứu” môi giới
SSI,10/23/2015,11:26,Lợi nhuận của các “ông lớn” ngành chứng khoán sụt giảm mạnh
SSI,10/21/2015,1:38,"SSI (mẹ): Doanh thu môi giới- tự doanh giảm sút, lãi ròng quý 3 vẫn tăng trưởng 9%"
SSI,10/13/2015,8:15,Gặp “ông trùm” chứng khoán Việt
SSI,10/5/2015,16:20,SSI tiếp tục đứng đầu thị phần môi giới quý 3 trên HNX
SSI,10/1/2015,11:21,Gilimex và Transimex - Saigon không còn là công ty liên kết của SSI
SSI,9/29/2015,18:43,SSI dự kiến phát hành 10 triệu cổ phiếu ESOP
SSI,9/7/2015,17:10,"""Soi"" những nguồn thu chính của của SSI trong 6 tháng đầu năm 2015"
SSI,9/4/2015,14:37,SSI nói gì khi được nới room 100%?
SSI,9/4/2015,7:49,Soi danh mục hơn 700 triệu USD của 2 quỹ ETF trước kỳ Review
SSI,8/28/2015,21:09,Cổ phiếu chứng khoán thăng hoa sau tin nới room của SSI
SSI,8/26/2015,15:09,"Nhóm Deutsche Bank AG đã mua hơn 8,5 triệu cổ phiếu SSI"
SSI,8/26/2015,10:17,"""Đây vẫn là thời điểm tốt để đầu tư cổ phiếu"""
SSI,8/25/2015,15:00,"SSI giảm tỷ lệ sở hữu tại Dabaco xuống còn 4,83%"
SSI,8/24/2015,9:37,BSC dự báo SSI sẽ bị loại khỏi FTSE và VNM ETF do room khối ngoại đã chật
SSI,8/24/2015,9:29,NCT: Hưởng lợi lớn từ phá giá khi 50% doanh thu công ty bằng USD?
SSI,8/19/2015,16:40,"SSI (hợp nhất): Lãi trước thuế 6 tháng đầu năm đạt 569 tỷ đồng, hoàn thành 56% kế hoạch"
SSI,8/18/2015,12:06,"Chứng khoán Bản Việt: VNM ETF nhiều khả năng thêm vào NT2, CII và loại DRC"
SSI,8/13/2015,16:52,SSI xin gia hạn báo cáo tài chính hợp nhất thêm 1 tuần
SSI,8/11/2015,12:01,"Nới room trước giờ G, SSI có “thoát án” bị loại khỏi danh mục 2 quỹ ETF?"
SSI,8/10/2015,16:49,SSI lấy ý kiến cổ đông về việc nới room 100% cho NĐT nước ngoài
SSI,8/7/2015,16:09,"Nối tiếp SSI, SSIAM tiến hành thoái vốn khỏi Lafooco"
SSI,7/31/2015,22:07,"Daiwa Securities Group Inc đã mua vào 1,17 triệu cổ phiếu SSI"
SSI,7/29/2015,12:03,SSI sắp phát hành gần 43 triệu cổ phiếu trả cổ tức năm 2014
SSI,7/22/2015,12:34,"Daiwa Securities Group Inc tính nâng tỷ lệ sở hữu SSI lên 10,23%"
SSI,7/20/2015,23:20,"Hoàn nhập dự phòng 232 tỷ đồng, Công ty mẹ SSI lãi ròng 369 tỷ đồng quý 2"
SSI,7/14/2015,8:20,Bất động sản Sài Gòn Đan Linh bán ra 2 triệu cổ phiếu SSI
SSI,7/14/2015,8:08,SSI có khả năng được hoàn nhập dự phòng hơn 200 tỷ nhờ HAGL Agrico lên sàn
SSI,7/10/2015,11:42,"Giá cổ phiếu cao hơn 22.000 đồng, SSI không mua 10 triệu cổ phiếu quỹ như đăng ký"
SSI,6/11/2015,19:08,Dự thảo TT74: Nghiêm cấm tổ chức phát hành công bố mức giá dự kiến thực hiện khi giao dịch cổ phiếu quỹ
SSI,6/8/2015,12:48,Chứng khoán: “Chết” vì tài khoản Tổng
SSI,5/29/2015,15:35,SSI dự kiến mua vào tối đa 10 triệu cổ phiếu quỹ
SSI,5/27/2015,14:07,"Deutsche Bank AG, HongKong Branch nâng tỷ lệ sở hữu tại SSI lên 6,03%"
SSI,5/22/2015,15:53,"Hậu thông tư 36, ""thị trường"" margin ra sao?"
SSI,5/21/2015,16:47,"Bibica: Lãi quý 1 đạt hơn 14 tỷ đồng, gấp 2,5 lần cùng kỳ 2014"
SSI,5/18/2015,21:51,"SSI, HUT, VFR, LAF, TIG, KAC, TIX: Thông tin giao dịch lượng lớn cổ phiếu"
SSI,5/3/2015,15:56,Công ty chứng khoán đua nhau phát hành trái phiếu
SSI,4/26/2015,8:07,"SSI nâng tỷ lệ sở hữu tại PAN lên 13,65%"
SSI,4/24/2015,16:37,SSI đã phát hành 300 tỷ trái phiếu với lãi suất thấp
SSI,4/23/2015,15:15,ĐHCĐ SSI: Con trai ông Nguyễn Duy Hưng được bầu vào HĐQT
SSI,4/16/2015,19:21,SSI dự kiến phát mua lại tối đa 10 triệu cổ phiếu quỹ và phát hành trái phiếu đợt 2 năm 2015
SSI,4/14/2015,0:10,"Cảng Đồng Nai đặt kế hoạch lãi 52 tỷ trước thuế năm 2015, cổ tức 17%"
SSI,4/8/2015,15:40,Thị phần môi giới quý 1 HNX: Không có thêm gương mặt mới
SSI,4/1/2015,12:00,SCIC đăng ký thoái vốn khỏi SSC
SSI,3/31/2015,11:06,Lafooco đặt kế hoạch lãi ròng gấp đôi năm 2014
SSI,3/29/2015,7:32,[Trending search] Cổ phiếu nào được quan tâm nhất tuần qua?
SSI,3/6/2015,12:04,"Ngân hàng tăng điểm, thị trường vẫn điều chỉnh phiên cuối tuần"
SSI,2/27/2015,17:42,SSI lạc quan về ngành ngân hàng và thị trường trái phiếu
SSI,2/27/2015,10:22,Kinh tế Việt Nam năm 2015: Vươn tầm cao mới
SSI,2/25/2015,10:59,"SSI lên kế hoạch phát hành 71,2 triệu cổ phiếu thưởng"
SSI,2/24/2015,16:52,"SSI Hợp nhất: Tự doanh quý 4 lỗ 32,3 triệu đồng, LNST cả năm 2014 đạt 725 tỷ đồng"
SSI,2/5/2015,16:35,Dabaco (DBC): Chủ tịch Nguyễn Như So dự chi gần 60 tỷ mua thêm 2 triệu cổ phiếu
SSI,2/2/2015,19:39,"SSI hoàn tất phát hành 2,3 triệu cổ phiếu ESOP với giá 22.700 đồng/cp"
SSI,2/2/2015,2:32,20 công ty chứng khoán lớn nhất kiếm tiền từ những nguồn nào?
SSI,1/27/2015,17:47,"Bibica thỏa thuận 3 triệu cổ phiếu, SSIAM đã hoàn tất chuyển nhượng?"
SSI,1/23/2015,16:09,"NSC sẽ nâng tỷ lệ sở hữu tại SSC lên 61,4%"
SSI,1/21/2015,11:54,"Công ty mẹ SSI: LNST năm 2014 đạt 744 tỷ đồng, gấp đôi năm 2013"
SSI,1/20/2015,23:29,SSI đã phát hành thành công 500 tỷ đồng trái phiếu
SSI,1/19/2015,17:56,SSI: Ông Nguyễn Duy Hưng đăng ký mua trên 233 nghìn cổ phiếu ESOP
SSI,1/15/2015,16:30,"SSIAM đăng ký bán hết 3 triệu cổ phiếu BBC, liệu có chuyển về cho SSI?"
SSI,1/6/2015,23:57,Ông Nguyễn Duy Hưng không còn là cổ đông trực tiếp của SSI
SSI,1/5/2015,16:16,ABT hoàn tất thoái vốn khỏi SSI sau 2 tháng làm cổ đông
VND,11/19/2024,0:01,Kỷ lục buồn của chứng khoán Việt Nam: Khối ngoại bán ròng 85.000 tỷ trên HoSE từ đầu năm
VND,11/11/2024,16:09,"Đại biểu Quốc hội: Vàng nằm im trong dân là vàng chết, đề nghị NHNN nêu giải pháp khuyến khích người dân bán vàng chuyển thành tiền Đồng"
VND,10/13/2024,10:45,Chồng bà Phạm Minh Hương làm Phó Chủ tịch VNDIRECT
VND,10/1/2024,20:00,"Fed giảm lãi suất, chuyên gia dự báo gì về diễn biến VND từ nay đến cuối năm?"
VND,8/26/2024,10:37,"Hơn 300 triệu cổ phiếu VNDirect sắp về tài khoản nhà đầu tư, thị giá ""bay"" 13% so với thời điểm chốt quyền"
VND,7/19/2024,14:52,"Ngân hàng Shinhan: Tăng trưởng GDP của Việt Nam năm nay sẽ vượt 6%, VND sẽ tiếp tục chịu áp lực trong ngắn hạn"
VND,7/16/2024,16:36,"Phân phối xong 9,5 triệu cổ phiếu “ế”, VNDirect trở thành công ty chứng khoán có vốn điều lệ lớn nhất thị trường"
VND,6/19/2024,14:53,Chứng khoán VNDIRECT chốt ngày họp ĐHĐCĐ thường niên lần 2
VND,6/17/2024,15:40,Chứng khoán VNDIRECT tổ chức ĐHĐCĐ năm 2024 bất thành
VND,6/6/2024,20:01,"""Sẽ không có chuyện tỷ giá vượt 26.000 VND/USD"""
VND,5/24/2024,15:43,NHNN rút khỏi nền kinh tế lượng lớn tiền VND trong 1 tháng qua
VND,5/16/2024,8:35,"Chứng khoán VNDirect nhảy vào ngành ẩm thực, nắm cổ phần lớn của hệ thống nhà hàng lớn thứ 2 Việt Nam sở hữu các chuỗi King BBQ, Sushi Kei, Hotpot Story..."
VND,4/20/2024,7:58,"Chứng khoán VNDirect (VND) báo lãi quý 1 cao gấp 4 lần cùng kỳ, tự doanh mạnh tay mua thêm hàng trăm tỷ cổ phiếu"
VND,4/11/2024,0:16,Maybank IBG Research: Chênh lệch giá vàng giữa Việt Nam và thế giới là một phần nguyên nhân đẩy tỷ giá USD/VND leo thang
VND,3/28/2024,10:33,"Hôm nay, VNDirect tiến hành kiểm tra thông luồng với Sở giao dịch chứng khoán"
VND,3/27/2024,14:31,Nóng: VNDirect thông báo lộ trình giao dịch trở lại
VND,3/26/2024,22:14,"VNDirect triển khai kế hoạch chào bán hàng trăm triệu cổ phiếu, dự thu về gần 2.440 tỷ đồng"
VND,3/25/2024,16:21,HoSE ngắt kết nối giao dịch với VNDIRECT
VND,3/25/2024,13:45,VNDIRECT bị tấn công: Tài khoản của nhà đầu tư có bị ảnh hưởng?
VND,3/25/2024,9:07,"9h: Thị trường chứng khoán mở cửa nhưng VNDirect vẫn 'sập', nhà đầu tư hoang mang vì không thể mua bán"
VND,11/29/2023,16:26,VNDirect muốn mua 3 triệu cổ phiếu PTI khi thị giá tăng 60% lên đỉnh một năm
VND,11/29/2023,13:58,"Miễn nhiệm Giám đốc tài chính, chứng khoán VNDirect còn lại 3 người đại diện theo pháp luật"
VND,9/19/2023,16:38,1 trong 4 người đại diện theo pháp luật của chứng khoán VNDirect đã bán sạch cổ phiếu VND
VND,9/19/2023,9:53,Bà Phạm Minh Hương trở lại làm Chủ tịch HĐQT VNDirect sau 5 tháng giữ chức Tổng Giám đốc
VND,9/8/2023,10:08,Giám đốc tài chính VNDirect muốn thoái sạch vốn khi giá cổ phiếu tăng mạnh từ đáy
VND,7/20/2023,18:51,"VNDirect báo lãi quý 2 giảm 20% so với cùng kỳ năm trước, nắm gần 9.400 tỷ đồng trái phiếu doanh nghiệp"
VND,7/6/2023,15:48,"VNDirect khớp lệnh kỷ lục gần 106 triệu cổ phiếu, nhà đầu tư tung gần 2.000 tỷ đồng ""bắt đáy"""
VND,7/6/2023,15:39,"Áp lực tỷ giá vẫn đang cao, chưa cần thiết vội hạ tiếp lãi suất điều hành?"
VND,7/6/2023,11:55,"Chuyên gia: Cần cẩn trọng với hiện tượng đầu cơ USD khi tỷ giá ""nóng"" trở lại"
VND,6/6/2023,15:54,"VNDirect muốn phát hành thêm gần 600 triệu cổ phiếu, vốn điều lệ vượt mức 18.000 tỷ đồng"
VND,2/1/2023,11:23,Công ty mẹ IPA Group báo lãi 90 tỷ đồng quý IV/2022
VND,11/6/2022,18:23,Áp lực giảm giá của VND đã được giảm bớt?
VND,10/25/2022,17:19,"Giảm sức ép lên dự trữ ngoại hối, ngăn đầu cơ ngoại tệ"
VND,10/25/2022,15:26,"VNDirect khớp lệnh kỷ lục trong phiên giảm sàn thứ 3 liên tiếp, hơn 5% khối lượng lưu hành được sang tay"
VND,10/10/2022,15:14,MBKE: VND có thể giảm 5% so với USD trong năm nay nhưng sang 2023 sẽ tăng 1%
VND,10/7/2022,7:31,"VND đã tăng giá bao nhiêu so với Yên Nhật, Won Hàn Quốc, Bath Thái Lan…từ đầu năm đến nay?"
VND,10/3/2022,7:44,Chưa đến lúc phá giá VND
VND,9/16/2022,16:23,"VDSC dự báo VND sẽ mất giá 3% trong năm nay, thậm chí nhiều hơn nếu USD index lên vùng 120 điểm"
VND,9/14/2022,11:58,"Thị trường nâng kỳ vọng, tỷ giá USD/VND lại vọt tăng"
VND,9/7/2022,11:29,"Tỷ giá USD/VND đồng loạt tăng thêm, liên ngân hàng chạm mốc 23.600 VND"
VND,7/15/2022,9:27,TS. Trương Văn Phước: Lẽ ra đồng VND sẽ tăng giá so với USD...
VND,7/11/2022,8:14,VND có giữ mức mất giá thấp hơn các đồng tiền trong khu vực?
VND,5/17/2022,9:30,VNDirect chốt quyền trả cổ tức tiền mặt tỷ lệ 5%
VND,5/9/2022,8:04,VNDirect (VND) sắp có thêm gần 783 triệu cổ phiếu được giao dịch
VND,5/2/2022,22:29,"Thị trường tiền tệ tháng 4: NHNN liên tục bơm tiền ngắn hạn, lãi suất huy động tăng, VND mất giá 0,53%"
VND,4/26/2022,19:00,VND có xu hướng lên giá trong 2021
VND,4/18/2022,17:17,Lãi suất và tỷ giá sẽ diễn biến như thế nào từ nay đến cuối năm?
VND,4/16/2022,9:22,"Bất ổn thế giới gia tăng, VNDirect hạ dự báo GDP 2022 của Việt Nam"
VND,4/15/2022,10:49,"VNDirect (VND) đặt mục tiêu lợi nhuận tăng trưởng 32% năm 2022, lên kế hoạch chào bán riêng lẻ 20% cổ phần"
VND,3/18/2022,9:06,Kho bạc Nhà nước liên tiếp chào mua lượng lớn ngoại tệ
VND,3/9/2022,10:58,Chứng khoán VNDIRECT vừa huy động thành công 1.000 tỷ trái phiếu từ 11 tổ chức trong và ngoài nước
VND,2/28/2022,14:52,"Chứng khoán VNDirect (VND) chốt ngày chào bán cổ phiếu, tăng vốn gấp 3 lần lên 12.178 tỷ đồng"
VND,2/25/2022,12:07,UBCK chấp thuận cho VNDirect tăng vốn lên hơn 12.000 tỷ đồng
VND,2/23/2022,11:15,"Review ETF tháng 3: Bán loạt cổ phiếu lớn chi ngàn tỷ mua vào VND, NLG, FTS, DXG, SZC, HUT"
VND,1/20/2022,15:16,"VNDIRECT lãi kỷ lục gần 2.200 tỷ đồng trong năm 2021, gấp 3,2 lần năm trước"
VND,1/19/2022,0:01,"VNDIRECT: Tin đồn UBCKNN từ chối cho tăng vốn là thiếu căn cứ, không có rủi ro từ biến động của nhóm cổ phiếu FLC"
VND,1/17/2022,18:06,"VND chính thức lọt rổ VNFinLead trong kỳ cơ cấu tháng 1, ước tính được mua 1,6 triệu cổ phiếu"
VND,1/6/2022,15:04,"VNFinLead ETF có thể mua vào gần 1,4 triệu VND trong kỳ cơ cấu tháng 1?"
VND,1/4/2022,11:22,VNDIRECT có thể lọt rổ VNFinLead ETF trong kỳ cơ cấu tháng 1?
VND,1/4/2022,10:20,VND có thể mất giá trở lại nếu Fed thu hẹp QE và tăng lãi suất?
VND,1/1/2022,8:15,"Tiền tệ năm 2021: USD tăng mạnh nhất kể từ 2015, bath Thái giảm tồi tệ nhất kể từ năm 2000, cả Nhân dân tệ và VNĐ cùng tăng giá"
VND,12/31/2021,14:26,"Thị trường ngoại tệ năm 2021: Vượt ''sóng dữ'', VND là đồng tiền hiếm hoi lên giá so với USD"
VND,12/17/2021,16:58,VNDirect triển khai phát hành gần 783 triệu cổ phiếu thưởng và chào bán cho cổ đông hiện hữu
VND,12/14/2021,19:06,VNDirect dự báo 4 nhóm ngành có triển vọng tăng trưởng vào năm 2022
VND,11/29/2021,12:34,VND lên giá do những yếu tố nào?
VND,11/17/2021,11:17,"VNDIRECT tiếp tục trình phương án phát hành cổ phiếu thưởng tỷ lệ 80% và chào bán cổ phiếu ESOP giá 10.000 đồng, vốn điều lệ dự kiến vượt 12.000 tỷ đồng"
VND,11/16/2021,17:35,"VNDIRECT lần thứ 2 trong năm lên kế hoạch phát hành cổ phiếu tỷ lệ 1:1, vốn điều lệ tăng xấp xỉ lên ngưỡng 10.000 tỷ đồng"
VND,11/15/2021,17:32,"Chứng khoán VNDIRECT nới ""room"" ngoại lên 100%"
VND,11/7/2021,12:25,Áp lực mất giá của Việt Nam đồng có thể quay lại trong thời gian tới?
VND,11/2/2021,17:50,"VND tăng gấp 5 lần từ đầu năm, VnDirect đưa toàn bộ gần 6 triệu cổ phiếu quỹ ra bán"
VND,10/13/2021,16:45,Yếu tố nào giúp tỷ giá VNĐ/USD tháng 9 tiếp tục tăng?
VND,10/5/2021,18:36,"VnDirect thông qua nâng kế hoạch lợi nhuận 2021 lên 1.600 tỷ đồng, đưa trái phiếu niêm yết trên sàn"
VND,10/5/2021,17:34,"Tăng mạnh từ đầu năm, VNDirect đăng ký bán 6 triệu cổ phiếu quỹ"
VND,9/7/2021,20:32,Chứng khoán VNDIRECT nâng kế hoạch lợi nhuận 2021 thêm 82% lên mức 1.600 tỷ đồng
VND,8/29/2021,10:26,Điều chỉnh lãi suất tiền gửi dự trữ bắt buộc và những tác động tích cực
VND,7/15/2021,9:40,Quỹ ngoại thoái vốn khỏi VNDirect
VND,6/2/2021,21:05,"VNDIRECT chốt quyền chào bán 214 triệu cổ phiếu, dự kiến huy động hơn 3.100 tỷ đồng"
VND,5/5/2021,0:02,Bộ Tài chính “tuýt còi” các Công ty chứng khoán “biến tướng” huy động vốn từ khách hàng
VND,4/20/2021,18:23,"VNDIRECT lãi 482 tỷ đồng trong quý 1, tăng trưởng 724% so với cùng kỳ 2020"
VND,4/14/2021,10:01,"VnDirect (VND) triển khai phương án phát hành 214 triệu cổ phiếu, tăng vốn điều lệ lên gấp đôi"
VND,4/14/2021,6:31,Đồng VND đang đối diện áp lực giảm giá
VND,4/4/2021,16:03,VnDirect (VND) chốt danh sách cổ đông nhận cổ tức bằng tiền tỷ lệ 5%
VND,3/25/2021,17:30,VNDIRECT (VND) tạm thời bị loại khỏi rổ VNFinLead do chuyển giao dịch sang HNX
VND,3/24/2021,9:09,VnDirect đã bán xong 6 triệu cổ phiếu quỹ
VND,3/18/2021,16:30,"ĐHCĐ VNDIRECT: Kế hoạch lãi ròng 880 tỷ đồng trong năm 2021 hoàn toàn khả thi, quý 1 ước lãi tương đương 40% kế hoạch năm"
VND,3/12/2021,14:22,"VNDIRECT lên kế hoạch chào bán hơn 220 triệu cổ phiếu, tạm chuyển giao dịch sang HNX để giảm tải cho HoSE"
VND,1/21/2021,10:46,VnDirect muốn bán 6 triệu cổ phiếu quỹ sau giai đoạn tăng mạnh
VND,11/5/2020,13:30,"Cho khách hàng mua chứng khoán khi không đủ tiền, VnDirect bị UBCKNN phạt"
VND,10/20/2020,19:55,"VNDIRECT lãi 253 tỷ đồng trong quý 3, tăng trưởng 114% so với cùng kỳ 2019"
VND,9/3/2020,19:20,VND có thể lên giá so với USD trong thời gian tới
VND,9/3/2020,10:22,Làm thế nào để tránh bị gán nhãn thao túng tiền tệ?
VND,7/21/2020,10:08,"Hồi phục hậu Covid-19, VNDIRECT báo lãi quý 2 tăng trưởng 247%"
VND,7/11/2020,9:21,Tỷ giá sẽ như thế nào trong thời gian tới?
VND,6/30/2020,16:27,"ĐHCĐ VNDIRECT: Đẩy mạnh phát triển sản phẩm quản lý tài sản, hoàn thành trên 40% kế hoạch lợi nhuận sau 6 tháng đầu năm"
VND,5/11/2020,12:45,Vay VND hay USD có lợi hơn?
VND,5/1/2020,13:08,"USD ""hạ nhiệt"", sức ép tỷ giá sẽ vơi bớt?"
VND,4/20/2020,17:40,"VNDIRECT báo lãi quý 1 đạt 58,6 tỷ đồng, giảm 35%"
VND,3/25/2020,10:44,"Dự trữ ngoại hối 83 tỷ USD, VinaCapital tin tưởng VND sẽ ổn định ở mức hiện tại"
VND,1/25/2020,20:03,Chứng khoán VnDirect (VND) bị phạt ngày cuối năm
VND,10/18/2019,17:37,"VNDIRECT (VND) lãi quý 3 tăng trưởng 6%, hoàn thành 48% kế hoạch đề ra trong năm 2019"
VND,9/18/2019,17:26,"Ba phiên liên tiếp, Ngân hàng Nhà nước hút ròng 42 nghìn tỷ đồng"
VND,9/13/2019,9:08,"""VND mạnh vào thời điểm không thích hợp"""
VND,9/5/2019,6:53,"Bất chấp áp lực quốc tế gia tăng, VND vẫn cứ mạnh lên"
VND,9/3/2019,17:11,Chưa đến mức phá giá VNĐ
VND,8/28/2019,11:21,VND sẽ đi về đâu?
VND,8/13/2019,14:04,Tỷ giá USD/VND – bình yên trong tâm bão
VND,8/10/2019,11:17,VND tăng giá liên tục trong 2 tháng
VND,7/22/2019,10:45,"Thị trường kém thuận lợi, VNDIRECT báo lãi 6 tháng đầu năm sụt giảm so với cùng kỳ năm 2018"
VND,7/15/2019,18:36,"Chỉ 5 tuần, VND đã lấy lại toàn bộ phần mất giá của các tháng đầu năm"
VND,7/2/2019,17:39,"Chứng khoán VnDirect bị truy thu và phạt hơn 1,3 tỷ đồng tiền thuế"
VND,6/28/2019,15:57,"TS. Lê Xuân Nghĩa: Năm 2019, VND mất giá 4% mới hỗ trợ thương mại"
VND,5/28/2019,9:17,Doanh nghiệp và ngân hàng nên chủ động ứng phó với những biến đổi của tỷ giá
VND,5/25/2019,23:03,Đo sức đề kháng của tiền đồng
VND,5/17/2019,8:52,Chiến tranh thương mại Mỹ-Trung: VND sẽ đi về đâu?
VND,4/18/2019,16:13,"VNDIRECT đặt kế hoạch lợi nhuận tăng trưởng 31% trong năm 2019, quý 1 ước lãi 102 tỷ đồng"
VND,1/15/2019,9:00,Áp lực với tỷ giá trong ngắn hạn đã giảm đáng kể
VND,12/30/2018,19:16,VNĐ được dự báo mất giá không quá 3% trong năm 2019
VND,12/17/2018,20:31,Tiền VND lên giá
VND,11/30/2018,10:37,Thanh khoản hệ thống ngân hàng tốt lên
VND,11/13/2018,10:17,"Ngân hàng Nhà nước tiếp tục bơm ròng, lãi suất liên ngân hàng chững lại"
VND,10/27/2018,12:08,VnDirect đăng ký mua 10 triệu cổ phiếu quỹ
VND,10/25/2018,10:50,Ngân hàng Nhà nước bơm mạnh tiền ra thị trường
VND,10/11/2018,20:32,"VND lên giá gần 3,3% so với nhân dân tệ từ đầu năm"
VND,9/25/2018,8:35,“VND yếu sẽ giúp giảm tải áp lực tiêu cực từ chiến tranh thương mại Mỹ - Trung”
VND,9/24/2018,10:46,Cuộc chiến thương mại Mỹ - Trung: VND có thoát thế “kẹp giữa” USD và CNY?
VND,8/25/2018,8:18,BVSC: Tỷ giá có thể tăng khoảng 3% trong năm nay
VND,8/20/2018,8:44,"Giá vốn tiền đồng tăng giúp ""kìm chân"" tỷ giá"
VND,8/13/2018,7:06,3 công ty chứng khoán vừa bị VSD khiển trách
VND,8/11/2018,18:49,"Tỷ giá tăng nóng, NHNN kiểm soát bằng nhiều công cụ linh hoạt"
VND,8/1/2018,16:58,Tỷ giá trong ngân hàng đã tăng vượt hầu hết các dự báo
VND,7/30/2018,8:20,Tỷ giá và sự phối hợp chính sách mới
VND,7/19/2018,13:13,Giảm giá VND để hỗ trợ xuất khẩu: Nên hay không?
VND,7/18/2018,19:22,Tín hiệu mới trên thị trường ngoại tệ
VND,7/16/2018,16:53,Lãi suất liên ngân hàng tiếp tục tăng
VND,7/12/2018,7:11,Trung Quốc phá giá nhân dân tệ: Tiền Việt ra sao?
VND,7/9/2018,15:12,Lãi suất USD liên ngân hàng cao gấp hơn 2 lần so với lãi suất VND
VND,6/28/2018,7:47,Đồng tiền nào đã tăng giá mạnh nhất so với VND?
VND,6/25/2018,14:19,"Lãnh đạo ""quăng phao"" vẫn không cứu được đà giảm giá cổ phiếu VnDirect"
VND,6/24/2018,23:40,Chuyên gia: Hãy chấp nhận và tìm cách chung sống với đồng USD mạnh lên
VND,6/8/2018,14:53,Nhu cầu vay mượn liên ngân hàng tăng mạnh
VND,5/11/2018,17:32,VnDirect chính thức lên tiếng về sự việc liên quan tới HomeDirect
VND,4/13/2018,7:37,IFC đề xuất phát hành trái phiếu quốc tế gắn với VNĐ
VND,4/12/2018,22:00,VND mất giá đáng kể so với các ngoại tệ khác ngoài USD
VND,2/11/2018,12:15,"Xung lực từ kiều hối: 13,8 tỉ USD"
VND,2/5/2018,17:57,"Vì sao có ""diễn biến lạ"" của các cặp tỷ giá?"
VND,1/10/2018,10:49,"""Sẽ xem xét hỗ trợ ngân hàng có điều kiện giảm lãi suất"""
VND,1/10/2018,9:32,Dự trữ ngoại hối Việt Nam vượt mức 53 tỷ USD
VND,12/26/2017,8:05,Kho dự trữ ngoại tệ Việt Nam có thể lên tới bao nhiêu?
VND,12/11/2017,10:29,"Tỷ giá trung tâm tiếp tục tăng, USD ngân hàng vẫn ổn định"
VND,11/20/2017,14:10,Biến động lạ của tỷ giá?
VND,11/10/2017,8:36,Sự tĩnh lặng đáng ngờ của tỷ giá
VND,11/9/2017,11:51,"Tín dụng 10 tháng đầu năm ước tăng 13,5%"
VND,11/5/2017,19:33,Có nên kỳ vọng vào sóng tỷ giá cuối năm?
VND,10/10/2017,11:45,"""GDP nhiều khả năng đạt được mục tiêu đề ra mà không nhất thiết phải đẩy quá mạnh tín dụng"""
VND,9/18/2017,8:53,"VNDIRECT đã bán được 6 triệu cổ phiếu quỹ, thặng dư đạt hơn 9.000 đồng trên mỗi cổ phiếu"
VND,8/22/2017,7:21,"Vừa chuyển sàn, VnDirect đã tính bán 6 triệu cổ phiếu quỹ"
VND,7/28/2017,15:38,Lãi suất VND quá cao cũng có thể làm tăng đô la hóa
VND,7/18/2017,15:46,VNDIRECT ước đạt 322 tỷ đồng LNST trong 6 tháng đầu năm
VND,7/16/2017,8:41,Người nước ngoài được gửi tiết kiệm tại VN: Sẽ hạn chế tình trạng đầu cơ ngoại tệ?
VND,7/14/2017,16:32,Chỉ số Big Mac: Tiền đồng đang bị định giá thấp hơn một nửa so với giá trị thực
VND,7/14/2017,7:27,"“Đặt cược” vào TTCK Việt Nam, Pyn Elite Fund đã thắng lớn với hàng loạt khoản đầu tư vào các Công ty chứng khoán"
VND,7/10/2017,15:52,Các ngân hàng sẽ phải nỗ lực tiết giảm chi phí hoạt động để hỗ trợ chủ trương ổn định lãi suất
VND,7/6/2017,20:38,Kiều hối không còn đổ dồn vào nhà đất
VND,7/3/2017,11:46,VNDIRECT đã nộp hồ sơ niêm yết chứng khoán lên HoSE
VND,5/22/2017,21:38,"Cổ phiếu tăng gần 60%, VNDIRECT dự kiến phát hành 52 triệu cổ phiếu cho cổ đông hiện hữu"
VND,4/8/2017,9:02,"Tỷ giá biến động mạnh trong quý I, đâu là nguyên do?"
VND,3/17/2017,21:53,Quyết định nâng lãi suất cơ bản của FED sẽ ảnh hưởng không lớn đến VND
VND,2/16/2017,21:25,"Chuyên gia Dragon Capital: Năm 2017, VND sẽ mất giá không quá 2%"
VND,1/26/2017,15:32,Dự trữ ngoại hối tăng: Ứng phó được những biến động lớn
VND,1/1/2017,9:35,"Thống đốc Lê Minh Hưng: “Cho đến cuối năm 2016, VND mới mất giá 1,1 – 1,2%”"
VND,12/10/2016,8:54,TS. Trần Du Lịch: “Không phải VND mất giá mà là USD lên giá”
VND,12/9/2016,15:37,VNDIRECT đăng ký mua vào 5 triệu cổ phiếu làm cổ phiếu quỹ
VND,11/27/2016,14:32,"""Cú đột kích"" của tỷ giá và nỗi lo lãi suất?"
VND,10/25/2016,16:18,"VnDirect lãi ròng 9 tháng 148 tỷ đồng, cho vay margin hơn 2.000 tỷ đồng"
VND,9/19/2016,9:46,Ngân hàng đồng loạt bán USD ở mức 22.340 đồng
VND,7/22/2016,11:44,Big Mac Index: Tiền đồng đang bị định giá thấp gần 47%
VND,7/8/2016,20:00,Tỷ giá vẫn rất khó lường và tiềm ẩn nhiều rủi ro
VND,7/7/2016,13:44,Các ngân hàng giảm mạnh vay mượn ngoại tệ
VND,7/1/2016,10:02,"Không phải Brexit, đây mới là yếu tố rủi ro đáng lưu ý và gây áp lực lớn đến tỷ giá"
VND,5/24/2016,17:21,Chứng khoán VnDirect bỏ gần 59 tỷ mua cổ phiếu quỹ
VND,5/16/2016,8:47,Những điều nhà đầu tư cần biết khi chuyển tài khoản từ Kim Long sang VNDIRECT
VND,5/12/2016,8:20,Chủ tịch VAMC: “Chúng tôi đang tập trung giải quyết hàng tồn”
VND,5/10/2016,16:08,Chứng khoán VnDirect đăng ký mua vào 5 triệu cổ phiếu quỹ
VND,5/6/2016,8:48,Các ngân hàng giảm mạnh vay mượn ngoại tệ
VND,5/1/2016,13:29,"ĐHCĐ Vndirect: Năm 2016 đặt mục tiêu doanh thu tăng 26%, lợi nhuận chỉ tăng 1,8%"
VND,4/25/2016,15:30,"ĐHCĐ Kim Long: Đã bán hết danh mục cổ phiếu dầu khí, hoàn tất giải thể trong tháng 10"
VND,4/21/2016,14:40,"VNDirect sẽ phát hành 600 tỷ trái phiếu riêng lẻ, thận trọng đặt kế hoạch 2016"
VND,4/19/2016,8:09,Tỷ giá 2016: Khó có cơ hội đầu cơ?
VND,4/9/2016,7:31,NHNN lý giải vì sao chưa thể thả nổi hoàn toàn tỷ giá?
VND,3/29/2016,9:28,"Cơ hội tối đa hóa lợi nhuận từ ""mánh"" đánh tráo lãi suất"
VND,2/29/2016,20:41,Doanh nghiệp không chờ tỷ giá
VND,1/28/2016,17:45,Các ngân hàng giảm mạnh vay mượn ngoại tệ
VND,1/22/2016,11:54,"Vndirect: Đẩy mạnh tự doanh, cho vay margin, năm 2015 lãi gần 182 tỷ đồng"
VND,1/8/2016,10:14,"Chỉ số Big Mac: Tiền đồng bị định giá thấp 45,8%"
VND,12/30/2015,10:46,Tỷ giá liên tục trồi sụt dịp cuối năm
VND,12/21/2015,7:34,Vật vã USD: Dân Việt lãnh cú sốc thế giới phẳng
VND,12/17/2015,15:44,TS. Trương Văn Phước: “Bất chấp Fed làm gì cũng không nên điều chỉnh tỷ giá quá 5%”
VND,12/4/2015,12:08,"""Việt Nam có thể điều chỉnh tỷ giá 3 – 5% trong năm 2016"""
VND,11/30/2015,14:49,Tỷ giá tăng mạnh trở lại lên sát mức trần
VND,11/30/2015,9:51,Tỷ giá chờ… FED
VND,11/30/2015,9:01,Chuyên gia bày cách ứng phó biến động tỷ giá
VND,11/27/2015,10:02,Áp lực lên tỷ giá gia tăng
VND,11/25/2015,9:26,Biến động tỷ giá hối đoái và câu chuyện của Việt Nam
VND,11/12/2015,8:45,NHNN: Lãi suất vẫn ổn định
VND,10/29/2015,14:25,VAMC giảm lãi suất với các khoản nợ xấu đã mua
VND,10/26/2015,8:50,“Tỷ giá VND/USD sẽ không tăng đột biến”
VND,10/21/2015,12:08,"VnDirect: 9 tháng lãi 122 tỷ đồng, hoàn thành 61% kế hoạch năm"
VND,10/12/2015,10:18,Các ngân hàng tăng mạnh giá mua USD
VND,10/12/2015,8:32,Giữ VND sẽ có lợi hơn USD
VND,10/8/2015,15:19,Tỷ giá giảm nhanh chưa từng có
VND,10/7/2015,14:20,Chính sách “điểm huyệt” găm giữ ngoại tệ
VND,10/2/2015,9:30,USD ngân hàng tiếp tục giảm mạnh
VND,9/29/2015,16:57,"Lãi suất USD thấp kỷ lục, lượng ngoại tệ bán tăng vọt"
VND,9/29/2015,11:23,Hạ lãi suất gửi USD về 0%: Quyết định quyết đoán chỉ Việt Nam thực hiện được
VND,9/28/2015,15:05,"""Biện pháp hạ lãi suất tiền gửi USD của NHNN là chưa đủ"""
VND,9/28/2015,11:26,"NHNN hạ lãi suất USD, có mạo hiểm thanh khoản?"
VND,9/24/2015,11:15,USD ngân hàng tăng giá mạnh
VND,9/21/2015,10:36,Tỷ giá VND/USD giảm phiên thứ ba liên tiếp
VND,9/19/2015,11:37,"Cuối tuần, giá USD tiếp đà lao dốc"
VND,9/8/2015,15:26,"Hàng loạt ngân hàng tăng lãi suất tiết kiệm, có đáng lo?"
VND,9/4/2015,9:59,Tỷ giá USD/VND đảo chiều đi xuống
VND,9/4/2015,9:12,“Đừng nghĩ thả nổi tỷ giá đơn giản như vậy!”
VND,9/1/2015,10:33,Các ngân hàng tiếp tục tăng giá USD
VND,8/31/2015,9:28,"Đầu tuần, tỷ giá USD/VND có dấu hiệu tăng trở lại"
VND,8/27/2015,19:22,Lãi suất liên ngân hàng bằng VND tiếp tục tăng ở hầu hết các kỳ hạn
VND,8/27/2015,10:45,Các ngân hàng đồng loạt giảm mạnh giá USD
VND,8/27/2015,8:50,Ổn định tỷ giá và mặt trái tấm huy chương
VND,8/24/2015,16:37,Ôtô đồng loạt tăng giá mạnh?
VND,8/24/2015,14:57,"Ngân hàng đẩy giá bán USD lên kịch trần, tăng mạnh giá mua vào"
VND,8/24/2015,9:35,Tỷ giá USD/VND tiếp tục tăng nhiệt
VND,8/24/2015,8:25,“Cân đong” bài toán tỷ giá và lãi suất
VND,8/23/2015,19:16,Thời điểm này không nên đầu tư vào USD
VND,8/23/2015,9:29,Ngân hàng Nhà nước sẽ giãn lực cầu ngoại tệ
VND,8/23/2015,9:23,Tỷ giá khó tăng thêm
VND,8/19/2015,20:04,Phá giá VND sẽ tác động không lớn đến lạm phát nhưng lãi suất sẽ tăng
VND,8/19/2015,13:28,NHNN điều chỉnh tỷ giá USD/VND đã hợp lý chưa?
VND,8/19/2015,7:55,Tỷ giá đang đối mặt với áp lực điều chỉnh tăng
VND,8/17/2015,10:22,"Trước áp lực tỷ giá, Doanh nghiệp cần dùng công cụ phòng ngừa rủi ro"
VND,8/15/2015,14:45,Những “cơn đại địa chấn” thị trường tài chính tuần qua
VND,8/14/2015,9:24,Lạng Sơn: Doanh nghiệp lẫn người đổi tiền lao đao
VND,8/13/2015,9:29,Tỷ giá USD/VND sẽ còn điều chỉnh?
VND,8/13/2015,7:30,Nếu Trung Quốc tiếp tục phá giá đồng Nhân dân tệ...
VND,8/12/2015,17:48,"Trung Quốc và Việt Nam cùng ""phá giá"" tiền: Ngành nào sẽ bị “chịu” trận?"
VND,8/12/2015,11:49,USD ngân hàng thiết lập mặt bằng mới
VND,8/12/2015,11:27,"Chuyên gia Alan Pham: ""Việt Nam điều chỉnh biên độ tỷ giá rất đúng thời điểm"""
VND,8/12/2015,10:14,"Tăng biên độ tỷ giá lên 2%, các chuyên gia nói gì?"
VND,8/11/2015,21:21,"Trung Quốc “chơi dao”, VND có nguy?"
VND,8/9/2015,7:00,Các ngân hàng tăng cường vay mượn tiền đồng
VND,8/6/2015,17:41,"VDSC: ""Điều chỉnh tỷ giá, không sớm thì muộn"""
VND,7/31/2015,14:34,Giao dịch và lãi suất trên liên ngân hàng cùng tăng
VND,7/30/2015,13:00,"37 tỷ USD và 10 tấn vàng liệu có đủ ""kìm chân"" tỷ giá?"
VND,7/30/2015,8:10,Ông Trương Văn Phước: “Không có áp lực gì để tỷ giá tăng mạnh từ nay đến cuối năm”
VND,7/25/2015,20:34,Phó Thống đốc NHNN: Tỷ giá sẽ “neo” ở 2%
VND,7/17/2015,11:39,Giao dịch trên thị trường liên ngân hàng giảm mạnh
VND,7/17/2015,11:15,"Chỉ số Big Mac: Tiền đồng bị định giá thấp 42,6%"
VND,7/15/2015,13:00,Tỷ giá USD/VND được dự báo “tăng ít nhất 3%” năm 2015
VND,7/4/2015,14:00,"Tương tự Tổng công ty Sông Đà, VNDirect chưa thoái được vốn khỏi SDU"
VND,6/5/2015,8:52,Lãi suất liên ngân hàng giảm
VND,6/3/2015,9:02,"VNDirect sắp thoát khỏi ""kiếp nạn"" SDU?"
VND,5/9/2015,16:00,Người có tiền nhàn rỗi nên giữ VND hay USD?
VND,4/16/2015,17:29,"VNDirect năm 2015: Ồ ạt các kế hoạch huy động vốn, tăng số lượng môi giới lên 500 người"
VND,3/30/2015,8:07,Năm điểm chính trong thông điệp tỷ giá
VND,3/22/2015,16:16,VND lên giá: Không thể xem thường
VND,3/3/2015,22:57,Lại đề xuất phá giá tiền đồng
VND,2/18/2015,9:57,"Sổ tiết kiệm: Có thể gửi bằng tiền lẻ, ủy quyền cho người khác nhận lãi"
VND,1/14/2015,12:27,Lo áp lực thanh khoản ngoại tệ
VND,1/11/2015,10:42,Những quan niệm sai lầm về phá giá VND
VND,1/10/2015,10:31,"USD tăng, gửi VN đồng vẫn lợi"
VND,1/9/2015,7:30,Tăng tỷ giá là điều tất yếu
HCM,12/17/2024,17:55,Thủ tướng tiếp tục chỉ đạo gỡ vướng dự án chống ngập 10.000 tỷ đồng ở TP.HCM
HCM,10/11/2024,10:18,"Cổ phiếu vào diện bị kiểm soát, Đầu tư Sao Thái Dương khắc phục ra sao?"
HCM,3/19/2024,6:00,Dragon Capital tung gần 700 tỷ mua vào hàng chục triệu cổ phiếu Chứng khoán HSC
HCM,3/5/2024,16:05,"Sắp chi hàng ngàn tỉ đồng làm đường rộng 60m nối Tp.HCM với Bình Dương, thị trường bất động “hai bờ” hưởng lợi?"
HCM,2/29/2024,17:09,Dragon Capital dự chi hàng trăm tỷ thực hiện quyền mua cổ phiếu HCM
HCM,2/27/2024,0:01,"Cổ phiếu HCM nổi sóng cùng “game” tăng vốn, Chứng khoán HSC trở lại cuộc đua sau nhiều năm đánh mất vị thế?"
HCM,1/8/2024,9:35,"Cổ phiếu ""sừng sỏ"" ngành chứng khoán có thể bị loại khỏi rổ VNFinLead ngay trong tháng 1"
HCM,12/18/2023,14:22,"Chứng khoán HSC dự kiến phát hành gần 300 triệu cổ phiếu mới, tăng vốn điều lệ lên hơn 7.500 tỷ"
HCM,8/25/2023,10:39,HSC bị xử phạt do sử dụng nhân viên chưa có chứng chỉ hành nghề
HCM,10/20/2022,16:15,Chứng khoán HSC báo lãi quý 3 sụt giảm 48%
HCM,6/6/2022,17:03,"Chưa xác định phần vốn góp của HFIC, Chứng khoán TP HCM hoãn họp thường niên"
HCM,12/20/2021,15:07,Chứng khoán HSC vay tín chấp 104 triệu USD từ 12 định chế tài chính
HCM,12/17/2021,10:20,HFIC dự kiến chi thêm 459 tỷ đồng mua gần 33 triệu cổ phiếu HCM
HCM,12/2/2021,10:11,"Bán không được quyền mua, HFIC lại đăng ký bán hơn 10 triệu cổ phiếu HCM"
HCM,11/23/2021,11:39,HFIC bán đấu giá gần 73 triệu quyền mua cổ phiếu của Chứng khoán HSC với tổng giá trị gần nghìn tỷ đồng
HCM,11/10/2021,14:48,HFIC quyết định không đặt lệnh bán cổ phiếu HCM dù đã đăng ký bán hơn 10 triệu cổ phiếu
HCM,10/6/2021,10:30,Chủ tịch Chứng khoán HSC bị phạt do không công bố thông tin giao dịch cổ phiếu HCM
HCM,9/30/2021,8:46,HFIC đăng ký bán hơn 10 triệu cổ phiếu HCM của Chứng khoán HSC
HCM,9/28/2021,13:49,"Chứng khoán HSC chuẩn bị phát hành 152,5 triệu cổ phiếu, thu về hơn 2.100 tỷ đồng bổ sung nguồn cho margin và tự doanh"
HCM,7/20/2021,18:17,"HSC lãi ròng 283 tỷ quý 2, tăng 88% cùng kỳ năm trước, tự doanh mua mạnh cổ phiếu trong Vn30"
HCM,7/10/2021,15:14,"TP HCM chi gần 4 tỉ đồng cho người khó khăn, đói kém khi thực hiện Chỉ thị 16"
HCM,5/12/2021,18:24,Chứng khoán HSC điều chỉnh room ngoại về 49%
HCM,4/19/2021,13:48,Chứng khoán HSC trình ĐHCĐ thông qua phương án tạm chuyển giao dịch sang HNX
HCM,4/18/2021,20:05,"HSC tất toán gần 1.000 tỷ đồng danh mục tự doanh, lãi quý 1 gấp 3,2 lần cùng kỳ 2020."
HCM,12/29/2020,9:30,"HFIC đã bán ra 14,5 triệu cổ phiếu HCM của Chứng khoán HSC"
HCM,11/10/2020,22:40,HFIC đăng ký bán 25 triệu cổ phiếu HCM của Chứng khoán HSC
HCM,10/20/2020,16:50,"Công ty chứng khoán HSC 9 tháng lãi sau thuế 393 tỷ đồng, tăng 29% cùng kỳ năm trước, dư nợ margin tăng 27% lên hơn 6.000 tỷ đồng"
HCM,6/27/2020,9:21,Chứng khoán HSC (HCM) chi hơn 213 tỷ đồng trả nốt cổ tức còn lại năm 2019
HCM,6/12/2020,6:47,Chứng khoán HSC (HCM): Kế hoạch lãi sau thuế 454 tỷ đồng năm 2020
HCM,1/4/2020,19:11,HFIC muốn bán lên 10 triệu cổ phiếu HCM của Chứng khoán HSC thay vì 5 triệu cổ phiếu như trước đó
HCM,12/20/2019,9:34,HFIC lại đăng ký bán bớt 5 triệu cổ phiếu HCM của Chứng khoán HSC
HCM,11/11/2019,15:22,HSC chuẩn bị chi gần 153 tỷ đồng tạm ứng cổ tức đợt 1 năm 2019
HCM,9/19/2019,16:37,Chứng khoán HSC chuyển nhượng hơn 2 triệu cổ phần tại Quản lý quỹ VFM cho Dargon Capital
HCM,7/22/2019,22:18,"Chứng khoán HSC tăng mạnh mua trái phiếu nửa đầu năm 2019, lãi giảm gần 60% cùng kỳ năm trước"
HCM,5/22/2019,14:06,Chứng khoán HSC phân phối lại cho HFIC 25 triệu cổ phiếu chưa chào bán được
HCM,4/9/2019,21:07,Chứng khoán HSC (HCM): Kế hoạch lãi trước thuế 851 tỷ đồng năm 2019; chuẩn bị kinh doanh chứng quyền có đảm bảo
HCM,2/11/2019,9:34,Chứng khoán HSC phát hành hơn 86 triệu cổ phiếu thưởng tỷ lệ 3:2
HCM,12/30/2018,15:49,Chứng khoán HSC (HCM) phát hành 485 tỷ đồng trái phiếu không chuyển đổi
HCM,9/19/2018,19:39,Chứng khoán HSC trình ĐHCĐ hàng loạt phương án tăng vốn điều lệ
HCM,6/5/2018,21:26,Chứng khoán HSC chi trăm tỷ mua hơn 10% cổ phần của Vinasun
HCM,1/25/2018,7:47,Phó Tổng giám đốc HSC: Có 4 yếu tố để nhà đầu tư nước ngoài quyết định phân bổ tài sản vào thị trường Việt Nam
HCM,1/22/2018,14:18,"Tự doanh tăng trưởng đột biến giúp HSC lãi ròng 554 tỷ đồng trong năm 2017, đạt mức kỷ lục trong lịch sử"
HCM,12/22/2017,8:07,"HSC phát hành thành công 800 tỷ đồng trái phiếu, sẵn sàng 'bơm vốn' cho vay margin"
HCM,10/28/2017,7:50,HSC chuẩn bị huy động tối đa 800 tỷ đồng sẵn sàng bơm vốn cho hoạt động cho vay margin
HCM,10/20/2017,15:33,"Chứng khoán HSC đạt 368 tỷ đồng lợi nhuận, vượt 2% kế hoạch lợi nhuận cả năm sau 9 tháng"
HCM,4/24/2017,16:55,"ĐHĐCĐ HSC: Mục tiêu thị phần môi giới 2017 tăng lên 12,3%, nâng cổ tức tiền mặt 2016 lên 17%"
HCM,1/20/2017,15:07,TP. HCM công bố giá đất bồi thường dự án cầu vượt thép hơn 400 tỷ đồng
HCM,10/21/2016,10:54,"HSC cho vay margin gần 3.000 tỷ đồng, LNST 9 tháng tăng 60% so với cùng kỳ"
HCM,1/21/2016,13:00,"Chứng khoán HSC: Tiền mặt giảm hơn 1.000 tỷ đồng, không hoàn thành kế hoạch năm 2015"
HCM,8/19/2015,8:04,HSC dự kiến lợi nhuận sau thuế năm 2015 sẽ giảm 19% so với kế hoạch
HCM,8/18/2015,12:55,VCSC: Khả năng SSI bị quỹ Van Eck loại ra là rất thấp
HCM,7/20/2015,16:28,"Chứng khoán HSC: Tự doanh giảm sút, lãi ròng quý 2 sụt giảm 45%"
HCM,3/17/2015,8:43,Chứng khoán HSC tuyển Giám đốc nghiệp vụ và chuyên viên đào tạo
VCI,9/27/2024,11:46,"Vietcap chào bán riêng lẻ 144 triệu cổ phiếu: Cá mập Dragon Capital, Pyn Elite Fund, KIM, Prudential tham chiến, nhiều NĐT cá nhân sẵn sàng chi hàng trăm tỷ"
VCI,9/13/2024,16:22,"Bà chủ chuỗi cà phê Katinat bán xong 13 triệu cổ phiếu Chứng khoán Vietcap (VCI), thu về hàng trăm tỷ đồng"
VCI,8/28/2024,1:03,"Vợ ông Tô Hải, bà chủ chuỗi cà phê Katinat, Phê La bất ngờ muốn bán 13 triệu cổ phiếu Chứng khoán Vietcap (VCI), dự thu hơn 600 tỷ"
VCI,8/6/2024,10:37,Công ty chứng khoán vừa báo lãi quý 2 tăng bằng lần chuẩn bị tạm ứng gần 200 tỷ đồng cổ tức
VCI,7/26/2024,9:42,"Phó Tổng giám đốc Vietcap muốn bán bớt 2,8 triệu cổ phiếu VCI"
VCI,4/22/2024,8:25,"Chứng khoán Vietcap (VCI): LNTT quý 1 tăng gần gấp 3 cùng kỳ lên 227,5 tỷ, danh mục chứng khoán niêm yết trị giá hơn 7.200 tỷ"
VCI,4/2/2024,15:33,"ĐHĐCĐ Chứng khoán Vietcap (VCI): Dư nợ margin hiện khoảng hơn 8.000 tỷ, ước quý 1 lãi 220 tỷ đồng"
VCI,3/12/2024,14:47,"Chứng khoán Vietcap muốn phát hành thêm 281 triệu cổ phiếu trong năm 2024, tăng vốn lên gần 7.200 tỷ đồng"
VCI,1/19/2024,18:27,"Chứng khoán Vietcap: Lãi quý 4 tăng 360%, danh mục tự doanh giảm gần 1.300 tỷ trong vòng 3 tháng, HPG không còn xuất hiện"
VCI,9/15/2023,11:07,"Phó Tổng Giám đốc Chứng khoán Vietcap muốn bán 5,4 triệu cổ phiếu VCI khi giá đã tăng gần 3 lần từ đáy"
VCI,7/21/2023,0:41,Chứng khoán Vietcap (VCI) lãi trước thuế 131 tỷ đồng trong quý 2
VCI,12/15/2022,11:02,Chứng khoán Bản Việt (VCI) sắp chi hơn 300 tỷ tạm ứng cổ tức cho cổ đông ngay đầu năm mới
VCI,11/14/2022,11:24,Chứng khoán Bản Việt (VCI) mua lại trước hạn loạt trái phiếu với tổng giá trị gần 400 tỷ đồng
VCI,9/21/2022,13:30,VCI được FiinRatings xếp hạng tín nhiệm ở mức A - với triển vọng ổn định
VCI,9/20/2022,15:45,Chứng khoán Bản Việt (VCSC) không còn là cổ đông lớn của Hà Đô Group (HDG)
VCI,7/4/2022,10:44,VCSC chuẩn bị phát hành 100 triệu cổ phiếu trả cổ tức 2021 tỷ lệ 30%
VCI,6/9/2022,8:40,Chứng khoán Bản Việt: Câu chuyện huy động thành công 240 triệu USD vốn nước ngoài và bước chuyển mình đột phá về chiến lược và mô hình kinh doanh
VCI,2/14/2022,15:37,"Năm kỷ lục của Chứng khoán Bản Việt (VCSC), bình quân mỗi nhân viên mang về 6,5 tỷ đồng lợi nhuận"
VCI,1/20/2022,16:30,"Chứng khoán Bản Việt (VCI) lãi kỷ lục 1.500 tỷ đồng trong năm 2021, tăng gấp đôi năm trước"
VCI,11/24/2021,9:04,Chứng khoán Bản Việt (VCSC) nhận khoản vay hợp vốn trị giá 100 triệu USD từ các ngân hàng nước ngoài
VCI,11/8/2021,10:59,"Chứng khoán Bản Việt (VCI) tiếp tục huy động 300 tỷ đồng trái phiếu, lãi suất 8%/năm"
VCI,9/16/2021,11:03,"Chứng khoán Bản Việt (VCI): Dư nợ trái phiếu nửa đầu năm tăng đột biến 149% lên 1.623 tỷ, sắp ""hút"" thêm 200 tỷ đồng"
VCI,9/9/2021,9:27,"Cổ phiếu bứt phá lên đỉnh, mẹ Tổng Giám đốc Tô Hải đã bán hết 1,45 triệu cổ phiếu VCI"
VCI,9/3/2021,17:58,"FTSE Vietnam Index chính thức thêm mới KDH, VCI vào danh mục trong kỳ review quý 3"
VCI,8/20/2021,16:33,"VCI tăng mạnh, người nhà CEO Chứng khoán Bản Việt đưa toàn bộ gần 1,5 triệu cổ phiếu ra bán"
VCI,7/9/2021,16:11,"Chứng khoán Bản Việt (VCSC) mua thêm hơn 9 triệu cổ phiếu HDG, trở thành cổ đông lớn của Tập đoàn Hà Đô"
VCI,6/27/2021,7:37,Chứng khoán Bản Việt (VCI) mua lại trước hạn 500 tỷ trái phiếu
VCI,6/8/2021,18:24,Chứng khoán Bản Việt (VCI) phát hành hơn 166 triệu cổ phiếu thưởng tỷ lệ 100%
VCI,5/24/2021,8:59,"Chứng khoán Bản Việt (VCI): Tiếp tục phát hành 500 tỷ trái phiếu, tính từ đầu năm đã ""hút"" 1.250 tỷ đồng"
VCI,5/21/2021,8:20,Chứng khoán Bản Việt (VCI) chuẩn bị phát hành cổ phiếu thưởng tỷ lệ 1:1
VCI,5/15/2021,16:55,"Chứng khoán Bản Việt (VCI): Không chỉ phát hành tăng gần gấp 2 lần vốn, tiếp tục lên kế hoạch huy động 750 tỷ trái phiếu"
VCI,5/10/2021,12:40,Chứng khoán Bản Việt (VCSC) chuẩn bị phát hành trái phiếu huy động 500 tỷ đồng
VCI,4/12/2021,13:11,Chứng khoán Bản Việt (VCSC) chuẩn bị chốt quyền trả cổ tức 20% bằng tiền
VCI,4/9/2021,15:22,"ĐHĐCĐ VCSC (VCI): Năm 2021 mảng IB sẽ “bùng nổ” trở lại với tổng quy mô dự kiến 2,6 tỷ USD, quý 1 ước lãi 350 tỷ đồng"
VCI,3/19/2021,9:36,"Chứng khoán Bản Việt (VCI): Tăng vốn 1.674 tỷ, ""nhá hàng"" đang có đến 40.000 tỷ ""deal"" lớn và sẽ đẩy mạnh mảng IB trở lại"
VCI,12/19/2020,23:42,"Chứng khoán Bản Việt (VCI): Cổ phiếu tăng 235% từ đầu năm, ước lợi nhuận 2020 vượt xa chỉ tiêu với 850 tỷ đồng"
VCI,9/21/2020,22:21,"KIM Vietnam Growth Fund đã bán bớt cổ phiếu GEX, NKG và mua thêm cổ phiếu VCI"
VCI,7/10/2020,9:14,"Chứng khoán Bản Việt (VCI): Tổng Giám đốc Tô Hải muốn mua thêm 6 triệu cổ phần, tăng sở hữu lên gần 23% vốn"
VCI,7/3/2020,10:12,Chứng khoán Bản Việt (VCI) chốt quyền nhận cổ tức bằng tiền tỷ lệ 15%
VCI,6/25/2020,9:31,ĐHĐCĐ Chứng khoán Bản Việt: 2020 sẽ là năm bỏ đi vì lợi nhuận không đáng kể!
VCI,6/5/2020,17:47,Chứng khoán Bản Việt đặt kế hoạch lợi nhuận giảm 36% trong năm 2020
VCI,4/20/2020,17:28,"Chứng khoán Bản Việt (VCSC) bán MBB, FPT, MML, lợi nhuận quý 1 sụt giảm 41%"
VCI,8/13/2019,22:42,Chứng khoán Bản Việt phát hành 500 tỷ đồng trái phiếu không chuyển đổi
VCI,4/26/2019,10:28,Nhóm quỹ do Dragon Capital quản lý không còn là cổ đông lớn tại Chứng khoán Bản Việt
VCI,4/23/2019,17:02,"Thị trường trầm lắng, lợi nhuận chứng khoán Bản Việt (VCSC) giảm 39% trong quý 1"
VCI,4/11/2019,13:43,"Chứng khoán Bản Việt (VCSC) đặt kế hoạch lợi nhuận giảm 17,3% trong năm 2019"
VCI,1/16/2019,7:01,"Chứng khoán Bản Việt phát hành thành công 800 tỷ đồng trái phiếu, lên phương án phát hành tiếp 500 tỷ trái phiếu riêng lẻ"
VCI,1/15/2019,9:44,Chứng khoán Bản Việt (VCSC) chuẩn bị chi hơn trăm tỷ trả cổ tức cho cổ đông hiện hữu
VCI,7/6/2018,16:19,Chứng khoán Bản Việt thông qua phương án phát hành riêng lẻ 800 tỷ đồng trái phiếu
VCI,6/25/2018,14:18,Chứng khoán Bản Việt chốt quyền nhận cổ tức và cổ phiếu thưởng tổng tỷ lệ 45%
VCI,6/14/2018,13:58,Chứng khoán Bản Việt phát hành 42 triệu cổ phiếu thưởng tỷ lệ 35%
VCI,1/24/2018,15:01,"Doanh thu tư vấn tăng vọt, Chứng khoán Bản Việt (VCSC) lãi ròng tăng gấp đôi trong năm 2017"
VCI,9/7/2017,20:59,Chứng khoán Bản Việt (VCI) phát hành thành công 300 tỷ đồng trái phiếu để đáp ứng nguồn vốn cho vay ký quỹ
VCI,8/23/2017,16:30,Chứng khoán Bản Việt (VCSC) xin ý kiến cổ đông phát hành và niêm yết chứng quyền có bảo đảm
VCI,7/19/2017,16:08,Vợ ông Tô Hải chi 240 tỷ đồng để mua 5 triệu cổ phiếu phát hành riêng lẻ của CTCK Bản Việt
VCI,7/3/2017,17:37,"Chứng khoán Bản Việt lên sàn, Tổng giám đốc Tô Hải gia nhập CLB Doanh nhân nghìn tỷ"
VIX,11/26/2024,9:15,"Chứng khoán VIX nâng sở hữu tại công ty con của Viglacera lên gần 18,4%"
VIX,9/10/2024,13:47,Chứng khoán VIX chi hơn 300 tỷ đồng trở thành cổ đông lớn PC1
VIX,9/8/2024,21:48,"Chứng khoán VIX trở thành cổ đông lớn của PC1, Sabeco lên kế hoạch mua lại 43% cổ phần Sabibeco"
VIX,8/2/2024,22:54,"Chỉ báo nỗi sợ hãi của nhà đầu tư Mỹ ""tăng dựng đứng"" trong bối cảnh thị trường đỏ lửa"
VIX,7/31/2024,12:41,"Cổ phiếu một công ty chứng khoán bất ngờ “đắt hàng” trước thềm “lăn chốt” cổ tức, thưởng và chào bán ưu đãi"
VIX,7/3/2024,16:41,Chứng khoán VIX thay đổi sở hữu cổ đông lớn
VIX,3/24/2024,11:01,"Chứng khoán VIX muốn tăng vốn điều lệ lên hơn 14.500 tỷ đồng, ""nhăm nhe"" vị trí Top 3"
VIX,12/9/2023,5:00,"Chứng khoán VIX bị phạt hàng trăm triệu do sai phạm về cho vay margin, đặt lệnh mua chứng khoán khi không có đủ tiền"
VIX,10/2/2023,21:01,Chứng khoán VIX có thêm cổ đông lớn
VIX,9/16/2023,17:45,"Chứng khoán VIX liên tục giao dịch cổ phiếu, bán bớt 12% vốn công ty thiết bị điện sau khi vừa trở thành cổ đông lớn tại Viglacera Tiên Sơn"
VIX,6/26/2023,15:40,"Chứng khoán VIX khớp lệnh kỷ lục hơn 10% công ty, cổ phiếu thoát sàn vào phút chót"
VIX,4/18/2023,17:30,Ông Thái Hoàng Long làm Chủ tịch HĐQT Chứng khoán VIX
VIX,4/15/2023,14:51,ĐHĐCĐ Chứng khoán VIX thông qua kế hoạch lợi nhuận trước thuế 676 tỷ đồng
VIX,3/27/2023,11:07,"Chứng khoán VIX lên kế hoạch lợi nhuận 2023 tăng 73%, dự kiến chia cổ tức và thưởng cổ phiếu tổng tỷ lệ 15%"
VIX,2/10/2023,16:52,Thành viên HĐQT và ban kiểm soát Chứng khoán VIX xin từ nhiệm
VIX,1/18/2023,17:31,"Tự doanh kém hiệu quả, Chứng khoán VIX lỗ kỷ lục kể từ khi niêm yết"
VIX,12/20/2022,12:15,Nhóm cổ đông liên quan ông Nguyễn Văn Tuấn vừa thu về gần 2.300 tỷ đồng sau khi bán lượng lớn cổ phiếu GEX và VIX
VIX,12/8/2022,10:17,Nhóm cổ đông liên quan đến ông Nguyễn Văn Tuấn đã bán hơn 23% cổ phần của Chứng khoán VIX trong vòng 5 ngày
VIX,11/25/2022,17:10,Nhóm cổ đông liên quan đến ông Nguyễn Văn Tuấn muốn bán hơn 135 triệu cổ phiếu Chứng khoán VIX
VIX,11/2/2022,13:30,Cảnh báo về việc mạo danh công ty chứng khoán VIX để lừa đảo
VIX,10/19/2022,13:30,Chứng khoán VIX: Phó chủ tịch HĐQT tiếp nhận chức vụ Chủ tịch HĐQT
VIX,9/13/2022,13:52,Chứng khoán VIX muốn mua lại trước hạn toàn bộ trái phiếu phát hành năm 2021
VIX,8/4/2022,9:13,Vợ ông Nguyễn Văn Tuấn hoàn tất mua khớp lệnh 10 triệu cổ phiếu VIX
VIX,7/16/2022,10:07,Vợ ông Nguyễn Văn Tuấn đăng ký mua vào 10 triệu cổ phiếu VIX khi thị giá hồi phục 35% từ đáy
VIX,7/15/2022,16:19,Chứng khoán VIX báo lãi quý II giảm gần 46%
VIX,7/12/2022,13:06,Ông Nguyễn Văn Tuấn hoàn tất mua thỏa thuận 1 triệu cổ phiếu VIX
VIX,7/6/2022,17:04,Chứng khoán VIX chốt quyền cổ tức năm 2021 bằng tiền tỷ lệ 6%
VIX,6/30/2022,13:30,"Chứng khoán VIX trả cổ tức 12%, 6% bằng tiền mặt và 6% bằng cổ phiếu"
VIX,6/22/2022,19:17,Lãnh đạo nhiều doanh nghiệp chi tiền tỉ cứu giá cổ phiếu đang lao dốc
VIX,6/9/2022,11:12,Nhóm cổ đông của ông Nguyễn Văn Tuấn muốn sở hữu 25% VIX mà không cần chào mua công khai
VIX,6/9/2022,8:00,Nhiều công ty chứng khoán đặt kế hoạch kinh doanh năm 2022 thận trọng
VIX,3/20/2022,7:02,"CEO Gelex sẽ chi gần 800 tỷ đồng mua cổ phiếu VIX, nâng sở hữu lên gần 15% vốn điều lệ"
VIX,1/17/2022,8:00,Chứng khoán VIX (VIX): lợi nhuận trước thuế đạt 907 tỷ đồng
VIX,12/20/2021,14:15,"Dồn dập tăng vốn, Chứng khoán VIX lại muốn chào bán thêm gần 275 triệu cổ phiếu giá 15.000 đồng, vốn điều lệ dự kiến lên gần 5.500 tỷ đồng"
VIX,11/23/2021,22:01,"Vừa hoàn tất tăng vốn thêm 115%, Chứng khoán VIX tiếp tục xin ý kiến cổ đông phát hành cổ phiếu tăng vốn điều lệ"
VIX,11/22/2021,10:08,"Gần 147 triệu cổ phiếu VIX sắp được niêm yết bổ sung, cổ phiếu tăng 70% so với thời điểm chốt quyền"
VIX,10/20/2021,13:11,"VIX: 9 tháng lãi 574 tỷ đồng, gấp 3 cùng kỳ năm trước, vượt kế hoạch năm dù lợi nhuận quý 3 giảm nhẹ"
VIX,10/12/2021,10:43,"Ông Nguyễn Văn Tuấn vừa mua hơn 29 triệu cổ phiếu VIX, trở thành cổ đông lớn"
VIX,10/11/2021,11:40,Chứng khoán VIX phát hành thành công 200 tỷ đồng trái phiếu riêng lẻ lãi suất 8%/năm cho một tổ chức trong nước
VIX,10/3/2021,23:07,"Chứng khoán VIX muốn huy động 200 tỷ trái phiếu, mục đích bổ sung vốn cho hoạt động tự doanh"
VIX,9/16/2021,18:17,Ông Nguyễn Văn Tuấn đăng ký mua 29 triệu quyền mua cổ phiếu VIX
VIX,8/27/2021,11:27,Chứng khoán VIX (VIX) chốt danh sách phát hành gần 147 triệu cổ phiếu trả cổ tức và chào bán cho cổ đông hiện hữu
VIX,8/19/2021,11:53,"Chứng khoán VIX được chấp thuận phát hành gần 147 triệu cổ phiếu, tăng vốn điều lệ thêm 115%"
VIX,7/1/2021,10:46,"Công ty tư vấn quản lý và Đầu tư Đỏ bán bớt 6,5 triệu cổ phiếu, không còn là cổ đông lớn của Chứng khoán VIX"
VIX,10/2/2020,8:21,"Cổ phiếu tăng gấp 3 trong vòng nửa năm, Tổng Giám đốc Chứng khoán IB vẫn mua thêm 4 triệu cổ phiếu"
VIX,2/13/2019,11:14,Chứng khoán IB thông qua việc phát hành riêng lẻ 200 tỷ đồng trái phiếu không chuyển đổi
VIX,12/8/2018,8:22,Chứng khoán IB phát hành riêng lẻ 200 tỷ đồng trái phiếu không chuyển đổi
VIX,10/18/2018,10:56,Pyn Elite Fund tiếp tục thoái bớt vốn tại AAA và DLG
VIX,10/16/2018,15:33,Chứng khoán IB thông qua phương án phát hành riêng lẻ 20 triệu cổ phiếu
VIX,10/4/2018,9:17,"Pyn Elite bán hết cổ phần Chứng khoán IB đang sở hữu, hiện thực hóa số lãi sau hơn 2 năm làm cổ đông lớn"
VIX,6/6/2017,9:00,Chứng khoán IB đã chuyển nhượng toàn bộ gần 78% vốn điều lệ tại công ty quản lý quỹ
VIX,5/30/2017,6:38,"Em trai tân Ủy viên HĐQT chứng khoán IB đã bán sạch gần 3,6 triệu cổ phiếu VIX"
VIX,5/16/2017,13:19,"Cổ phiếu VIX tăng mạnh, tân Ủy viên HĐQT Chứng khoán IB vẫn tính mua vào 4 triệu cổ phiếu"
VIX,4/24/2017,14:23,"ĐHCĐ CTCK IB (VIX): Dồn lực vào mảng môi giới, đặt kế hoạch doanh thu tăng 40%, lợi nhuận tăng 6%"
VIX,10/9/2016,9:20,Một lãnh đạo tính thoái hết vốn tại Chứng khoán IB
VIX,9/28/2016,7:16,Trong 1 ngày Pyn Elite Fund đổ 24 tỷ đồng vào Chứng khoán IB và Tasco
VIX,7/6/2016,20:00,Chứng khoán IB bị phạt 125 triệu đồng
VIX,6/30/2016,8:22,"Pyn Elite Fund thoái vốn khỏi KLS, chuyển sang đầu tư vào VIX"
VIX,4/19/2016,14:35,Chứng khoán IBSC dự kiến tăng vốn điều lệ lên hơn 1.150 tỷ đồng
VIX,2/18/2016,11:12,"IBSC lãi ròng 64 tỷ đồng năm 2015, đẩy mạnh nắm giữ GEX, VTX"
VIX,1/22/2016,16:49,"Sau Maserco, đến lượt InDo Trần đăng ký mua hơn 2 triệu cổ phiếu Vietranstimex"
VIX,1/20/2016,9:34,"SCIC thoái vốn khỏi Vietranstimex, IBSC sẽ tiếp tục mua vào?"
VIX,10/19/2015,20:18,Các tổ chức đua nhau mua vào cổ phiếu MHC
VIX,10/12/2015,11:53,Nhóm cổ đông VIX sẽ rót tiền sở hữu 65% MHC?
VIX,9/25/2015,17:46,"Trước thềm ĐHCĐ, MHC bổ sung 2 nhân sự mới vào HĐQT"
VIX,9/24/2015,11:50,IBSC nâng tỷ lệ sở hữu tại MHC lên trên 19%
VIX,9/21/2015,16:40,"Chứng khoán IB (VIX): Tăng vốn lên trên 1.000 tỷ đồng, mở 100% room cho khối ngoại"
VIX,9/14/2015,12:06,"VIX dự kiến tăng vốn lên trên 1.000 tỷ đồng, chuyển mảng tự doanh sang công ty QLQ"
VIX,8/31/2015,11:50,"FTG Việt Nam không mua cổ phiếu VIX nào trong số 1,2 triệu đơn vị đã đăng ký"
VIX,8/10/2015,16:30,"VIX chủ trương mua hơn 2,2 triệu cổ phiếu của Quản lý quỹ Dầu khí Toàn cầu"
VIX,7/1/2015,15:38,VietinBank Capital và chứng khoán IB đồng loạt bán ra hơn 14% cổ phần của S99
VIX,6/30/2015,15:25,IBSC nhận chuyển nhượng hơn 74% cổ phần tại GP Fund
VIX,6/27/2015,13:32,Chứng khoán IB đăng ký mua 5 triệu cổ phiếu của DAP Vinachem
VIX,6/24/2015,14:31,Ông David Frank Woodhouse - Thành viên HĐQT độc lập của chứng khoán IB từ nhiệm
VIX,6/23/2015,20:28,Chứng khoán IB sẽ tổ chức ĐHCĐ bất thường thay thế thành viên HĐQT
VIX,6/10/2015,9:12,Hơn 30 triệu cổ phiếu VIX phát hành giá 10.000 đồng được chấp thuận niêm yết bổ sung
VIX,5/27/2015,20:29,"4 cá nhân sở hữu 62,17% cổ phần VFR, SCIC đã thoái vốn thành công?"
VIX,5/13/2015,15:30,Chủ tịch QBS đăng ký mua vào 1 triệu cổ phiếu
VIX,5/11/2015,15:57,"HHS, FLC, VIX, CDO, POT, KSD, DTL, SWC: Thông tin giao dịch lượng lớn cổ phiếu."
VIX,5/5/2015,17:32,"Chứng khoán IB (VIX) đã tăng tỷ lệ sở hữu tại VFR lên 9,2%"
VIX,4/7/2015,15:09,Chứng khoán IB tăng tỷ lệ sở hữu tại STG lên gần 15%
VIX,4/7/2015,15:03,Chứng khoán IB thoái toàn bộ vốn khỏi TET
VIX,3/28/2015,10:20,[Trực tiếp] ĐHCĐ Chứng khoán IB: Phát triển “rầm rộ” hoạt động môi giới trong năm 2015
VIX,3/23/2015,12:58,Chứng khoán IB: Trình ĐHCĐ chuyển sàn niêm yết sang HoSE
VIX,3/6/2015,16:13,VIX: Thu nhập bình quân nhân viên đạt hơn 22 triệu/ tháng
VIX,2/13/2015,10:32,Chứng khoán IB (VIX) phát hành 30 triệu cổ phiếu tăng vốn lên gấp đôi
VIX,2/5/2015,7:18,VIX: Năm 2015 đặt kế hoạch lợi nhuận sau thuế tăng hơn 16% năm 2013
VIX,1/2/2015,9:16,Năm 2014: Lướt sóng như VIX
FPT,1/1/2025,21:42,"Lãnh đạo FPT 'khoe' đã nhận 350.000 hồ sơ ứng tuyển vào tập đoàn nhưng chỉ chấm đỗ hơn 6% trong năm 2024, gần ngang tỷ lệ chọi tại Harvard"
FPT,1/1/2025,0:01,"Chứng khoán 2024: Khối ngoại bán ròng kỷ lục, VN-Index chật vật trước ngưỡng 1.300 điểm"
FPT,12/31/2024,11:03,Tập đoàn công nghệ số 1 Việt Nam thêm một lần lên đỉnh vào ngày cuối năm 2024
FPT,12/29/2024,14:12,VinFast là DN Việt Nam duy nhất lọt Top 10 xuất khẩu sản phẩm liên quan máy tính - thiết bị điện sang Mỹ
FPT,12/28/2024,0:04,"Lần đầu tiên có NĐT ngoại mua 26.600 cổ phiếu FPT nhưng chưa thanh toán, khiến Vietcap phải trả thay: “Failed Trade” của TTCK nói lên điều gì?"
FPT,12/25/2024,11:04,"“Ôm” 8 tỷ USD cổ phần FPT, Vinamilk, Sabeco, Vietnam Airlines,… gã khổng lồ kinh doanh vốn Nhà nước ước lãi kỷ lục năm 2024 nhờ cổ tức"
FPT,12/25/2024,8:49,"FPT đã giúp tuyến Metro số 1 Bến Thành - Suối Tiên hiện đại tương đương tàu điện của Singapore, Nhật Bản, Châu Âu với công nghệ ít quốc gia có"
FPT,12/25/2024,0:01,Nhóm cổ phiếu FPT và Viettel bứt phá mạnh mẽ cùng “trend” công nghệ toàn cầu
FPT,12/24/2024,17:30,FPT và ROX Group hoàn thiện dự án SAP S/4HANA trong lĩnh vực bất động sản
FPT,12/24/2024,9:08,Tổng giám đốc FPT dự báo: “Khó khăn của 2025 bằng 2023 và 2024 cộng lại”
FPT,12/23/2024,9:33,"Điện thoại nắp gập mỏng nhất thế giới, khiến ""con cưng"" của Samsung phải ""nể"", khách Việt ào ào chốt đơn"
FPT,12/23/2024,0:05,"Dự báo nhịp điều chỉnh là cơ hội mua vào, chuyên gia VinaCapital chỉ ra 5 nhóm cổ phiếu ưa thích trong năm 2025"
FPT,12/21/2024,13:30,FPT và Đại học Bách Khoa HN hợp tác đào tạo kỹ sư chuyên sâu kỹ thuật ô tô số
FPT,12/20/2024,10:33,"Công ty của tỷ phú Phạm Nhật Vượng bán gì - mua gì với FPT, Vietjet, Lotte... tại quốc gia đông dân thứ 4 thế giới"
FPT,12/20/2024,7:10,Gói kích thích kinh tế 13 tỷ USD và tham vọng phục hồi vị thế dẫn đầu của Nhật Bản về AI- chip: FPT chớp cơ hội
FPT,12/18/2024,15:46,"Xanh SM chính thức gia nhập thị trường Indonesia, kí một loạt MOU với 9 đối tác lớn như Vietjet, Huawei, Visa,..."
FPT,12/17/2024,13:30,FPT thắng lớn tại Giải thưởng bảo mật Chìa khóa vàng 2024
FPT,12/17/2024,0:09,Công ty chứng khoán chỉ ra 8 doanh nghiệp có triển vọng tăng trưởng tích cực
FPT,12/16/2024,21:13,"FPT báo lợi nhuận sau thuế 11 tháng tăng trưởng 21%, thắng thầu 45 dự án lớn với quy mô trên 5 triệu USD"
FPT,12/16/2024,14:01,"Ngắt mạch 6 quý thua lỗ liên tiếp, FPT Shop sẽ kinh doanh ra sao khi đã đóng 120 cửa hàng?"
FPT,12/13/2024,0:47,"Yếu tố đặc biệt giúp FPT có lợi thế cạnh tranh với các ""gã khổng lồ"" Google, Microsoft trong cuộc đua AI"
FPT,12/11/2024,17:30,FPT Shop trở thành nhà bán lẻ độc quyền Xiaomi 14T Pro 1TB tại Việt Nam
FPT,12/11/2024,0:07,"Chuyện gì đây: Siêu cá mập 528 tỷ USD hứa mở rộng đầu tư, gã khổng lồ 3.000 tỷ USD Nvidia muốn biến Việt Nam thành ""ngôi nhà thứ 2"""
FPT,12/10/2024,14:40,Cận cảnh hàng ngàn siêu chip NVIDIA tại Nhà máy AI đầu tiên của Việt Nam
FPT,12/10/2024,14:32,Ông lớn' tài chính Nhật Bản muốn mua 35% vốn công ty con 5 ngày tuổi của FPT
FPT,12/10/2024,8:47,"Nóng: Hàng nghìn siêu chip Nvidia tiên tiến bậc nhất thế giới vừa đến Việt Nam, doanh nghiệp nào tiếp nhận?"
FPT,12/9/2024,21:04,Cận cảnh hàng ngàn siêu chip Nvidia GPU H1000 cho Nhà máy AI đầu tiên tại Việt Nam
FPT,12/9/2024,17:48,Bữa trưa đặc biệt giữa hai “bố già” AI thế giới và nhà sáng lập công ty công nghệ tỷ USD của Việt Nam
FPT,12/7/2024,14:47,"Trẻ em sẽ làm bài tập về nhà ra sao trong kỷ nguyên của ChatGPT? ""Bố già AI"" và Chủ tịch FPT Trương Gia Bình đưa ra giải pháp"
FPT,12/7/2024,11:00,Cận cảnh hàng ngàn siêu chip NVIDIA tại Nhà máy AI đầu tiên của FPT tại Việt Nam
FPT,12/7/2024,1:33,"Khối ngoại trở lại bán ròng hàng trăm tỷ trong tuần đầu tháng 12, tâm điểm tại loạt Bluechips bán lẻ và công nghệ"
FPT,12/5/2024,18:20,"Giữ lời hứa, tỷ phú Nvidia Jensen Huang trở lại Việt Nam"
FPT,12/5/2024,17:37,"CEO Nvidia Jensen Huang trở lại Việt Nam, FPT lập kỷ lục mới"
FPT,12/5/2024,17:30,FPT thành lập FPT Smart Cloud Japan
FPT,12/5/2024,15:27,"Tin mừng: Khối ngoại đảo chiều “rót” gần 700 tỷ đồng gom cổ phiếu Việt Nam, đâu là tâm điểm?"
FPT,12/5/2024,15:26,"Điểm mặt những công thần giúp VN-Index có ""cú nhấn ga"" tăng tốc gần 30 điểm, vốn hóa HoSE vượt 5,2 triệu tỷ"
FPT,12/3/2024,17:10,"FPT lần thứ 37 đưa cổ đông ""lên đỉnh"" từ đầu năm, giá trị cổ phiếu ông Trương Gia Bình nắm giữ tăng thêm 6.400 tỷ đồng"
FPT,12/3/2024,14:18,Ông Trương Gia Bình: Không phải ngẫu nhiên CEO Nvidia chọn Việt Nam là ngôi nhà thứ hai của mình
FPT,12/2/2024,19:30,FPT tăng tốc chinh phục thị trường AI Nhật Bản: Cơ hội lớn cho nhân tài công nghệ
FPT,12/2/2024,0:16,"Cú bắt tay ra mắt nhà máy AI sẽ đem lại ""bước nhảy"" đột biến về doanh thu cho FPT?"
FPT,11/29/2024,15:02,"Vốn hóa FPT bằng 5 ngân hàng cộng lại, giá trị cổ phiếu ông Trương Gia Bình nắm giữ gần chạm ngưỡng 15.000 tỷ"
FPT,11/29/2024,11:35,Niềm vui của cổ đông FPT
FPT,11/29/2024,8:42,Liên danh FPT Nha Trang muốn làm đô thị công nghệ 50 ha ở Nha Trang
FPT,11/28/2024,17:30,FPT hợp tác cùng nhà cung cấp giải pháp quản trị doanh nghiệp Top 10 thế giới Yonyou
FPT,11/27/2024,16:07,"Thị trường “cạn” thanh khoản, cổ phiếu FPT “gồng” chỉ số VN-Index"
FPT,11/27/2024,13:36,"Bị hỏi: “Sao nhiều kinh nghiệm mà không khởi nghiệp?”, Sếp Hoàng Nam Tiến có màn trả lời thú vị, hé lộ 1 CHI TIẾT mà người trẻ nên học hỏi"
FPT,11/22/2024,7:29,Điểm chung đáng kinh ngạc của Nvidia và FPT
FPT,11/21/2024,16:30,The Next for Enterprise - bộ giải pháp cùng doanh nghiệp “định hình” mô hình kinh doanh - sản xuất mới
FPT,11/21/2024,0:01,Doanh nghiệp tư nhân lớn nhất Việt Nam “hở room” khối ngoại hơn 3%
FPT,11/20/2024,15:30,FPT và SCSK sẽ thành lập liên doanh thúc đẩy chuyển đổi số tại Nhật Bản
FPT,11/20/2024,13:27,FPT và SCSK sẽ thành lập liên doanh để cách mạng hóa “hệ thống kế thừa” tại Nhật Bản
FPT,11/19/2024,16:21,"FPT cán mốc tỷ đô doanh thu từ thị trường nước ngoài, cổ đông nhận gần 1.500 tỷ đồng tiền cổ tức chỉ sau 2 tuần ""lăn chốt"""
FPT,11/15/2024,0:21,"CEO Nguyễn Văn Khoa: Chúng tôi mất ngủ cả đêm, tìm ra điều FPT sẽ làm để cùng đất nước vươn mình trong kỷ nguyên mới"
FPT,11/14/2024,14:18,Ông Trương Gia Bình: Việt Nam sẽ là điểm đến an toàn và ổn định trong thế giới đầy phức tạp
FPT,11/13/2024,21:30,FPT bắt tay Sun Life Việt Nam hợp tác thúc đẩy chuyển đổi số
FPT,11/12/2024,0:31,"Chủ tịch FPT Trương Gia Bình: ""Tất cả dữ liệu các bạn có được đều có thể biến thành tiền"""
FPT,11/9/2024,13:30,"Chủ tịch FPT Software, Tập đoàn FPT, nhận giải thưởng từ tổ chức CNTT Quốc tế ASOCIO"
FPT,11/8/2024,14:30,"Thu hút sự quan tâm lớn ngay từ ngày đầu tiên, 100 gian hàng trưng bày tại Triển lãm bán dẫn lớn nhất Việt Nam có gì đặc biệt?"
FPT,11/8/2024,13:30,Doanh nghiệp dược 65 năm Vinphaco cùng FPT vận hành nền tảng quản trị số
FPT,11/8/2024,10:33,"FPT Software vừa ký một hợp đồng 225 triệu USD bằng doanh số của một năm, lãnh đạo khẳng định mục tiêu lợi nhuận tỷ đô không còn xa"
FPT,11/5/2024,11:00,FPT rót thêm 800 tỷ đồng vào công ty con chuyên về AI và điện toán đám mây
FPT,11/1/2024,0:03,DN Việt đầu tiên được cấp phép hoạt động tại nền kinh tế lớn nhất Vùng Vịnh kinh doanh ra sao?
FPT,11/1/2024,0:02,"FPT ""vượt"" Ấn Độ trúng gói thầu 5.600 tỷ tại Mỹ, CEO Nguyễn Văn Khoa nói: Việt Nam không hề kém cạnh song cái thiếu duy nhất là nhân lực"
FPT,10/29/2024,0:05,"Quỹ đầu tư khổng lồ của tỷ phú Jack Ma tiếp tục “xả” mạnh cổ phiếu Việt Nam: Tâm điểm nhóm ngân hàng, ngược dòng gom FPT"
FPT,10/25/2024,16:18,"Giàu' như FPT: Cầm hơn 1 tỷ USD đi gửi ngân hàng, mỗi ngày thu hơn 3 tỷ đồng tiền lãi"
FPT,10/22/2024,10:30,"FPT bắt tay trường đại học Top đầu Singapore, muốn kêu gọi 50 triệu USD để nghiên cứu và phát triển tài năng AI"
FPT,10/22/2024,10:22,"Ông Hoàng Nam Tiến: Cứ khó khăn, bức xúc, dỗi sếp lại nhảy việc thì cả đời không thành công được, cho dù bạn có ngậm thìa vàng!"
FPT,10/18/2024,10:20,"Lỗ lũy kế nghìn tỷ, cổ phiếu SHG của Tổng Công ty CP Sông Hồng có gì mà vẫn 'hút' nhà đầu tư?"
FPT,10/15/2024,13:30,FPT Software đầu tư 125 tỷ đồng đào tạo nguồn lực ICT tiếng Nhật
FPT,10/14/2024,0:05,"“Đại gia” công nghệ số 1 Việt Nam có cơ hội tiếp cận trực tiếp các Tập đoàn toàn cầu, cổ phiếu lập kỷ lục ""vô tiền khoáng hậu"""
FPT,10/13/2024,7:44,"Tăng gần 70% từ đầu năm, tài sản của ông Trương Gia Bình và các lãnh đạo chủ chốt FPT cán mốc 1 tỷ USD"
FPT,10/12/2024,7:51,Mỹ giảm lãi suất tác động như thế nào đến FPT?
FPT,10/11/2024,14:50,"Sau khi lập đỉnh lịch sử 18 năm, công ty của chủ tịch Trương Gia Bình lại đón tin vui lớn"
FPT,10/10/2024,10:33,"FPT lần thứ 35 vượt đỉnh từ đầu năm, vốn hóa tập đoàn tư nhân lớn nhất Việt Nam vượt 200.000 tỷ"
FPT,10/10/2024,9:04,VNDirect: FPT hoãn ra mắt Dự án Trung tâm dữ liệu lớn nhất Việt Nam
FPT,10/9/2024,10:00,FPT Software hợp tác với GigaX thúc đẩy chuyển đổi số và phát triển bền vững tại châu Âu
FPT,10/8/2024,15:30,FPT Software Giành Giải Kiến Tạo Việc Làm tại ESG Business Awards 2024
FPT,10/5/2024,16:07,"Công bố tốc độ mạng băng rộng cố định của FPT Telecom, Viettel, Vinaphone, CMC Telecom"
FPT,10/4/2024,14:15,"FPT bắt tay với đối tác được gọi là “Thung lũng Silicon của châu Âu”, chủ tịch Trương Gia Bình khẳng định: Nếu đào tạo được 1 triệu kỹ sư AI, Việt Nam sẽ thuộc nhóm quốc gia tiên tiến"
FPT,10/4/2024,11:28,"Các “doanh nghiệp dân tộc” Viettel, PVN, Vingroup, FPT, THACO, Hòa Phát, TH, Vinamilk, Masan… đóng góp lớn vào thương hiệu quốc gia"
FPT,10/3/2024,0:05,Chủ tịch FPT Trương Gia Bình bất ngờ lên sóng Đài truyền hình Nhật Bản nói về ngành “hot” nhất thế giới
FPT,10/2/2024,9:48,Chuyên gia chỉ ra lợi thế Việt Nam đang sở hữu ở hai lĩnh vực được dự báo sẽ sớm đạt quy mô nghìn tỷ USD vào 2030
FPT,10/1/2024,21:30,FPT.AI được vinh danh: nền tảng AI vì Tương lai Doanh nghiệp Số
FPT,10/1/2024,13:10,"Tuyệt chiêu bán hàng của Chủ tịch Nguyễn Đức Tài qua lời kể của ông Hoàng Nam Tiến: 9 giây đầu tiên lấy cảm tình từ khách hàng không phải từ người bán, mà là từ bác bảo vệ"
FPT,10/1/2024,12:14,Hoa hậu FPT 2018' được bổ nhiệm làm Phó Tổng giám đốc FPT Retail
FPT,9/28/2024,8:00,Cách FPT Software áp dụng bài học từ huyền thoại công nghệ thế giới
FPT,9/25/2024,16:15,FPT mở văn phòng thứ 2 ở Đức
FPT,9/22/2024,7:11,"Hệ thống điện máy sống khỏe nhờ ""lượm"" tiền lẻ"
FPT,9/19/2024,15:30,FPT và Konica Minolta ra mắt liên doanh tại Việt Nam
FPT,9/19/2024,13:51,"LPBank muốn mua 5% vốn FPT, có thể phải bỏ ra gần 10.000 tỷ đồng"
FPT,9/17/2024,15:30,Vinamilk và FPT hợp tác chiến lược nâng tầm quản trị tài chính toàn diện bằng giải pháp công nghệ
FPT,9/17/2024,15:01,Tập đoàn FPT vượt mốc 80.000 nhân sự tại 30 quốc gia trên toàn cầu
FPT,9/17/2024,10:13,"Ông Trương Gia Bình xuất hiện trên Discovery: “2 thập kỷ trước, không ai nghĩ Việt Nam làm được phần mềm cho thế giới! Họ nghĩ tôi quá ngông cuồng!”"
FPT,9/17/2024,9:07,"FPT lãi hơn 1.000 tỷ trong tháng 8, mảng dịch vụ CNTT nước ngoài tiếp tục bứt phá"
FPT,9/16/2024,18:23,Chủ tịch Trương Gia Bình nói gì khi FPT trở thành “nhân vật chính” trong bộ phim tài liệu của Discovery?
FPT,9/12/2024,10:09,"Đồng cảm trong bão lũ, công ty Việt Nam vốn hoá 7 tỷ USD huỷ chương trình kỷ niệm ngày thành lập"
FPT,9/9/2024,10:28,"FPT mở văn phòng tại Thụy Điển, thúc đẩy tăng trưởng thị trường Bắc Âu"
FPT,9/5/2024,15:48,"Lão tướng' sáng lập FPT nói về câu hỏi: Cổ phiếu công nghệ toàn cầu giảm mạnh, AI đã qua thời, ChatGPT là cú lừa?"
FPT,9/4/2024,18:00,"Top 10 DN tư nhân lãi nhất Việt Nam: Vingroup đứng thứ 3, FPT trở lại Top 10 sau 5 năm vắng bóng, Hòa Phát không còn trong danh sách"
FPT,9/4/2024,15:26,"Trường cao đẳng của FPT trong vụ 'giảng viên đầu tiên mất việc vì AI': Khoe 97,7% sinh viên ra trường tìm được việc, góp mặt đem về 6.159 tỷ đồng doanh thu mảng giáo dục"
FPT,9/3/2024,22:20,"Thông tin mới nhất vụ giảng viên Cao đẳng FPT bị buộc thôi việc: Nhà trường thừa nhận ""xử lý chưa thỏa đáng"""
FPT,8/30/2024,20:16,"FPT phát triển thành công bộ sạc 65W với chip tự sản xuất, người dùng đánh giá ""ngang ngửa các thương hiệu khác"""
FPT,8/23/2024,0:05,"FPT vượt mặt “đại gia” dầu khí sắp chi cổ tức kỷ lục, trở lại top 3 doanh nghiệp niêm yết giá trị nhất Việt Nam"
FPT,8/22/2024,17:30,25 năm liều ‘săn cá voi’ đến doanh thu tỷ USD nước ngoài của FPT
FPT,8/20/2024,20:54,FPT dự kiến cung cấp dịch vụ đám mây và AI tại Nhật Bản
FPT,8/20/2024,11:06,"Công bố tốc độ mạng băng rộng cố định của Viettel, VNPT, FPT Telecom, CMC Telecom"
FPT,8/19/2024,9:09,"FPT xây trung tâm trí tuệ nhân tạo hơn 4.000 tỷ đồng tại Bình Định, ông Trương Gia Bình tự tin tỉnh này sẽ sớm trở thành trung tâm AI của khu vực"
FPT,8/15/2024,11:43,"FPT báo lãi ròng tháng 7 tăng trưởng 25%, thắng thầu thêm 28 dự án CNTT nước ngoài"
FPT,8/10/2024,10:16,Chủ tịch FPT Trương Gia Bình cam kết đào tạo 10.000 kỹ sư bán dẫn
FPT,8/9/2024,21:36,Chủ tịch FPT: Bao nhiêu nhân sự ngành bán dẫn đào tạo ra có thể nhận hết
FPT,8/9/2024,15:35,"Khối ngoại ""quay đầu"" mua ròng trong phiên VN-Index bứt phá, 2 cổ phiếu Bluechips được ""gom"" hơn 300 tỷ đồng"
FPT,8/9/2024,10:42,Ông Đỗ Cao Bảo: FPT tuyên bố xây dựng nhà máy AI ở Nhật Bản không phải để cho oách
FPT,8/8/2024,6:18,"Lãnh đạo FPT: Đồng Yên tăng giá không có nhiều tác động đến tập đoàn, lên kế hoạch thành lập nhà máy AI tại Nhật Bản"
FPT,8/3/2024,8:43,"Một người Việt vào top đầu chuyên gia trong lĩnh vực thế giới đang theo đuổi, là cái tên quen thuộc ở FPT"
FPT,8/1/2024,0:05,"Đồng Yên tăng vọt sau quyết định bất ngờ của BOJ: FPT, Minh Phú, Sao Ta “mừng thầm”, gã khổng lồ ngành hàng không “đau đầu” với khoản vay ngoại tệ"
FPT,7/29/2024,14:24,"Vừa nhận cổ tức xong, cổ đông FPT lại sắp ""bỏ túi"" gần 1.500 tỷ đồng tạm ứng cho năm 2024"
FPT,7/28/2024,16:39,"TGĐ FPT Automotive: Một chiếc ô tô có 150 triệu mã lệnh, gấp 7 lần chiếc Boeing 787, làm công nghệ ô tô giờ cần cả kiến thức Vật lý lớp 11"
FPT,7/23/2024,11:12,"""Đem chuông đi đánh xứ người"", một công ty công nghệ bỏ túi ngàn tỉ đồng"
FPT,7/22/2024,10:06,"""Tất cả đều phải là AI"", FPT tuyên bố đặt cược tất cả tương lai vào AI, vậy mảng AI của FPT đang làm ăn thế nào?"
FPT,7/20/2024,17:21,"""Ván cược lịch sử"" đầu tiên của FPT trước AI: Đi vay ngân hàng 1 triệu USD vào năm 1998 để theo đuổi ""trận chiến mới"", sang Ấn Độ để tìm ""chân kinh"""
FPT,7/19/2024,11:20,"Muốn mở 500 trung tâm tiêm chủng, FPT Long Châu có trong tay bao nhiêu tiền?"
FPT,7/18/2024,12:40,"FPT báo lãi ròng quý 2 tăng trưởng 24%, doanh thu vượt mức 1 tỷ USD sau 6 tháng"
FPT,7/18/2024,0:34,"Loạt cổ phiếu công nghệ tạo đồ thị 'cây thông', quãng thời gian huy hoàng của các cổ phiếu họ FPT, Viettel, Mobifone đã qua?"
FPT,7/12/2024,0:04,"Sóng cổ phiếu công nghệ, viễn thông lắng xuống, “cây thông” dần xuất hiện trên đồ thị giá"
FPT,7/8/2024,16:30,"Cổ phiếu FPT tiếp tục bứt phá, lập đỉnh lần thứ 34 trong năm"
FPT,7/7/2024,19:50,"Ông Đỗ Cao Bảo: Nhờ có AI, FPT và Việt Nam đang có lần đầu cùng điểm xuất phát với các quốc gia trên thế giới"
FPT,7/7/2024,8:42,"Ông Trương Gia Bình: ""FPT tiết kiệm từng xu từng hào, nhưng chúng ta đã cá cược lớn đến thế, vì chúng ta tin tưởng vào AI!"""
FPT,7/5/2024,15:35,"Làm một điều đặc biệt đến 33 lần từ đầu năm, giá trị tập đoàn công nghệ số 1 Việt Nam lần đầu vượt mốc 200.000 tỷ"
FPT,7/4/2024,15:55,"Chứng khoán tăng điểm nhưng thanh khoản ""mất hút"", dòng tiền đổ bộ vào cổ phiếu FPT"
FPT,7/4/2024,9:05,"Chủ tịch Trương Gia Bình: ""Uy tín thị trường chứng khoán Việt Nam ảnh hưởng trực tiếp đến doanh thu FPT"""
FPT,7/2/2024,0:03,"Sóng công nghệ hạ nhiệt: NVIDIA ""bốc hơi"" 300 tỷ USD vốn hoá, nhiều cổ phiếu Việt Nam rơi hàng chục phần trăm, FPT và VGI chỉ ""đỡ sốt"""
FPT,7/1/2024,7:17,Sếp FPT kể chuyện làm phần mềm cho ô tô
FPT,6/24/2024,0:03,"Khối ngoại “xả hàng” không cản được FPT vượt đỉnh, vốn hóa công ty công nghệ số 1 Việt Nam xấp xỉ 200.000 tỷ, bằng 12 ngân hàng cộng lại"
FPT,6/21/2024,0:01,"Cổ phiếu của 3 công ty lớn có trụ sở trên cùng con phố tại Hà Nội đồng loạt lên đỉnh mới, vốn hóa bé nhất cũng nửa tỷ USD"
FPT,6/20/2024,9:03,Phía sau những sản phẩm công nghệ nổi bật của Trung Quốc và chìa khóa “mở tiềm năng” để Việt Nam bứt phá về công nghệ
FPT,6/19/2024,15:20,"NVIDIA gọi, FPT trả lời: Giá trị tập đoàn công nghệ số 1 Việt Nam áp sát mức kỷ lục sau khi gã khổng lồ chip bán dẫn lên đỉnh thế giới"
FPT,6/19/2024,10:13,"NVIDIA vượt Apple trở thành công ty có vốn hóa lớn nhất thế giới, Thành viên HĐQT FPT Đỗ Cao Bảo phải thốt lên: Kỳ Quái"
FPT,6/18/2024,8:17,"FPT tiếp tục tăng trưởng “đều như vắt tranh” với động lực từ mảng CNTT nước ngoài, hé lộ kế hoạch xây dựng tổ hợp giáo dục tại Hải Dương"
FPT,6/18/2024,7:05,"1 ngành được FPT trả mức lương lên đến 10 tỷ đồng/năm, cao hơn lương Tổng giám đốc: Cung không đủ cầu, luôn khát nhân lực"
FPT,6/17/2024,16:31,"Đại học FPT tuyển 1.000 sinh viên ngành Thiết kế Vi mạch bán dẫn, cấp học bổng từ 50% đến 100%"
FPT,6/17/2024,7:14,"FPT bị khối ngoại bán ròng rã hơn 2.500 tỷ vẫn vượt đỉnh gần 30 lần, giá trị Viettel Global vượt 300.000 tỷ: Câu chuyện của DN công nghệ bao giờ kết thúc?"
FPT,6/16/2024,11:17,"Chuyện tìm ""long mạch"" của một sàn TMĐT thuần Việt: Hai lãnh đạo sang Trung Quốc ngay khi mở cửa sau Covid, mở kho hàng tạp hóa đầu tiên đúng ngày TP HCM giãn cách"
FPT,6/15/2024,8:04,"Các doanh nghiệp công nghệ 'thăng hoa' trong ngày thị trường giảm hơn 21 điểm: Công ty 'họ Viettel' có vốn hóa vượt 300.000 tỷ, FPT vẫn là tập đoàn tư nhân lớn nhất trên sàn"
FPT,6/14/2024,14:17,"Kỹ sư AI, Data tại FPT có thu nhập lên đến 10 tỷ đồng/năm, gấp đôi Tổng giám đốc tập đoàn"
FPT,6/14/2024,8:52,"FPT muốn xây dựng 10.000 nhân sự vi mạch bán dẫn vào năm 2030, đưa Đà Nẵng thành “thung lũng Silicon” tại Việt Nam"
FPT,6/14/2024,0:02,"Chưa từng xảy ra trong lịch sử, khối ngoại bán ròng hơn 2.500 tỷ đồng cổ phiếu công nghệ số 1 Việt Nam chỉ sau một tháng"
FPT,6/13/2024,0:03,"Xuất khẩu ""chất xám"" thu hàng tỷ đô, FPT soán ngôi Hòa Phát, trở thành tập đoàn tư nhân lớn nhất Việt Nam"
FPT,6/11/2024,15:54,"FPT vượt đỉnh lần thứ 29 từ đầu năm, lọt top 4 công ty niêm yết lớn nhất Việt Nam, giá trị ngang ngửa Hòa Phát"
FPT,6/11/2024,8:05,"Trước khi đưa cổ đông “lên đỉnh” 27 lần trong 6 tháng qua, cổ phiếu FPT từng trải qua ""ngày 13 đen tối"": Thước đo giàu nghèo trong nội bộ nhân viên trở thành ""bán kịp và không bán kịp"""
FPT,6/10/2024,14:46,Thêm hai mã chứng khoán 'họ' FPT chính thức vượt mốc 100.000 đồng/cổ phiếu
FPT,6/10/2024,0:05,"Cổ phiếu công nghệ thăng hoa, FPT đưa cổ đông lên đỉnh 27 lần từ đầu năm"
FPT,6/7/2024,8:12,"FPT trước khi trở thành ""ông lớn công nghệ"": Hợp tác với Vinamilk làm bột dinh dưỡng, mua đến 90% cổ phần một hợp tác xã may"
FPT,6/6/2024,8:18,Chủ tịch FPT Trương Gia Bình sẽ tham gia bộ phim của Warner Bros. Discovery về hành trình cách mạng công nghệ Việt Nam
FPT,6/5/2024,10:23,"Khi cổ phiếu ngành công nghệ phá đỉnh 'như một thói quen': Nhiều mã tăng 20%-30% từ đầu tuần, vốn hóa Viettel Global lớn thứ 2 thị trường, FPT vượt Vietinbank, Vingroup, Vinhomes"
FPT,6/5/2024,0:01,"Cổ phiếu “họ” FPT nổi sóng: “gã khổng lồ” công nghệ 25 lần vượt đỉnh từ đầu năm, FPT Telecom tăng bằng lần sau 5 tháng, FPT Retail gần chạm ngưỡng tỷ USD vốn hóa"
FPT,6/4/2024,15:41,"Cổ phiếu FPT lại vượt đỉnh “như một thói quen”, giá trị tập đoàn công nghệ số 1 Việt Nam vượt VietinBank, Techcombank, VPBank"
FPT,6/4/2024,11:23,"Cổ đông FPT chuẩn bị nhận 1.300 tỷ cổ tức tiền mặt chỉ sau 1 tuần ""lăn chốt"""
FPT,6/4/2024,7:24,Gọi tên những DN có cổ phiếu “làm mưa làm gió” đầu năm 2024: Câu chuyện chung là gì?
FPT,6/4/2024,1:03,"Cá mập vừa ""hô"" VN-Index lên 1.700 điểm: Danh mục tạm lãi ""đậm"" với loạt cổ phiếu công nghệ, hiệu suất đầu tư tháng 5 chiến thắng thị trường"
FPT,6/3/2024,13:05,"Chủ tịch FPT tiết lộ lời cảnh báo: ""Ông không biết được tương lai Việt Nam sẽ sáng thế nào đâu, nhưng cơ hội chỉ có 18 tháng thôi"""
FPT,5/31/2024,12:57,"Dragon Capital vừa nâng sở hữu lên hơn 10%, cổ phiếu của FPT Retail thiết lập đỉnh mới, tăng hơn 200% sau một năm"
FPT,5/30/2024,1:36,"Viettel Global và FPT kéo nhóm công nghệ, viễn thông tăng tốc ngoạn mục, chứng khoán Việt Nam không còn là sân chơi riêng của cổ phiếu ngân hàng, bất động sản"
FPT,5/29/2024,0:09,"Phản ứng tích cực với câu chuyện bán dẫn, nhà đầu tư đang trả cho FPT một mức giá cao để chờ đợi một câu chuyện xa hơn"
FPT,5/28/2024,17:26,"Cổ phiếu công nghệ chưa hạ nhiệt, FPT nhấn ga lọt top 5 doanh nghiệp niêm yết lớn nhất Việt Nam"
FPT,5/27/2024,0:08,"Loạt doanh nghiệp Việt “đem chuông đi đánh xứ người”: Viettel Global, Vinamilk, Thế Giới Di Động bắt đầu “hái quả ngọt”, FPT ""bỏ túi"" cả tỷ USD"
FPT,5/24/2024,15:49,"Khi nhà đầu tư 'chốt lời' cổ phiếu công nghệ: Viettel Global trả lại vị trí công ty giá trị thứ 2 sàn chứng khoán cho BIDV, FPT khớp lệnh kỷ lục, khối ngoại bán ròng 350 tỷ"
FPT,5/24/2024,14:52,FPT hở room ngoại hàng triệu cổ phiếu sau phiên khớp lệnh kỷ lục
FPT,5/24/2024,9:27,"Cổ phiếu NVIDIA tăng vọt kể từ sau cái bắt tay với loạt công ty công nghệ Việt Nam, giá trị của tập đoàn sản xuất chip hàng đầu thế giới cao kỷ lục"
FPT,5/24/2024,8:00,Phó Tổng Giám đốc FPT: “Chúng tôi tự tin nắm bắt cơ hội khi thị trường AI bùng nổ thời gian tới”
FPT,5/21/2024,15:32,"Mới giao dịch 92 phiên từ đầu năm, FPT đã vượt đỉnh 23 lần, giá trị tập đoàn công nghệ số 1 Việt Nam lập kỷ lục mới"
FPT,5/21/2024,10:38,"Đàm thoại cùng 'Bill Gates Ấn Độ', ông Trương Gia Bình chỉ ra một bí quyết thành công cho người trẻ khởi nghiệp: ""Chọn đúng vợ!"""
FPT,5/21/2024,0:02,"Được huyền thoại CNTT Ấn Độ khen là độc nhất vô nhị, CEO FPT mơ Việt Nam có nhiều kỳ lân như nước bạn, sớm kiếm thêm 1 tỷ USD lần thứ 2"
FPT,5/20/2024,15:55,Cổ đông FPT chuẩn bị nhận 1.200 tỷ cổ tức tiền mặt và hàng trăm triệu cổ phiếu
FPT,5/20/2024,10:00,Trí tuệ nhân tạo - Cú hích tăng trưởng cho ngành công nghệ Việt Nam
FPT,5/19/2024,6:46,"Cổ đông Nhà nước sẽ thoái vốn FPT, Nhựa Tiền Phong (NTP) và nhiều doanh nghiệp trên sàn chứng khoán"
FPT,5/16/2024,9:44,"FPT, Viettel, VNPT... cạnh tranh ngôi đầu các bảng xếp hạng doanh nghiệp sáng tạo, đổi mới và kinh doanh hiệu quả ngành CNTT - viễn thông"
FPT,5/16/2024,7:18,"Giá trị các công ty công nghệ Việt Nam 'đua nhau' lập đỉnh mới: Có doanh nghiệp sắp chạm ngưỡng 10 tỷ USD, vốn hóa FPT cũng tăng gần 2 tỷ USD từ đầu năm"
FPT,5/13/2024,0:01,"Samsung trước khi “hứa” đầu tư thêm 1 tỷ USD mỗi năm vào Việt Nam: Đã rót hàng nghìn tỷ vào loạt Bluechips trên sàn chứng khoán, thắng lớn với một cổ phiếu công nghệ nóng “bỏng tay”"
FPT,5/10/2024,13:30,FPT nhập hệ thống máy chủ DGX H100 của NVIDIA về Việt Nam
FPT,5/10/2024,0:02,"Đứt chuỗi 5 tháng tăng trưởng, quỹ ngoại quy mô 20.000 tỷ vẫn tự tin với loạt cổ phiếu “hot” trong danh mục, bao gồm FPT, CMG"
FPT,5/9/2024,18:47,FPT nhập hệ thống máy chủ DGX H100 huấn luyện AI đầu tiên của NVIDIA về Việt Nam
FPT,5/8/2024,13:38,"Chạm “bàn tay vàng” của NVIDIA: Một cổ phiếu công nghệ của Việt Nam vừa tiếp bước FPT lập đỉnh mới, giá trị công ty cao kỷ lục"
FPT,5/8/2024,0:04,"Không phải Hòa Phát, VinGroup, Vinamilk hay đại diện nhóm ngân hàng, “3 chữ cái” đang được nhiều quỹ “ôm” có thể khiến nhà đầu tư ""ngỡ ngàng"" vì tiếc"
FPT,5/6/2024,0:01,"Vốn hóa 2 “gã khổng lồ” Viettel Global và ACV cộng lại vượt xa tổng giá trị toàn bộ 321 DNNY trên HNX, đừng quên “mỏ vàng” UPCoM vẫn còn một loạt cái tên “hot”"
FPT,5/3/2024,17:30,Nhiều doanh nghiệp “hốt bạc” khi sở hữu Chip thiết kế cho AI tạo sinh của Nvidia
FPT,5/3/2024,15:34,"Lập kỷ lục lợi nhuận mới, cổ phiếu của một doanh nghiệp 'họ' FPT tăng 43% kể từ đầu năm, vốn hóa cũng tăng gần 11.000 tỷ đồng"
FPT,5/3/2024,15:30,"Đào tạo qua E-learning ""lỗi thời"" đối với nhân sự trẻ?"
FPT,5/2/2024,13:30,FPT Smart Cloud tăng gấp đôi nguồn lực hỗ trợ Startup công nghệ
FPT,4/27/2024,13:30,Nền tảng Make in Vietnam thúc đẩy giao thương Vietnam - New Zealand
FPT,4/25/2024,15:24,"Cổ phiếu FPT lập đỉnh mới, giá trị tập đoàn cao kỷ lục, tài sản của dàn lãnh đạo “khai quốc công thần” tăng thêm hàng nghìn tỷ"
FPT,4/25/2024,0:02,Vốn hóa FPT chỉ còn kém Vingroup chưa đến 1 phiên trần
FPT,4/24/2024,16:30,"Bước tiếp theo của FPT sau 5 từ khóa ‘Tuệ Bán Xe Số Xanh’ của ông Trương Gia Bình: Trở thành DN công nghệ Việt đầu tiên tham gia hợp tác V-LEEP II, nhắm đạt Net Zero vào 2040"
FPT,4/24/2024,10:34,"Cổ phiếu FPT giao dịch bùng nổ, vượt đỉnh lịch sử sau tin ""bắt tay"" Nvidia mở nhà máy AI"
FPT,4/24/2024,7:23,"Cái bắt tay cùng tập đoàn chip 2.000 tỷ USD, lợi thế của 'quốc gia dùng đũa' và cú đặt cược của Chủ tịch FPT Trương Gia Bình"
FPT,4/15/2024,11:42,Vốn hóa của Apple gấp 10 lần tổng giá trị toàn bộ cổ phiếu trên sàn chứng khoán Việt Nam
FPT,4/15/2024,10:41,"Ông Trương Gia Bình hối hận: Nếu ngày xưa tôi hiểu về bán dẫn thì giờ đã khác, đang đề xuất cấp visa đặc biệt để kỹ sư Việt Nam vào Mỹ"
FPT,4/13/2024,0:05,"Gã khổng lồ TowerCo “họ” Viettel muốn xúc tiến hợp tác với Mobifone, FPT, CMC, VTV cab, Vingroup,… hướng đến chiến lược “go global”"
FPT,4/12/2024,14:15,"Nikkei: Cơn sốt AI do Nvidia dẫn đầu khiến cổ phiếu công nghệ ở Việt Nam và một nước láng giềng tăng vọt, FPT thậm chí còn lập đỉnh lịch sử"
FPT,4/10/2024,13:56,"ĐHCĐ FPT: Ông Trương Gia Bình nói về 5 từ khóa quyết định lịch sử nhân loại ""Tuệ Bán Xe Số Xanh"""
FPT,4/10/2024,13:17,FPT trở thành đối tác cung ứng công nghệ cho tập đoàn Vingroup và xe điện VinFast
FPT,4/5/2024,14:00,FPT Software nhận cú đúp giải thưởng danh giá trong lĩnh vực chăm sóc sức khỏe
FPT,3/29/2024,13:48,"Hậu trường M&A DN Nhật đầu tiên của FPT: 6 năm mới chốt được deal, bởi người Nhật không bán vì tiền, mà muốn tìm bạn hiền gửi 'con'"
FPT,3/28/2024,9:44,"Khả năng sinh lời không thua kém làm bất động sản và tài chính, kinh doanh Trường Đại học đang mang về hàng nghìn tỷ mỗi năm cho RMIT, Văn Lang, FPT…"
FPT,3/28/2024,0:16,"FPT đặt mục tiêu doanh thu 1 tỷ USD tại thị trường Nhật Bản vào năm 2027, tăng trưởng 30%/năm, quyết tâm vươn tầm ""world class"""
FPT,3/27/2024,15:00,"Chủ tịch Trương Gia Bình: “Mặt trời mọc ở đâu, FPT ở đó"""
FPT,3/22/2024,9:44,"Lãi ròng 2 tháng đầu năm của FPT tăng gần 23%, mảng dịch vụ CNTT nước ngoài tăng trưởng mạnh"
FPT,3/14/2024,14:51,"Công ty nhà người ta: FPT cho cán bộ nhân viên vay mua nhà, tậu xe lãi suất thấp, ESOP hàng năm"
FPT,3/14/2024,10:51,"FPT lên kế hoạch lợi nhuận 2024 vượt 10.000 tỷ đồng, chia cổ tức ngay sau ĐHĐCĐ, hé lộ đã ""chốt đơn"" 70 triệu chip"
FPT,3/14/2024,6:48,"Vingroup, Masan Group, FPT, Đèo Cả... cùng các doanh nghiệp được Thủ tướng hỏa tốc triệu tập họp có tình hình tài chính thế nào?"
FPT,3/14/2024,0:05,"FPT từng bỏ tiền mua 90% cổ phần một hợp tác xã may nhưng mất sạch cả vốn, phải từ bỏ lĩnh vực cốt lõi thuở đầu"
FPT,3/12/2024,13:30,Sagen hợp tác cùng FPT IS thúc đẩy chuyển đổi xanh trong xây dựng nhà máy và công trình
FPT,3/12/2024,0:12,FPT Telecom phải dự phòng toàn bộ 63 tỷ đồng nợ xấu của một công ty bán nước tăng lực
FPT,3/8/2024,7:04,Ai cũng phải trải qua thất bại: Nhìn lại FPT và những trái đắng trước khi lấy lại hào quang
FPT,3/7/2024,17:19,"Long Châu lãi EBITDA 510 tỷ đồng năm 2023, nhưng tỷ lệ sở hữu của FPT Retail bất ngờ giảm gần 10% chỉ trong 6 tháng"
FPT,3/7/2024,11:30,"FPT kể chuyện từ giải cứu Thủy điện Hòa Bình đến giải cứu HoSE, ông Trương Gia Bình tự hào: ""Chúng tôi đã sống hết mình cho đất nước"""
FPT,3/4/2024,17:30,FPT Software tiên phong kiểm kê khí nhà kính trên quy mô toàn cầu
FPT,3/4/2024,0:02,"“Bắt trend” công nghệ toàn cầu: FPT đi lên miệt mài không thấy đỉnh, DGC cũng tăng bằng lần với “chìa khoá” của ngành bán dẫn"
FPT,3/2/2024,0:07,"Tăng phi mã từ đầu năm, tổng giá trị các cổ phiếu họ Viettel và FPT đạt gần 330.000 tỷ đồng, nhiều mã có thị giá 3 chữ số"
FPT,3/1/2024,12:34,FPT lần đầu thâu tóm một công ty công nghệ Nhật Bản
FPT,3/1/2024,9:57,"Chủ tịch FPT Trương Gia Bình phân tích ảnh hưởng của công nghệ lên thị trường chứng khoán qua 3 chữ cái D, G, I"
FPT,2/29/2024,14:13,Tập đoàn FPT vừa làm được việc chưa từng có trong lịch sử từ một trung tâm AI ở Quy Nhơn
FPT,2/29/2024,0:03,"“Cơn sốt” cổ phiếu công nghệ không bỏ qua Việt Nam, FPT vượt đỉnh đẩy vốn hóa lập kỷ lục mới, định giá gây bất ngờ"
FPT,2/27/2024,19:30,FPT IS đưa dịch vụ an toàn thông tin Việt Nam vươn tầm thế giới
FPT,2/15/2024,18:44,"Bộ trưởng Nguyễn Mạnh Hùng: FPT đặt cược vào AI, chip bán dẫn và phần mềm ô tô là chiến lược đúng đắn"
FPT,2/15/2024,8:00,FPT IS hợp tác Carbon EX thúc đẩy dự án tín chỉ carbon đạt chuẩn quốc tế
FPT,2/15/2024,0:01,"Năm rực rỡ của cổ phiếu “họ” FPT, vẫn có một cái tên “lạc lõng”"
FPT,2/10/2024,0:01,"Không doanh nghiệp nào trên sàn chứng khoán kiếm tiền theo phút bằng chương trình Táo Quân: Petrolimex, Thế Giới Di Động, Vingroup, Hòa Phát, FPT,… cũng phải “chào thua”"
FPT,2/2/2024,17:30,Giải pháp Make in Vietnam xuất hiện trong báo cáo toàn cầu Everest Group
FPT,2/2/2024,0:02,"“Cỗ máy” FPT lại lập đỉnh mới, cổ phiếu công nghệ hàng đầu Việt Nam còn hấp dẫn?"
FPT,2/1/2024,6:46,"Toàn cảnh kết quả kinh doanh quý 4 các ngành: Lợi nhuận của ngân hàng - chứng khoán - thép - bất động sản để lại ấn tượng, không ít ""ông lớn"" gây thất vọng"
FPT,2/1/2024,0:10,"Luôn phát ngôn 'gây bão', vì sao ông Hoàng Nam Tiến rời FPT Telecom sang trường Đại học FPT?"
FPT,1/29/2024,19:30,Doanh nghiệp tài chính - ngân hàng hưởng lợi thế nào từ AI
FPT,1/25/2024,11:59,Generative AI tạo đà bứt phá tăng trưởng cho doanh nghiệp bán lẻ
FPT,1/24/2024,8:00,FPT và Konica Minolta thành lập liên doanh phần mềm trong lĩnh vực in ấn
FPT,1/23/2024,8:53,"Sau tiếng gõ chiêng sinh ra 200 triệu phú, FPT lỡ hẹn niêm yết sàn Singapore tới 16 năm và bước ngoặt phi thường vào cuối 2023"
FPT,1/22/2024,8:26,"FPT City bán hết 699 căn hộ chỉ trong 6 tháng, sắp ra hàng toà chung cư mới"
FPT,1/19/2024,7:27,"FPT: Lợi nhuận trước thuế 2023 tăng hơn 20% lên 9.200 tỷ, dịch vụ CNTT nước ngoài cán mốc 1 tỷ đô doanh thu"
FPT,1/15/2024,17:30,FPT IS hợp tác cùng Tập đoàn công nghệ hàng đầu Indonesia thúc đẩy chuyển đổi số
FPT,1/14/2024,7:41,"VinFast, GSM cùng hai doanh nghiệp niêm yết tỷ đô được Tổng thống Indonesia ""mời gọi"" đầu tư"
FPT,1/12/2024,13:48,"Sau 20 năm 'dấn thân', FPT đặt mục tiêu 1 tỷ USD doanh thu từ phần mềm cho ô tô"
FPT,1/12/2024,7:18,"Ông Trương Gia Bình lần đầu chia sẻ về những 'đánh đổi' của FPT để vươn tới 1 tỷ USD doanh thu từ nước ngoài, đặt mục tiêu con số này sẽ đạt 5 tỷ USD đến 2030"
FPT,1/11/2024,8:28,"Mạng di động ảo FPT chính thức vận hành, dùng đầu số 0775"
FPT,12/28/2023,10:11,MBS: Mảng bán lẻ dược 7 tỷ USD của Việt Nam vẫn còn nhiều “đất diễn”
FPT,12/22/2023,14:08,FPT cán mốc doanh thu 1 tỷ USD xuất khẩu phần mềm
FPT,12/20/2023,8:00,Hồ sơ nghiên cứu phát triển AI trong một thập kỷ của FPT có gì?
FPT,12/15/2023,9:41,"FPT báo lãi sau thuế 11 tháng tăng trưởng 19%, thu về gần 1 tỷ USD từ nước ngoài"
FPT,12/15/2023,6:54,Những điều đưa FPT lên mức giá trị cao nhất lịch sử
FPT,12/14/2023,17:30,Đà Nẵng cùng FPT IS và Dell Technologies thúc đẩy chuyển đổi số doanh nghiệp FDI
FPT,12/14/2023,9:48,"Sau khi M&A 4 công ty tại nước ngoài trong năm 2023, FPT tiếp tục thành lập DN công nghệ ô tô có trụ sở tại Mỹ"
FPT,12/14/2023,9:28,"FPT thành lập công ty về phần mềm ô tô tại Mỹ, hướng đến mục tiêu tỷ USD"
FPT,12/11/2023,18:30,Chủ tịch FPT Trương Gia Bình muốn cùng NVIDIA đưa Việt Nam thành cứ điểm AI và bán dẫn
FPT,12/8/2023,8:41,"FPT Digital công bố lộ trình Chuyển đổi số cho Công ty CP Viconship, mở ra triển vọng đồng hành trong giai đoạn triển khai"
FPT,12/7/2023,7:33,Tình hình kinh doanh của loạt DN có cổ phiếu lập đỉnh lịch sử trong năm 2023
FPT,12/6/2023,12:35,"Vừa mua 3 công ty của Mỹ, FPT lại mua thêm 1 công ty tư vấn của Pháp"
FPT,12/5/2023,11:00,FPT IS có bằng sáng chế đầu tiên ở Mỹ ứng dụng trong akaBot
FPT,11/28/2023,9:30,Doanh nhân phải trở thành người tốt đẹp nhất trong xã hội Việt Nam
FPT,11/25/2023,0:04,"Ứng viên sở hữu CV “thở cũng ra tiền”, được sếp Hoàng Nam Tiến mời về làm giảng viên với mức lương hơn 20 triệu đồng nhưng vẫn không chốt deal thành công vì 1 lý do"
FPT,11/22/2023,13:30,FPT trở thành đối tác dịch vụ chiến lược cấp khu vực của SAP
FPT,11/22/2023,0:14,FPT trở lại top 10 doanh nghiệp niêm yết giá trị nhất thị trường chứng khoán sau nhiều năm
FPT,11/19/2023,0:01,"Mảng sửa chữa điều hòa, máy giặt có gì hấp dẫn khiến Viettel, Thế Giới Di Động và hàng loạt startup cùng nhảy vào?"
FPT,11/14/2023,10:50,"FPT lãi sau thuế 10 tháng tăng trưởng gần 18%, doanh thu khối công nghệ vượt 1 tỷ USD"
FPT,11/6/2023,11:26,"FPT mua công ty công nghệ 20 tuổi tại Mỹ, kỳ vọng tăng gấp đôi doanh thu DVKT sản phẩm trong 2 năm tới"
FPT,11/6/2023,11:05,"FPT mua lại công ty công nghệ 20 năm tuổi tại Mỹ, đánh dấu công ty thứ 3 tại Mỹ được mua lại trong vòng 1 năm"
FPT,11/4/2023,14:04,"Cô tạp vụ nói chuyện toàn cầu hoá, luôn gập chéo giấy vệ sinh và cách FPT chinh phục Airbus, Hitachi: Ai cũng có sứ mệnh giống hệt Chủ tịch!"
FPT,10/27/2023,20:01,"Ông Hoàng Nam Tiến: ""Cuộc đời này có vô số cơ hội, không cần phải sống chết tranh giành thứ gì"""
FPT,10/26/2023,14:34,"70 triệu chip bán dẫn được đặt hàng, 20 triệu người dùng sản phẩm AI tại 15 quốc gia, CTO FPT Vũ Anh Tú: “Chúng tôi đã chuẩn bị từ hơn 10 năm trước”"
FPT,10/24/2023,19:58,"Ông Trương Gia Bình kể lại từ việc giải bài toán đủ sống với mức lương 5 USD/tháng đến sự ""giác ngộ"" về sức mạnh của công nghệ thông tin"
FPT,10/24/2023,15:09,FPT bất ngờ thành cổ đông chiến lược của Top 10 startup AI toàn cầu: Học sinh từ lớp 1 đến 12 sẽ được học AI từ thiên tài thế giới
FPT,10/22/2023,8:01,"Ông Hoàng Nam Tiến: Sếp nào cũng nói tài sản quý nhất là con người, nhưng hễ gặp khó khăn lại cho bớt ‘tài sản’ ấy ra đường"
FPT,10/21/2023,8:00,FPT IS khởi động chiến lược toàn cầu hóa cho dịch vụ quản trị IMS
FPT,10/19/2023,17:30,Luật Giao dịch điện tử mới: Lưu ý khi sử dụng hợp đồng điện tử
FPT,10/17/2023,10:10,"FPT tiếp tục phá đỉnh lợi nhuận trong quý 3, tăng trưởng gần 20% so với cùng kỳ năm trước"
FPT,10/14/2023,18:41,"FPT làm hệ điều hành, hệ thống phần mềm cho 6 hãng xe điện trên thế giới, nhưng không có VinFast"
FPT,10/13/2023,12:16,"FPT Telecom chốt danh sách thưởng 164 triệu cổ phiếu, nâng vốn điều lệ lên gần 5.000 tỷ đồng"
FPT,10/13/2023,10:00,Ông Hoàng Nam Tiến: Đổi mới là tiêu chí tiên quyết để tạo ra những sản phẩm triệu người dùng
FPT,10/12/2023,14:15,Diễn đàn công nghệ quốc tế lớn nhất Việt Nam sắp tổ chức tại Hà Nội với sự góp mặt của 2.500 lãnh đạo doanh nghiệp toàn cầu
FPT,10/12/2023,11:03,Nhìn cách Long Châu bứt tốc mới thấy mọi trở ngại đều có 'con đường' để vượt qua - bí kíp là gì?
FPT,10/11/2023,9:47,Đứng trên đỉnh vinh quang hàng chục năm - FPT làm gì để không 'cô đơn'?
FPT,10/10/2023,15:00,Chủ tịch FPT - Trương Gia Bình: Đà Nẵng sẽ có tên trong hệ sinh thái vi mạch bán dẫn thế giới
FPT,10/7/2023,11:00,Năng lực vươn tầm quốc tế đưa FPT vào top 10 thương hiệu mạnh Việt Nam
FPT,10/5/2023,10:00,FPT Smart Cloud và CTCP Chứng khoán Thiên Việt kí kết hợp tác chiến lược
FPT,9/28/2023,13:46,"FPT Shop ""chơi lớn"": Tuyên bố livestream mở bán online iPhone 15 trên TikTok Shop, liên tục 15 tiếng"
FPT,9/28/2023,7:51,"Ông Trương Gia Bình: Việt Nam đang làm cầu nối giữa hai nền kinh tế Mỹ và Trung Quốc, sẽ hóa rồng"
FPT,9/26/2023,8:59,"Tài sản tăng gấp hàng chục lần, ông Trương Gia Bình trở lại top 10 người giàu nhất sàn chứng khoán Việt sau 15 năm"
FPT,9/22/2023,15:35,Động thái mới của FPT sau khi công bố đầu tư 100 triệu USD vào Mỹ: Bắt tay đối tác Mỹ phát triển ngành bán dẫn
FPT,9/22/2023,0:01,"Một ngành có cơ hội nhận hàng tỷ USD đổ vào, số doanh nghiệp Việt Nam liên quan trên sàn chứng khoán ""đếm trên đầu ngón tay"", giá cổ phiếu bật tăng mạnh"
FPT,9/15/2023,10:27,"Thị trường Nhật Bản bứt tốc, FPT báo lãi trước thuế 8 tháng đạt gần 6.000 tỷ đồng"
FPT,9/13/2023,10:00,FPT hành trình 35 năm kiến tạo hạnh phúc
FPT,9/13/2023,7:31,"Tạo công ăn việc làm cho hơn 100.000 lao động, 3 tập đoàn Viettel, FPT, VNPT trả lương nhân viên ra sao?"
FPT,9/11/2023,20:49,"FPT dự kiến đầu tư 100 triệu USD vào Mỹ, mục tiêu doanh thu 1 tỷ USD từ thị trường này"
FPT,9/9/2023,13:30,Đòn bẩy vận hành trong doanh nghiệp chỉ với một bộ giải pháp
FPT,9/1/2023,8:00,FPT Software cải tiến quy trình quản lý an toàn hàng không châu Âu bằng blockchain
FPT,8/25/2023,10:00,FPT Cloud thắng giải Vàng quốc tế về Điện toán đám mây
FPT,8/24/2023,15:43,Niềm vui nhân đôi với cổ đông FPT: Cổ phiếu vượt đỉnh đúng ngày “lăn chốt” cổ tức
FPT,8/23/2023,10:00,"FPT ""phủ sóng"" hạnh phúc đến hàng chục triệu người dân Việt"
FPT,8/18/2023,0:02,"Tăng trưởng đều đến kinh ngạc, lợi nhuận FPT liên tục lập kỷ lục đẩy cổ phiếu vượt đỉnh, vốn hóa xấp xỉ 5 tỷ USD"
FPT,8/15/2023,12:47,"FPT lãi trước thuế hơn 5.000 tỷ đồng sau 7 tháng đầu năm 2023, tăng trưởng gần 20%"
FPT,8/15/2023,9:59,"Thương hiệu Viettel được định giá 8,9 tỷ USD, bỏ xa các doanh nghiệp còn lại trong top thương hiệu giá trị nhất Việt Nam"
FPT,8/4/2023,17:53,FPT IS triển khai hệ sinh thái số phục vụ kinh doanh cho Shinhan Life
FPT,8/3/2023,13:30,FPT chỉ cần 1 kế toán cho việc hợp nhất báo cáo tài chính
FPT,7/31/2023,17:15,"Giám đốc Nhân sự FPT: Lãnh đạo cao nhất Tập đoàn cũng thuộc nhiều bài hát hot trên TikTok, không có khoảng cách giữa các nhân viên với sếp"
FPT,7/24/2023,16:22,"Vừa báo lãi cao kỷ lục, FPT chốt ngày chi gần 1.300 tỷ đồng tạm ứng cổ tức 2023"
FPT,7/21/2023,8:00,Giải pháp hợp nhất báo cáo tài chính giúp nhà lãnh đạo ra quyết định dễ dàng
FPT,7/18/2023,15:30,"Ảnh hưởng lạm phát và tỷ giá, FPT vẫn thu về hơn nửa tỷ USD từ nước ngoài"
FPT,7/16/2023,15:03,"Tăng liên tục nhiều tháng, định giá FPT lên sát 100.000 tỷ đồng, ngang ngửa Masan, TCB và nhỉnh hơn Sabeco, MB"
FPT,7/15/2023,7:00,"Phó Chủ tịch FPT muốn bán bớt 4 triệu cổ phiếu, dự thu hơn 300 tỷ đồng"
FPT,7/14/2023,8:00,FPT Smart Cloud công bố danh sách Startups xuất sắc tham gia chương trình Tăng tốc khởi nghiệp
FPT,7/13/2023,18:52,"FPT ước lãi kỷ lục trong quý 2, tăng trưởng 19,4% so với cùng kỳ"
FPT,7/8/2023,17:45,"Tại Singapore, nhiều ứng dụng do một tập đoàn công nghệ Việt Nam phát triển được sử dụng rất phổ biến"
FPT,7/1/2023,13:30,FPT được vinh danh Top doanh nghiệp phát triển bền vững 2023
FPT,6/27/2023,10:17,FPT sắp chi hơn 1.100 tỷ đồng trả cổ tức
FPT,6/22/2023,17:20,"Ông Hoàng Nam Tiến: Đi đâu tôi cũng khoe mình làm ở FPT 30 năm rồi, nhưng Gen Z lại thường khoe nhảy việc liên tục"
FPT,6/20/2023,15:30,FPT Smart Cloud bắt tay Salto đẩy mạnh chuyển đổi số tại Nhật Bản
FPT,6/20/2023,10:18,"FPT báo lãi 5 tháng tăng trưởng 19% so với cùng kỳ, đạt hơn 3.600 tỷ đồng"
FPT,6/16/2023,17:30,Fortune vinh danh FPT Americas là nơi làm việc tốt nhất Texas Mỹ
FPT,6/16/2023,15:30,AI - Năng lực cốt lõi của doanh nghiệp trong thời đại số
FPT,6/9/2023,15:30,"ACB cùng FPT triển khai các giải pháp xác thực số, tự động hóa"
FPT,6/1/2023,11:00,Giải pháp từ FPT cho 70% doanh nghiệp thất bại vì chuyển đổi số
FPT,5/19/2023,15:30,FPT: Doanh thu từ thị trường Nhật Bản tăng cao nhất trong hai năm gần đây
FPT,5/18/2023,10:47,FPT báo lãi 4 tháng tăng trưởng 19% so với cùng kỳ
FPT,5/13/2023,0:06,"FPT sắp chốt quyền trả cổ tức tổng tỷ lệ 25%, dự chi hơn 1.100 tỷ đồng và phát hành mới 166 triệu cổ phiếu"
FPT,5/4/2023,7:30,"Tận dụng triệt để, cửa hàng FPT Shop sẽ bán xe đạp, xe máy, phụ tùng, dịch vụ bảo dưỡng và sửa chữa"
FPT,4/30/2023,10:00,"Sếp FPT ""hé lộ"" bí quyết kinh doanh ở Nhật: Nói chuyện win – win là thất bại ngay từ đầu"
FPT,4/28/2023,15:16,Sao Khuê 2023 vinh danh 13 sản phẩm thuộc hệ sinh thái Made by FPT
FPT,4/27/2023,15:30,Cảnh báo mạo danh Tập đoàn FPT lừa đảo tuyển dụng
FPT,4/27/2023,7:43,Phân tích lựa chọn của FPT khi mở rộng ở Trung Quốc: Lương kỹ sư ở Nam Ninh so với cách thành phố khác ra sao?
FPT,4/25/2023,11:11,Dàn lãnh đạo cấp cao cùng nhiều nhân viên FPT sắp được mua hàng triệu cổ phiếu ESOP giá chỉ 10.000 đồng/cp.
FPT,4/19/2023,23:31,"FPT báo lãi sau thuế quý 1 hơn 1.800 tỷ đồng, tăng 18% so với cùng kỳ"
FPT,4/19/2023,18:32,"Nguồn thu xuống thấp nhất 7 năm, lợi nhuận công ty quảng cáo trực tuyến FPT Online giảm 99%"
FPT,4/19/2023,0:01,"SCIC lên danh sách thoái vốn 73 doanh nghiệp trong năm 2023, bao gồm nhiều tên tuổi trên sàn chứng khoán"
FPT,4/15/2023,0:33,FPT đóng góp vào ngân sách ra sao?
FPT,4/7/2023,15:02,"Cổ phiếu một công ty công nghệ Việt Nam từng có người chở ô tô tiền mặt đến để mua, sân chật bị đuổi ra đến lúc có chỗ đỗ xe lại vào"
FPT,4/7/2023,9:49,"Bán được 3 hợp đồng, ông Trương Gia Bình khoe FPT là số 1 thế giới về công nghệ trợ lái ô tô"
FPT,4/6/2023,15:30,Tổng thống Mỹ Biden đề cao ý nghĩa đầu tư của nhà máy VinFast tại Bắc Carolina
FPT,4/3/2023,15:30,FPT đồng hành cùng Khánh Hòa chuyển đổi số và phát triển xanh
FPT,4/1/2023,18:48,"Loạt ""ông lớn"" Vingroup, Sun Group, Trung Nam, FPT, Viglacera... ""ồ ạt"" đổ về Khánh Hoà làm KCN, cảng biển"
FPT,3/31/2023,14:20,"Ông Trương Gia Bình: FPT tham vọng đạt 1 triệu nhân viên chuyển đổi số vào năm 2035, trở thành tổ chức kiến tạo hạnh phúc"
FPT,3/31/2023,13:30,"Mở rộng cơ hội kết nối, tiếp cận kho ""tri thức"" không giới hạn"
FPT,3/29/2023,13:52,"SSI Research: FPT lãi đậm từ mảng dịch vụ CNTT nước ngoài, thị trường trong nước gặp trở ngại do cầu yếu trong ngắn hạn"
FPT,3/26/2023,20:10,"Vì sao lãnh đạo FPT nói “Lãnh đạo thì đầy đủ vật chất, nhân viên chỉ được mỗi tinh thần”?"
FPT,3/24/2023,15:30,"Nâng cao hiện diện trên toàn cầu, FPT mở văn phòng thứ 2 tại Hàn Quốc"
FPT,3/22/2023,15:30,Ra mắt giải pháp quản lý chất lượng trung tâm CSKH bằng AI
FPT,3/17/2023,16:23,"FPT đặt mục tiêu doanh thu hơn 2 tỷ USD trong năm 2023, chia cổ tức 25% sau ĐHĐCĐ"
FPT,3/17/2023,15:40,FPT lên kế hoạch ESOP
FPT,2/26/2023,7:21,"FPT: Cạnh tranh trên thị trường Mỹ bằng lợi thế giá thấp, đặt kế hoạch doanh thu mảng Xuất khẩu Phần mềm toàn cầu tăng 25%"
FPT,2/23/2023,9:24,FPT có thêm thương vụ M&A với doanh nghiệp Mỹ
FPT,2/7/2023,0:00,FPT rót hàng nghìn tỷ đồng vào Bình Định
FPT,2/6/2023,14:31,"Thị giá vượt nửa triệu đồng/cổ phiếu, vốn hóa của “kỳ lân” công nghệ VNG gấp 3 lần CMC Group"
FPT,2/5/2023,20:29,FPT Software sắp xây trung tâm trí tuệ nhân tạo quy mô 2.000 tỷ đồng tại Bình Định
FPT,2/4/2023,16:51,"Sếp FPT lên kế hoạch ""nuôi"" quân từ cấp I, dự kiến năm 2023 sẽ xuất khẩu 25 triệu chip vi mạch ra thế giới"
FPT,2/4/2023,12:00,"Loạt “ông lớn” Sungroup, Novaland, FPT,... đổ bộ vào Vân Phong, giá bất động sản hiện nay thế nào?"
FPT,2/3/2023,11:24,Lộ diện loạt 'ông lớn' sắp rót vốn vào khu kinh tế Vân Phong
FPT,2/3/2023,7:04,"13 ""ông lớn"" Sungroup, Novaland, FPT, Trung Nam, Becamex IDC, Sonadezi... ồ ạt muốn đầu tư vào khu kinh tế Vân Phong"
FPT,2/1/2023,9:26,"Trí Việt (TVC) báo lỗ thêm 113 tỷ sau khi ông Phạm Thanh Tùng bị khởi tố, khoản đầu tư 900 tỷ vào HPG đang “bốc hơi” 30%"
FPT,1/16/2023,18:57,"FPT: LNTT năm 2022 tăng 21% lên 7.654 tỷ đồng, doanh thu khối công nghệ cán mốc 1 tỷ USD"
FPT,1/5/2023,0:05,"“Kỳ lân” đầu tiên của Việt Nam chào sàn, cổ phiếu công nghệ liệu có sóng?"
FPT,1/4/2023,11:50,"Sau khi cán mốc doanh số 1 tỷ USD từ thị trường quốc tế, Tập đoàn FPT vượt quy mô 60.000 nhân sự"
FPT,12/25/2022,10:54,"Chủ tịch FPT Telecom Hoàng Nam Tiến tiết lộ lý do FPT không sản xuất ô tô, điện thoại thông minh"
FPT,12/19/2022,10:38,"Toàn cầu hóa tăng trưởng mạnh, FPT nhận bằng khen của Bộ Thông tin Truyền thông"
FPT,12/17/2022,7:48,"Vndirect: Xe điện và công nghiệp bán dẫn định hình dòng chảy FDI vào ASEAN, doanh nghiệp Việt kịp bắt ''trend"" gọi tên VinFast, Geleximco, FPT, Viettel"
FPT,12/4/2022,11:25,FPT liên tiếp ghi danh ở các giải thưởng quản trị uy tín trong và ngoài nước
FPT,12/2/2022,17:30,FPT trình diễn hệ sinh thái thành phố thông minh tại Smart City summit 2022
FPT,11/25/2022,8:00,Thị trường nước ngoài mang về cho FPT trên 40% tổng doanh thu trong 10 tháng
FPT,11/23/2022,10:50,FPT IS khởi động dự án chuẩn hóa quy trình nội bộ cho PC1
FPT,11/21/2022,9:42,"Họ FPT tăng trưởng ấn tượng trong 9T2022, riêng FPTS báo lỗ do đánh giá lại khoản đầu tư vào May Sông Hồng"
FPT,11/20/2022,9:12,"Chủ tịch FPT Telecom Hoàng Nam Tiến: Sau nền kinh tế sản xuất, dịch vụ, 8 năm tới sẽ là thời kỳ của nền kinh tế trải nghiệm"
FPT,11/19/2022,0:11,FPT nói gì về kế hoạch đầu tư xây dựng nhà máy bán dẫn tại Việt Nam?
FPT,11/16/2022,13:04,"FPT lãi sau thuế 10 tháng tăng trưởng 28%, lượng đơn hàng nước ngoài tăng mạnh"
FPT,11/14/2022,10:07,VietCredit tiên phong triển khai giải pháp chống giả mạo xác thực số FPT.IDCheck
FPT,11/10/2022,17:30,Tập đoàn FPT được vinh danh 'Nơi làm việc tốt nhất ngành CNTT' lần 3 liên tiếp
FPT,11/9/2022,17:30,eBook FPT.eContract - “Cẩm nang” ứng dụng hợp đồng lao động điện tử
FPT,11/2/2022,19:38,FPT Software hợp tác với nhà sản xuất trang sức hàng đầu thế giới ở Bắc Âu
FPT,11/2/2022,9:45,"Ông Nguyễn Tử Quảng: BKAV ra mắt module AIoT G350, ""giúp"" máy lọc nước, tủ lạnh, điều hòa nói chuyện bằng ngôn ngữ tự nhiên"
FPT,11/1/2022,16:13,Lộ diện hình ảnh con Chip IoT Y tế đầu tiên “Made in Vietnam” của FPT
FPT,11/1/2022,8:48,"Màn ""gà nhà"" đối đáp của FPT"
FPT,10/29/2022,18:21,FPT giành 2 giải thưởng CNTT khu vực châu Á - châu Đại Dương
FPT,10/29/2022,16:24,"FPT Retail (FRT) giảm số tiền cho FPT vay còn hơn 4.000 tỷ, tăng tốc trả nợ gốc khi lãi suất có xu hướng tăng"
FPT,10/27/2022,8:17,Thị trường nước ngoài tiếp tục là động lực tăng trưởng của FPT trong dài hạn
FPT,10/26/2022,15:30,Đâu là chìa khóa gỡ khó bài toán dữ liệu ngành địa ốc Việt?
FPT,10/26/2022,13:05,"Quy mô nhân sự FPT vượt 40.000 người, lượng tiền nắm giữ giảm xuống còn 24.000 tỷ đồng"
FPT,10/26/2022,10:17,"Bán ròng hơn 1 triệu cổ phiếu từ đầu tháng 10, Dragon Capital không còn là cổ đông lớn của FPT"
FPT,10/20/2022,16:46,Hợp đồng lao động điện tử: Sẵn sàng từ pháp lý tới ứng dụng thực tiễn
FPT,10/19/2022,19:39,Chủ tịch FPT - Trương Gia Bình: Metaverse là thế giới mới
FPT,10/19/2022,11:08,"FPT lãi sau thuế gần 4.900 tỷ đồng trong 9 tháng đầu 2022, tăng trưởng 28% so với cùng kỳ năm trước"
FPT,10/16/2022,8:13,"FPT rót vốn vào 1 công ty công nghệ Nhật Bản, mục tiêu đạt các hợp đồng trị giá hàng chục triệu USD"
FPT,10/13/2022,10:57,Ông Trương Gia Bình: Chúng tôi đang nỗ lực để Việt Nam sẽ là cường quốc về Trí tuệ nhân tạo
FPT,10/12/2022,10:00,"Cổ phiếu công nghệ gặp khó trước xu hướng tăng lãi suất, FPT liệu có ngoại lệ?"
FPT,10/10/2022,20:44,"Có gì trong cuộc luận bàn của ông Dương Công Minh với các Chủ tịch FPT, TMG, PNJ tại hội thảo của Hội đồng họ Dương Việt Nam?"
FPT,10/6/2022,16:20,Nhóm Dragon Capital không còn là cổ đông lớn tại FPT
FPT,9/30/2022,13:30,FPT IS sẵn sàng giải pháp xác thực căn cước công dân gắn Chip
FPT,9/30/2022,8:46,Mảng nào ‘ăn nên làm ra’ nhất trong khối công nghệ của FPT?
FPT,9/29/2022,10:34,Giải mã việc một địa phương miền Trung liên tục dẫn đầu cả nước về mức độ chuyển đổi số
FPT,9/28/2022,16:09,Top 500 nhà tuyển dụng hàng đầu Việt Nam: Viettel và FPT chia nhau ngôi vương
FPT,9/28/2022,15:30,FPT Software sản xuất chip Make in Vietnam
FPT,9/19/2022,11:43,"FPT lãi ròng hơn 3.400 tỷ đồng sau 8 tháng, tăng trưởng 30% so với cùng kỳ năm trước"
FPT,9/16/2022,17:30,FPT được xướng tên ở hai hạng mục Top 3 của IR Awards
FPT,9/14/2022,13:30,"Phó Thủ tướng Singapore thăm campus FPT Software, thúc đẩy đầu tư vào Việt Nam"
FPT,9/13/2022,10:00,FPT có tới 4 thành viên trong câu lạc bộ doanh nghiệp CNTT nghìn tỷ
FPT,9/11/2022,14:00,"Chênh lệch lớn trong mức lương CEO tại các DN tỷ đô Vingroup, Masan, FPT, Kinh Bắc, Đức Giang..."
FPT,9/7/2022,9:02,FPT công bố bộ giải mã FPT Play 2022 - muốn trở thành 'trái tim' của hệ sinh thái IoT
FPT,8/11/2022,12:10,SSI Research: Mảng CNTT của FPT có thể tăng hai chữ số trong nửa cuối năm
FPT,8/11/2022,11:45,"7 tháng, FPT đạt lợi nhuận 4.242 tỷ đồng, tăng trưởng 23,7%"
FPT,8/4/2022,11:39,"Doanh nghiệp công nghệ vẫn ""sống khỏe"" trong nửa đầu năm 2022, LNST tăng trưởng hàng chục phần trăm so với cùng kỳ"
FPT,7/25/2022,11:19,FPT báo lãi ròng quý II tăng 25% so với cùng kỳ
FPT,7/25/2022,9:31,FPT đầu tư hơn 2.000 tỷ đồng xây tổ hợp nghiên cứu công nghệ cao tại Bình Định
FPT,7/19/2022,15:02,"FPT lãi ròng 2.490 tỷ đồng trong 6 tháng đầu 2022, tăng trưởng 31% so với cùng kỳ năm trước"
FPT,7/17/2022,11:19,"Ký kết 8 biên bản ghi nhớ 204.000 tỷ đồng với các nhà đầu tư, Hậu Giang có tiềm năng gì đặc biệt?"
FPT,7/5/2022,17:30,Hai ông lớn về nội dung số FPT Play và TikTok bắt hay hợp tác
FPT,6/28/2022,0:05,"Danh sách thoái vốn của SCIC 2022 vắng bóng FPT, SAB, NTP, BMI, BVH"
FPT,6/20/2022,8:00,Hết thời tiền rẻ: Cổ phiếu công nghệ Việt càng thêm hấp dẫn
FPT,6/16/2022,15:19,"FPT đẩy mạnh thị trường Mỹ, ước lãi 5 tháng đầu năm tăng trưởng 34%"
FPT,6/11/2022,20:21,"Nhắc về Nguyễn Hà Đông, chủ tịch Trương Gia Bình khẳng định Việt Nam có tiềm năng với một ngành công nghệ có quy mô gấp chục lần, dễ làm hơn xuất khẩu phần mềm"
FPT,6/10/2022,11:39,"""So găng"" hai ông lớn viễn thông VinaPhone và FPT Telecom trong cuộc đua lợi nhuận"
FPT,6/9/2022,8:00,Ngân hàng giảm 6 lần thời gian xử lý chứng từ thương mại với FPT.AI Reader
FPT,6/8/2022,10:22,Chiến lược số cho ngân hàng làm chủ cuộc chơi trong thời đại Neobank
FPT,6/2/2022,14:01,"FPT đặt mục tiêu doanh thu chuyển đổi số tăng trưởng 30%, phát triển các sản phẩm công nghệ mới ""make in Vietnam"""
FPT,6/1/2022,19:46,Coteccons và FPT- IS hợp tác chiến lược số hóa quản lý ngành xây dựng
FPT,5/31/2022,15:20,FPT chốt quyền trả cổ tức tỷ lệ 30%
FPT,5/27/2022,11:10,FPT sắp hở room
FPT,5/23/2022,15:28,"4 tháng đầu năm, FPT báo lãi tăng trưởng 32% so với cùng kỳ 2021"
FPT,5/16/2022,14:59,"Dragon Capital bán hơn 1 triệu cổ phiếu, không còn là cổ đông lớn tại FPT chỉ sau vài ngày"
FPT,5/15/2022,22:31,FPT Software đặt dấu mốc mở rộng quy mô đến bờ Đông nước Mỹ
FPT,5/9/2022,16:09,"Tuổi ban lãnh đạo hay giá trị cho cổ đông mới là điều quan trọng? Đây là câu trả lời từ các doanh nghiệp như Berkshire Hathaway, FPT"
FPT,5/3/2022,7:46,Hội đồng quản trị FPT: 7 người 4 quốc tịch
FPT,5/1/2022,14:10,Công thức thành công đơn giản nhưng tạo ra sức mạnh vĩ đại của Thành Cát Tư Hãn được Chủ tịch Trương Gia Bình áp dụng tại FPT
FPT,4/22/2022,11:25,Giám đốc công nghệ FPT bật mí lĩnh vực công ty sẽ đầu tư lớn trong tương lai
FPT,4/22/2022,0:00,Tranh cãi phát ngôn của Chủ tịch FPT Telecom Hoàng Nam Tiến: Cảm thấy xấu hổ khi gặp các bạn trẻ làm 20 giờ/ ngày
FPT,4/20/2022,6:45,"30 năm cống hiến không ngơi nghỉ vẫn hối hận vì kiếm tiền chưa đủ, Chủ tịch FPT Telecom xấu hổ trước người trẻ “cày” 20 tiếng/ngày, ước có nhiều thời gian hơn nữa để mang tiền về cho mẹ"
FPT,4/18/2022,14:33,"Cáp biển APG gặp sự cố, nhà mạng làm gì để giảm thiểu ảnh hưởng tới người dùng?"
FPT,4/17/2022,15:50,"Chủ tịch FPT Trương Gia Bình: 7 năm trước Việt Nam có Flappy Bird, nay có Nguyễn Thành Trung và Axie Infinity, trò chơi hàng đầu thế giới về NFT"
FPT,4/17/2022,15:37,Tuyến cáp quang biển APG lại gặp sự cố
FPT,4/13/2022,17:42,"Bất chấp thị trường rung lắc, loạt cổ phiếu cơ bản vẫn âm thầm vượt đỉnh"
FPT,4/13/2022,9:24,Nhà sáng lập Trương Gia Bình sẽ gánh vác trọng trách Chủ tịch Tập đoàn FPT đến năm 71 tuổi
FPT,4/7/2022,14:45,"[ĐHCĐ FPT] Áp dụng ""kỷ luật tăng trưởng"", Quý 1 ước lãi hơn 1.700 - 1.800 tỷ, chi trả cổ tức tỷ lệ 40%"
FPT,4/3/2022,0:03,"Cuộc đua vốn hóa không thấy đích giữa FPT và MWG: Cùng vượt 100.000 tỷ đồng trong một tuần, cổ phiếu bám đuổi từng phiên trần"
FPT,4/2/2022,12:11,"Có thêm FPT và Thế giới Di động, số doanh nghiệp vốn hóa trên 100.000 tỷ đồng lập kỷ lục mới"
FPT,3/29/2022,14:50,"Tròn 14 tháng cổ đông FPT mới thấy lại màu tím, vốn hóa thị trường xấp xỉ 100.000 tỷ đồng"
FPT,3/29/2022,11:15,"FPT bứt phá trở lại câu lạc bộ 100, vốn hóa thị trường lập kỷ lục, vượt 93.000 tỷ đồng"
FPT,3/21/2022,14:32,"Lãi ròng 2 tháng đầu năm FPT ước đạt 756 tỷ đồng, tăng trưởng gần 36%"
FPT,3/21/2022,8:14,"Bình Phước dồn lực xây dựng các tuyến cao tốc, ""đại bàng về làm tổ"""
FPT,3/18/2022,7:49,"FPT thay đổi nhân sự thượng tầng: Nhiều lãnh đạo rời Hội đồng quản trị nhưng 3 ""cựu thần"" vẫn tiếp tục gồng gánh"
FPT,3/18/2022,0:43,FPT triển khai phát hành số cổ phiếu ESOP trị giá 600 tỷ đồng
FPT,3/18/2022,0:11,"Không quá ồn ào, nhiều cổ phiếu “họ” Viettel, FPT vẫn âm thầm vượt đỉnh"
FPT,3/17/2022,15:32,"FPT đặt mục tiêu tăng trưởng lợi nhuận 20% năm 2022, cổ tức năm 2021 dự kiến 40%"
FPT,3/15/2022,7:34,FPT đầu tư xây tổ hợp giáo dục hơn 10ha tại Hà Nam
FPT,3/12/2022,20:08,"Quỹ lương khủng nhất sàn với 15.000 tỷ đồng, FPT chi bình quân 33,8 triệu đồng/tháng cho mỗi nhân viên"
FPT,3/11/2022,9:27,"Sau dầu, thép, than... cổ phiếu công nghệ sẽ có nhiều cơ hội?"
FPT,3/10/2022,17:09,"Có trong tay 26.000 tỷ tiền mặt, FPT dự kiến đầu tư vào 3 dự án lớn tại Khánh Hòa"
FPT,2/25/2022,15:24,"Tăng 30% trong vòng 6 ngày, nhà đầu tư kỳ vọng quá lớn vào hoạt động phân phối thuốc trị covid của FPT Retail?"
FPT,2/20/2022,13:03,"Hợp tác với nhiều đối tác lớn, lợi nhuận xuất khẩu phần mềm của FPT lần đầu vượt 100 triệu USD"
FPT,1/26/2022,9:00,"Nhiều tiền như FPT: Lượng tiền gửi tăng vọt lên hơn 26.000 tỷ đồng, thu lãi hơn 1.000 tỷ đồng trong năm 2021"
FPT,1/21/2022,14:01,"FPT lãi trước thuế 6.335 tỷ đồng trong năm 2021, tăng trưởng 20,4%"
FPT,1/20/2022,8:00,Synnex FPT và Xiaomi ký thỏa thuận hợp tác chiến lược
FPT,1/7/2022,11:37,Đây là cách mà FPT Retail làm nếu không được đồng ý giảm tiền thuê mặt bằng
FPT,12/30/2021,6:17,"100 ngày đêm ‘giải cứu’ HOSE: ‘Món quà thiết thực của Đối thoại Việt Nam 2045, hướng tới sánh vai cùng thị trường London, New York’"
FPT,12/20/2021,15:15,Nhóm quỹ Dragon Capital không còn là cổ đông lớn tại FPT
FPT,12/20/2021,10:57,"Nikkei Asia: Thị trường edtech Việt Nam chạm mốc 3 tỷ USD, ngày càng nhiều 'ông lớn' và startup nhập cuộc"
FPT,12/15/2021,15:28,"FPT ước lãi trước thuế 5.850 tỷ đồng sau 11 tháng, tăng trưởng 20% so với cùng kỳ năm trước"
FPT,12/11/2021,9:47,FPT Shop ‘lấn sân’ sang mảng PC lắp ráp
FPT,11/12/2021,11:36,"FPT ký hợp đồng chuyển đổi số cho Chính phủ Singapore, ước lãi ròng 10 tháng đạt gần 3.500 tỷ đồng"
FPT,11/5/2021,14:01,FPT muốn kiếm 1 tỷ USD từ thị trường nước ngoài năm 2023
FPT,10/26/2021,0:33,"Con số ""khủng"" về số lượng người gia nhập FPT trong 9 tháng đầu năm, lãnh đạo vẫn 'kêu' thiếu lao động do đại dịch"
FPT,10/24/2021,7:50,Vì sao FPT Retail thuê lại mặt bằng ở Bình Định cao hơn Thế Giới Di Động?
FPT,10/23/2021,13:11,"Chủ tịch FPT Telecom Hoàng Nam Tiến: Không quá 5 - 7 năm nữa, hàng triệu bạn trẻ sẽ bị mất việc!"
FPT,10/22/2021,16:08,"Vì nhu cầu cá nhân, Phó Chủ tịch FPT Bùi Quang Ngọc muốn bán bớt 4,5 triệu cổ phiếu"
FPT,10/22/2021,15:47,"TTCK Việt Nam đón thêm một quỹ đầu tư đến từ Xứ sở chùa Vàng quy mô nghìn tỷ, ưa thích nắm giữ FPT, VNM và chứng chỉ ETF"
FPT,10/4/2021,8:16,"Nhà nước dự thu 15.000 - 20.000 tỷ từ thoái vốn Sabeco, FPT, Bảo Minh..."
FPT,9/18/2021,22:58,Sôi động cuộc đua đầu tư giáo dục tư nhân
FPT,9/18/2021,7:33,Chủ tịch FPT Trương Gia Bình sẽ xây trường cho 1.000 trẻ mồ côi do Covid-19 ở đâu?
FPT,9/17/2021,8:58,"Chủ tịch FPT hứa mở trường cho 1.000 trẻ nhỏ mồ côi cha mẹ bởi dịch Covid-19, cam kết nuôi dạy và đào tạo liên tục 20 năm"
FPT,9/16/2021,16:23,"FPT lãi ròng 2.629 tỷ đồng sau 8 tháng, tăng trưởng 17% so với cùng kỳ năm trước"
FPT,9/8/2021,9:38,"Biến động nhân sự các doanh nghiệp top đầu sàn chứng khoán: Masan & Thế giới Di động cắt giảm hàng nghìn người, VPBank & FPT tuyển nhiều nhất"
FPT,9/2/2021,17:12,Cách xem trực tiếp trận Việt Nam - Saudi Arabia đêm nay
FPT,8/30/2021,7:26,"Nhiều doanh nghiệp vượt ""bão"" Covid-19, kết quả kinh doanh tăng trưởng tốt trong tháng 7"
FPT,8/23/2021,11:48,"Ông Trương Gia Bình: ""Mỗi ngày của doanh nghiệp đều rất quan trọng, giải quyết được vấn đề nào thì giải quyết ngay"""
FPT,8/22/2021,19:21,"“Vua lỳ đòn” phimmoi.net bị khởi tố hình sự, cơ hội lớn cho FPT Play, VTVcab On và Netflix"
FPT,8/17/2021,15:43,FPT báo lãi trước thuế 7 tháng đầu năm tăng trưởng gần 20% so với cùng kỳ 2020
FPT,8/5/2021,15:26,"Nắm giữ FPT và MSN, hiệu suất danh mục Tundra Fund tăng trưởng vượt trội trong tháng 7"
FPT,7/29/2021,15:14,"FPT Telecom (FOX) báo lãi ròng quý 2 gần 500 tỷ đồng, tăng 26% so với cùng kỳ"
FPT,7/21/2021,8:17,"FPT Online (FOC): Nửa đầu năm 2021 ghi nhận doanh thu 280 tỷ, lợi nhuận tăng 22% lên hơn 102 tỷ đồng"
FPT,7/20/2021,17:04,"FPT: LNTT 6 tháng tăng 21% lên 2.936 tỷ đồng, thắng 11 dự án giá trị trên 5 triệu USD"
FPT,7/20/2021,16:37,"Chứng khoán FPT (FPTS): LNST quý 2 đạt 230 tỷ đồng, lãi 6 tháng gấp 17 lần cùng kỳ 2020"
FPT,7/9/2021,7:22,"VNDIRECT: ""Công nghệ 5G sẽ là động lực mới trong ngành Công nghệ - Viễn thông"""
FPT,7/5/2021,22:34,Xử lý nghẽn lệnh HoSE hết bao nhiêu và ai chi trả?
FPT,7/2/2021,9:34,"Giám đốc đầu tư Dragon Capital: Kỳ vọng ra mắt các sản phẩm T+0, bán khống sau khi hệ thống giao dịch mới hoạt động"
FPT,7/1/2021,15:20,FPT công bố độc quyền phát sóng UEFA Champion League trong 3 mùa giải tiếp theo
FPT,6/24/2021,22:11,"Chủ tịch UBCK: ""Chúng tôi không chỉ nợ một lời xin lỗi mà nhiều lời xin lỗi"""
FPT,6/24/2021,13:11,Chuyện chưa kể về nghẽn lệnh Hose: Coi nghẽn lệnh là trường hợp khẩn cấp quốc gia
FPT,6/23/2021,10:50,"Hệ thống giao dịch mới của HoSE dự kiến Go-live từ tháng 7, tình trạng nghẽn lệnh sắp chấm dứt"
FPT,6/18/2021,16:39,FPT Telecom (FOX) gia nhập câu lạc bộ vốn hóa tỷ đô
FPT,6/15/2021,13:59,"FPT lãi trước thuế 5 tháng đạt 2.428 tỷ đồng, tăng trưởng 22% so với cùng kỳ 2020"
FPT,6/14/2021,10:30,Chủ tịch FPT IS: Đã hoàn thành 80% hệ thống khớp lệnh mới
FPT,6/1/2021,16:45,"Sàn HoSE tạm ngừng giao dịch, FPT đang xử lý quá tải hệ thống ra sao?"
FPT,5/18/2021,8:34,FPT chốt danh sách cổ đông phát hành 118 triệu cổ phiếu trả cổ tức
FPT,5/2/2021,7:28,"Vì sao HĐQT, Ban điều hành của Hòa Phát, FPT vắng bóng nữ giới?"
FPT,4/27/2021,20:05,"FPT ra mắt Play Box S kết hợp giữa TV Box và loa thông minh: Nhận diện tiếng Việt, kỳ vọng trở thành ""trái tim"" của nhà thông minh"
FPT,4/27/2021,0:06,Cổ phiếu nào hưởng lợi từ tiềm năng tăng trưởng ngành internet băng rộng cố định tại Việt Nam?
FPT,4/23/2021,11:29,"FPT: LNTT quý 1 tăng 22%, Doanh thu ký mới thị trường nước ngoài đạt gần 4.500 tỷ đồng trong quý 1"
FPT,4/20/2021,10:47,"Mảng môi giới và cho vay tăng mạnh, Chứng khoán FPTS lãi quý 1 gần 146 tỷ đồng"
FPT,4/20/2021,6:42,"Khối ngoại không còn mua MWG, FPT với mức giá chênh hàng chục phần trăm, phải chăng cổ phiếu “kín room” đã hết hấp dẫn?"
FPT,4/19/2021,19:10,"MWG và FPT giữ vững 2 vị trí lớn nhất trong rổ Diamond với tỷ trọng 15%, nhiều cổ phiếu ngân hàng lớn bị giảm tỷ trọng"
FPT,4/12/2021,17:17,"Lý giải phiên 20.000 tỷ: HOSE đã cải tiến giải pháp kỹ thuật hỗ trợ hệ thống tăng năng lực xử lý lệnh, việc phối hợp với FPT được triển khai song song"
FPT,4/8/2021,22:24,"Tundra: ""Các thị trường cận biên vừa trải qua hai tháng củng cố sau sự phục hồi mạnh mẽ từ đầu năm 2020"""
FPT,4/8/2021,17:27,"Ông Trương Gia Bình: ""Chỉ 3 tháng thôi, FPT sẽ giải quyết được vấn đề của HoSE mà người khác làm mấy năm không xong"""
FPT,4/8/2021,15:50,"Chủ tịch FPT ""khoe"" công ty tạo ra 200 triệu phú đô la khi lên sàn, lái xe cũng có tiền cho con đi du học"
FPT,4/1/2021,9:10,FPT phát hành cổ phiếu ESOP cho lãnh đạo cấp cao trị giá khoảng 100 tỷ đồng
FPT,3/30/2021,17:03,"FPT đã vào khảo sát hệ thống HoSE, Bộ Tài chính thành lập Ban Chỉ đạo xử lý sự cố nghẽn lệnh"
FPT,3/30/2021,10:44,HOSE chính thức lên tiếng về tình trạng quá tải hệ thống và giải pháp khắc phục
FPT,3/22/2021,11:27,"Ông Nguyễn Tử Quảng: “Nếu được giao sửa nghẽn sàn HoSE, Bkav cũng làm được”"
FPT,3/19/2021,15:50,"FPT Online trả cổ tức tiền mặt 200% cho năm 2020, dự kiến trả cổ tức năm 2021 tối thiểu 50%"
FPT,3/19/2021,0:30,"Có 3 việc chính để chuyển phần mềm HNX sang HoSE, 2 tuần tới sẽ ""test"" nội bộ hệ thống"
FPT,3/10/2021,20:35,Lời cảnh báo của chuyên gia Thái Lan 20 năm trước và thế khó của HOSE
FPT,3/9/2021,23:59,"Ông Nguyễn Duy Hưng: Sau 3 tháng HoSE không hết nghẽn, FPT hay Ủy ban chứng khoán chịu trách nhiệm?"
FPT,3/9/2021,14:30,"Tundra tăng mạnh tỷ trọng cổ phiếu Việt Nam, tập trung FPT và REE"
FPT,3/7/2021,21:18,Nhóm quỹ Dragon Capital không còn là cổ đông lớn tại FPT
FPT,3/6/2021,11:21,"Ông Trương Gia Bình nhận thù lao 0 đồng, CEO FPT nhận lương hơn 3,5 tỷ đồng nhưng không đáng là bao so với ESOP"
FPT,2/27/2021,9:20,"""Make in Vietnam"": Quan trọng nhất là phải được thị trường và người dùng chấp nhận"
FPT,2/24/2021,16:33,Ông Hoàng Việt Anh làm Chủ tịch công ty dịch vụ tư vấn chuyển đổi số FPT Digital
FPT,2/18/2021,18:08,"FPT liên tục phá đỉnh, Norges Bank ""chốt lãi"" 1 triệu cổ phiếu"
FPT,1/25/2021,16:11,"FPT: LNTT năm 2020 tăng 12,8% lên 5.261 tỷ đồng"
FPT,12/15/2020,19:36,"FPT: Thị trường nước ngoài cải thiện, LNTT 11 tháng tăng 10% lên 4.439 tỷ đồng"
FPT,11/30/2020,17:18,Lễ chuyển giao Chủ tịch Hội đồng Doanh nhân trẻ Asean chưa từng có trong lịch sử
FPT,11/18/2020,10:40,Những doanh nghiệp tư nhân lớn nhất Việt Nam 10 năm trước giờ ra sao?
FPT,11/9/2020,13:30,Diễn đàn công nghệ FPT TECHDAY 2020 chính thức khởi động
FPT,10/22/2020,19:41,FPT: LNTT 9 tháng tăng trưởng 9% lên 3.814 tỷ đồng
FPT,10/13/2020,9:47,"Quỹ ngoại vừa nhận ""trao tay"" gần 1,2 triệu cổ phiếu FPT"
FPT,9/18/2020,12:07,"FPT lãi sau thuế 2.785 tỷ đồng sau 8 tháng, tăng 11,6%"
FPT,9/7/2020,11:33,Phó tổng giám đốc FPT Telecom trở thành Giám đốc công nghệ tập đoàn
FPT,8/28/2020,17:57,"Phó chủ tịch HĐQT FPT Bùi Quang Ngọc muốn bán ra 2,3 triệu cổ phiếu"
FPT,8/19/2020,14:06,FPT ước lãi ròng 7 tháng tăng 14% lên 1.922 tỷ đồng
FPT,8/17/2020,10:47,"Cả 3 doanh nghiệp cùng ""họ"" FPT, FOX, FRT chuẩn bị trả cổ tức bằng tiền tỷ lệ 10%"
FPT,8/7/2020,10:05,Không nhà đầu tư nào tham gia phiên đấu giá trọn lô 46 triệu cổ phần FPT từ SCIC
FPT,7/17/2020,15:26,"Chủ động ứng phó rủi ro từ Covid 19, lợi nhuận 6 tháng của FPT tăng trưởng 14%"
FPT,7/13/2020,12:01,SCIC bán đấu giá trọn lô 46 triệu cổ phần FPT với mức giá khởi điểm gần 2.300 tỷ đồng
FPT,7/10/2020,10:29,"Quỹ ngoại vừa trao tay 2,3 triệu cổ phiếu FPT"
FPT,5/22/2020,17:08,NCB ký kết Thỏa thuận hợp tác chiến lược với Tập đoàn FPT
FPT,4/11/2020,18:15,"SCIC tiếp tục kế hoạch bán vốn tại FPT, Bảo Việt, Bảo Minh năm 2020"
FPT,4/1/2020,16:18,Công ty thành viên SCIC đăng ký mua 1 triệu cổ phiếu FPT
FPT,3/31/2020,10:49,ĐH FPT trích hơn 80 tỷ đồng từ quỹ đầu tư phát triển hỗ trợ tiền học cho sinh viên
FPT,3/25/2020,10:06,Cận cảnh Khu ký túc xá của FPT ở Hòa Lạc làm chỗ cách ly 2.000 người: Đẹp không kém khách sạn và những lời nhắn gửi dễ thương
FPT,3/18/2020,9:32,"FPT báo lãi ròng 2 tháng đầu năm đạt 452 tỷ đồng, tăng 17%"
FPT,3/7/2020,11:52,"Chủ tịch FPT Trương Gia Bình: “Giờ không phải là lúc cá lớn nuốt cá bé, mà ai nhanh thì sẽ thắng trong cuộc đua này”"
FPT,2/13/2020,20:51,"Thị trường giảm sâu bởi ảnh hưởng dịch Corona, VOF VinaCapital đẩy mạnh “gom” FPT trong tháng 1"
FPT,2/13/2020,16:08,"FPT đặt mục tiêu LNTT 2020 tăng 18% lên 5.510 tỷ đồng, tăng vốn cho mảng phần mềm và giáo dục"
FPT,2/13/2020,14:00,"FPT: Khoản thưởng cuối năm cho các nhân viên mảng CNTT ảnh hưởng đến lợi nhuận, năm 2020 duy trì tăng trưởng khoảng 20%"
FPT,1/22/2020,3:19,"FPT: Lãi ròng quý 4 giảm nhẹ, cả năm tăng trưởng 20% lên 3.135 tỷ đồng"
FPT,12/28/2019,10:48,Các quỹ ngoại liên tục trao tay lượng lớn cổ phiếu FPT
FPT,12/18/2019,10:21,"FPT, TNG hoàn thành kế hoạch lợi nhuận cả năm sau 11 tháng"
FPT,12/9/2019,8:34,"""Vườn Chim"" - Nuối tiếc một đời của ông Trương Gia Bình và nỗi đau của Cofounder Visky: Khi mắc bệnh ""đột kim"", doanh số cán mốc tỷ USD, một công ty lớn khó có thể dung dưỡng một startup không làm ra tiền!"
FPT,12/8/2019,10:04,"Hối tiếc vì bỏ lỡ những thứ lớn lao tương tự Facebook hay Wechat, nhưng Chủ tịch FPT Trương Gia Bình có lẽ cần thừa nhận Vườn chim muốn thành công cần 'Thiên thời, địa lợi, nhân hòa'?"
FPT,11/22/2019,7:48,"Phó Chủ tịch FPT Bùi Quang Ngọc hoàn tất bán ra 4,5 triệu cổ phiếu, thu về 244 tỷ đồng"
FPT,11/21/2019,19:30,1.000 cuộc gọi từ tổng đài trợ lý ảo bằng trí tuệ nhân tạo và 3 nguyên lý chuyển đổi số Kaizen của FPT
FPT,11/20/2019,14:51,"Sendo huy động được 61 triệu USD vòng series C, nhà đầu tư ngoại đã nắm 61% vốn"
FPT,11/14/2019,15:21,"FPT: LNTT 10 tháng đạt xấp xỉ 4.000 tỷ đồng, tăng trưởng 26,5%"
FPT,11/5/2019,9:10,"FPT liên tục phá đỉnh, các quỹ ngoại ""tranh thủ"" trao tay lượng lớn cổ phiếu"
FPT,10/18/2019,15:05,"FPT: Lợi nhuận trước thuế 9 tháng đạt 3.507 tỷ đồng, tăng trưởng 28%"
FPT,10/7/2019,17:27,"Cựu CEO FPT Nguyễn Thành Nam: ""Cơ hội của chúng ta nằm trong chính nền giáo dục, chứ không phải công nghiệp"""
FPT,9/22/2019,14:18,"Cổ phiếu liên tiếp cùng nhau lên đỉnh, tài sản của chủ tịch Thế giới Di động và FPT tăng thêm cả nghìn tỷ đồng"
FPT,9/12/2019,15:59,"FPT công bố lợi nhuận 8 tháng tăng trưởng 30%, cổ phiếu lập đỉnh mới"
FPT,8/29/2019,18:39,Công ty con của FPT nhận gói thầu hạ tầng công nghệ Vietcombank
FPT,8/29/2019,8:08,"Điều ẩn chứa sau câu nói ""Nếu bạn không thể trở nên nổi tiếng, ít nhất bạn cũng có thể trở nên khét tiếng!"" của vị Thủ tướng 94 tuổi vẫn lái xe 100km/h"
FPT,8/28/2019,21:22,Thủ tướng Malaysia đối thoại với sinh viên Việt: Người dân Malaysia không dễ dàng tiếp cận công nghệ mới như ở Việt Nam
FPT,8/21/2019,15:18,Quỹ Hỗ trợ tăng tốc khởi nghiệp của FPT và Dragon Capital đồng sáng lập tìm kiếm các startup tiềm năng
FPT,8/13/2019,10:30,"Cổ phiếu lập đỉnh mới, FPT công bố lãi ròng 7 tháng tăng trưởng 29%"
FPT,7/23/2019,15:27,"FPT đạt 2.139 tỷ đồng LNTT trong 6 tháng, tăng trưởng 27%"
FPT,7/10/2019,18:23,"5 doanh nghiệp Việt trong bảng xếp hạng Asia300: Vinamik, Vietcombank và PetroVietnam lọp top 100, những nhân tố còn lại là ai?"
FPT,7/3/2019,16:03,"Giá chứng quyền FPT đã tăng gấp 3 giá IPO, rủi ro nào cho các CTCK"
FPT,6/20/2019,13:24,"FPT: LNTT 5 tháng tăng trưởng 22%, thị trường nước ngoài đóng góp 40%"
FPT,6/7/2019,11:55,"Tundra tăng nắm giữ tiền mặt, giảm tỷ trọng cổ phiếu FPT trong tháng 5"
FPT,5/28/2019,17:51,"POPs và Truyền hình FPT tố nhau, sự thật thuộc về ai?"
FPT,5/27/2019,11:25,"Viettel châm ngòi cuộc đua nâng dung lượng Internet, VNPT và FPT sẽ tung chiêu gì?"
FPT,5/22/2019,16:07,FPT: LNTT 4 tháng đầu năm tăng 23% lên 1.342 tỷ đồng
FPT,5/7/2019,9:36,"Khối ngoại mua 1,5 triệu cổ phiếu FPT ngay khi “hở room” do phát hành ESOP"
FPT,4/19/2019,8:20,FPT thông qua ngày chốt danh sách cổ đông trả cổ tức bằng tiền và cổ phiếu tổng tỷ lệ 20%
FPT,4/3/2019,9:57,"Nữ tướng Nguyễn Bạch Điệp và ""canh bạc"" Long Châu: Là người tiên phong, thắng làm vua thua thì làm giặc"
FPT,4/2/2019,19:51,"Chi nghìn tỷ trả cổ đông, năm thứ 6 liên tiếp FPT chia cổ tức trên 30%"
FPT,3/30/2019,8:51,"ĐHĐCĐ FPT: Năm 2019 tập trung cho chuyển đổi số, cổ đông băn khoăn khi P/E luôn thấp"
FPT,3/15/2019,8:35,Quỹ VOF thuộc VinaCapital vừa chuyển nhượng 1 triệu cổ phiếu FPT và PNJ
FPT,3/11/2019,20:06,"FPT đặt mục tiêu 4.460 tỷ đồng LNTT năm 2019, chia cổ tức 20% tiền mặt và cổ phiếu sau ĐHĐCĐ"
FPT,3/8/2019,22:32,Đường đến vị trí CEO FPT của ông Nguyễn Văn Khoa
FPT,3/8/2019,16:38,"FPT trẻ hóa ban điều hành, bổ nhiệm CEO ""7x đời cuối"" Nguyễn Văn Khoa"
FPT,2/17/2019,9:29,Nhóm VinaCapital vừa bán ra gần 4 triệu cổ phiếu FPT
FPT,2/10/2019,9:50,"Viettel, VNPT, FPT, CMC đặt những mục tiêu gì trong năm 2019?"
FPT,2/9/2019,16:51,"TGĐ FPT Bùi Quang Ngọc sẽ hết nhiệm kỳ trong năm 2019, đã đến lúc các ""công thần"" chuyển giao cho thế hệ trẻ sau 30 năm lãnh đạo?"
FPT,1/30/2019,14:19,"FPT đạt 3.852 tỷ đồng LNTT trong năm đầu tiên không còn hoạt động ""bán buôn - bán lẻ"""
FPT,1/16/2019,9:03,"Lợi nhuận của công ty vận hành báo điện tử Vnexpress giảm 13% trong quý 4, không hoàn thành kế hoạch năm"
FPT,12/13/2018,23:43,"FPT vượt chỉ tiêu lãi trước thuế sau 11 tháng, đạt 3.571 tỷ đồng"
FPT,12/9/2018,15:31,Ông Trương Gia Bình: FPT sẽ tăng gấp đôi doanh số tại Nhật Bản
FPT,11/24/2018,9:40,Quỹ ngoại vừa trao tay 4 triệu cổ phiếu FPT trị giá khoảng 172 tỷ đồng
FPT,11/13/2018,15:30,"FPT: Lợi nhuận trước thuế 10 tháng đạt 3.156 tỷ đồng, tăng trưởng 19%"
FPT,10/18/2018,17:23,"FPT: Lãi ròng 9 tháng đạt 1.828 tỷ đồng, tăng trưởng 21%"
FPT,9/14/2018,8:43,FPT Retail góp vốn thành lập công ty con Dược phẩm FPT Long Châu
FPT,9/13/2018,8:35,"FPT: Lãi ròng 8 tháng đạt 1.547 tỷ đồng, tăng trưởng 19%"
FPT,9/11/2018,6:40,"Đầu tư mạnh cho các startup dù chưa biết đi về đâu, nhưng “Shark” Louis Nguyễn đã bán ra hàng trăm tỷ đồng cổ phiếu trên TTCK Việt Nam"
FPT,9/5/2018,7:19,"Lời xin lỗi của cậu học trò, ông viện trưởng làm ""Grab xịn"" miễn phí và chuyện dùng công nghệ để làm việc tử tế"
FPT,9/1/2018,11:44,"Gần 7,6 triệu cổ phiếu FPT giá trị khoảng 335 tỷ đồng vừa được ""trao tay"""
FPT,8/14/2018,15:16,"FPT lãi ròng 1.307 tỷ đồng trong 7 tháng, 38% doanh thu đến từ nước ngoài"
FPT,7/20/2018,15:12,"FPT: Lãi ròng 6 tháng đạt 1.103 tỷ đồng, tăng trưởng 19%"
FPT,6/19/2018,9:43,"FPT: LNTT 5 tháng đạt 1.408 tỷ đồng, lợi nhuận từ nước ngoài tăng 35%"
FPT,5/21/2018,17:35,"FPT: Lãi ròng 4 tháng đầu năm đạt 726 tỷ đồng, tăng trưởng 24%"
FPT,5/14/2018,21:04,FPT xin phép thử nghiệm vận hành ôtô công nghệ tự lái
FPT,5/4/2018,7:32,FPT chốt danh sách cổ đông trả cổ tức bằng tiền và cổ phiếu thưởng tổng tỷ lệ 30%
FPT,4/8/2018,9:38,Chuyện con robot của FPT
FPT,4/7/2018,7:51,Xuất khẩu phần mềm “hích” FPT tăng trưởng cao
FPT,3/22/2018,13:02,"FPT Retail đặt kế hoạch lợi nhuận tăng trưởng 30%, chia cổ phiếu thưởng tỷ lệ 70%"
FPT,3/12/2018,16:14,"FPT đặt mục tiêu LNTT năm 2018 đạt 3.484 tỷ đồng, M&A tại Mỹ và Nhật"
FPT,2/13/2018,11:26,FPT luân chuyển CEO của 3 công ty thành viên quan trọng nhất
FPT,2/3/2018,23:10,"Không chỉ thu lãi nghìn tỷ, FPT còn nhẹ nợ khi thoái vốn khỏi mảng phân phối, bán lẻ"
FPT,1/30/2018,14:17,"Lãi lớn từ thoái vốn FPT Retail và FPT Shop, LNTT 2017 của FPT tăng 41% lên 4.249 tỷ đồng"
FPT,1/30/2018,12:30,"FPT Retail đạt 290 tỷ đồng LNST, tăng trưởng 40% so với năm 2016"
FPT,1/23/2018,9:48,Số cổ phiếu FPT trị giá khoảng 240 tỷ đồng vừa được các quỹ ngoại trao tay
FPT,1/18/2018,16:44,FPT vừa bổ nhiệm 2 Phó Tổng Giám đốc trẻ tuổi
FPT,1/12/2018,13:28,"Từng là bong bóng điển hình với mức giá gần 700.000 đồng, FPT đã tái lập đỉnh cũ nhưng với tình cảnh trái ngược"
FPT,12/22/2017,19:45,Mảng phân phối và bán lẻ của FPT tăng trưởng mạnh trong 11 tháng
FPT,12/22/2017,9:42,Các thương vụ bán vốn tiêu biểu năm 2017
FPT,12/21/2017,11:47,"Lợi nhuận trước thuế 11 tháng của FPT đạt 2.990 tỷ đồng, tăng trưởng 14%"
FPT,12/11/2017,16:00,"Bất chấp thị trường “đổ máu”, một cổ phiếu lặng lẽ tăng 100% khi giành được thị phần của FPT"
FPT,12/8/2017,16:35,Chủ tịch FPT Retail bỏ tiền túi mua chuỗi nhà thuốc Long Châu để thử nghiệm trước khi công ty quyết định ‘xuống tiền’
FPT,12/5/2017,15:24,"Chủ tịch FPT Trương Gia Bình: Kỷ nguyên 4.0 là “cá nhanh ăn cá chậm”, không còn là “cá lớn nuốt cá bé”"
FPT,12/4/2017,20:00,"Ông Hoàng Nam Tiến ""kể thật"" về chuyện chửi sếp Trương Gia Bình và văn hóa ""tôn trọng sự khác biệt"" ở FPT"
FPT,11/30/2017,11:16,"Quá hạn công bố giá khởi điểm, SCIC lùi thời điểm bán vốn tại NTP, BMP, FPT"
FPT,11/30/2017,10:03,RongViet Research: FPT có thể ghi nhận gần 1.000 tỷ đồng lợi nhuận từ việc thoái vốn FPT Retail và FPT Trading
FPT,11/27/2017,13:34,Ông Nguyễn Thành Nam: Tôi tự hào vì từng đi lạc lối
FPT,11/23/2017,11:04,Cựu CEO FPT không chọn ông Trương Gia Bình vào danh sách 10 nhân vật có ảnh hưởng nhất trong lĩnh vực Internet của mình
FPT,11/21/2017,10:47,LNST 10 tháng của FPT đạt 2.226 tỷ đồng - tăng 11% so với cùng kỳ
FPT,11/20/2017,9:44,Những điều cần biết khi muốn nhập cuộc chơi mua cổ phần tại doanh nghiệp do SCIC thoái vốn
FPT,11/19/2017,11:19,"FPT Online: Lãi sau thuế 9 tháng đạt 149 tỷ đồng, 80% tài sản là tiền mặt và tiền gửi"
FPT,11/18/2017,18:25,"SCIC công bố thời điểm đưa ra mức giá bán cổ phần tại BMP, NTP, FPT và DMC"
FPT,11/18/2017,18:24,"SCIC sẽ bán gần 6% vốn tại FPT, tiếp tục nắm giữ trên 50% cổ phần của FPT Telecom"
FPT,11/15/2017,11:19,"Tâm điểm bán vốn SCIC cuối năm: VCG, FPT, BMP, NTP, DMC liệu có ‘nuột’ như Vinamilk?"
FPT,11/13/2017,8:17,Phó Tổng Giám đốc FPT dùng số liệu để chứng minh nhận định của Tổng thống Donald Trump không xã giao
FPT,11/1/2017,8:18,Công nghệ xe ô tô tự lái của FPT lần đầu được thử nghiệm thực tế
FPT,10/31/2017,7:29,"Ban nghiên cứu phát triển kinh tế tư nhân: “Không có lợi ích nhóm, không có tư lợi gì ở đây!”"
FPT,10/28/2017,8:48,Thu học phí bằng bitcoin: Rủi ro lớn!
FPT,10/26/2017,7:12,"Phó Chủ tịch FPT Bùi Quang Ngọc muốn chuyển nhượng 1,5 triệu cổ phiếu sang cho Hiệu trưởng Đại học FPT"
FPT,10/16/2017,7:35,"Chủ tịch Vicostone Hồ Xuân Năng bước chân vào lĩnh vực giáo dục, trở thành tân Chủ tịch đại học Thành Tây"
FPT,9/29/2017,14:13,Những con số bất ngờ về đầu tư ra nước ngoài của doanh nghiệp Việt
FPT,9/19/2017,20:29,"Sau khi bán con, FPT sẽ lại càng thêm ""đau đầu"" với lượng tiền mặt có thể lên đến cả chục nghìn tỷ đồng"
FPT,9/15/2017,21:53,"Mạng internet của FPT bất ngờ ""sập"" trên diện rộng, số điện thoại tổng đài cũng vô hiệu"
FPT,9/15/2017,17:09,"Sau 29 năm là công ty ""bán buôn-bán lẻ”, giờ đây FPT mới thực sự trở thành công ty công nghệ nhờ một quyết định nhỏ"
FPT,9/13/2017,19:57,Chủ tịch FPT tuyên bố rút dần ở mảng thương mại để đầu tư vào công nghệ
FPT,9/13/2017,11:46,HSC: FPT có thể thu lợi nhuận 1.380 tỷ từ bán 52% vốn FPT Trading và 40% vốn FPT Retail
FPT,9/12/2017,9:29,"FPT Trading được định giá không thấp hơn 80 triệu USD, bán 47% cổ phần cho nhà đầu tư chiến lược nước ngoài"
FPT,9/7/2017,14:43,"Ngày càng khó bán điện thoại cho các cửa hàng, FPT Trading đang phải chật vật tìm đường sống như thế nào?"
FPT,8/19/2017,10:35,"7 tháng, FPT lãi 1.086 tỷ đồng, FPT Shop thu về hơn 35 tỷ đồng mỗi ngày"
FPT,8/15/2017,20:06,CEO VNPT Technology: Nhận thức của xã hội về sản phẩm công nghệ trong nước cần được thay đổi
FPT,8/14/2017,10:28,Cổ đông FPT đừng vội mừng: Khả năng cao sẽ không có lợi nhuận đột biến từ thoái vốn FPT Shop trong quý 3
FPT,8/3/2017,11:48,"Quỹ đầu tư lớn nhất Việt Nam bán bớt FPT, rót thêm cả chục triệu USD vào Thế giới Di động"
FPT,8/2/2017,10:16,"FPT chốt phương án thoái vốn, có thể sẽ tiến hành IPO FPT Shop?"
FPT,8/1/2017,7:27,Những phát ngôn ấn tượng tại Diễn đàn kinh tế tư nhân lần thứ hai
FPT,7/21/2017,8:52,"Bphone gặp thách thức gì khi tuyên bố tỷ lệ nội địa hóa trước cơn bão iPhone, Samsung, Oppo?"
FPT,7/5/2017,12:11,"Những loài vật được ví von là biểu tượng của FPT, Thế giới Di động, Viettel, Vietjet Air, và Masan"
FPT,6/23/2017,8:06,"FPT Shop từng định dùng chiến lược ""đàn kiến vây quanh con voi"" để bán hàng"
FPT,6/22/2017,14:46,"Khối Công nghệ - viễn thông tăng trưởng mạnh, FPT đạt gần 980 tỷ đồng LNST trong 5 tháng đầu năm"
FPT,6/21/2017,20:52,"FPT, FUCVREIT, S74: Thông tin giao dịch lượng lớn cổ phiếu"
FPT,6/21/2017,11:30,Phó tổng giám đốc FPT đã mua 150.000 cổ phiếu FPT
FPT,6/18/2017,8:00,"[Cổ phiếu hoa hậu] Âm thầm đi lên, cổ phiếu FPT đang chứng tỏ sự chuyển mình sau nhiều năm trì trệ?"
FPT,6/13/2017,21:21,"Cổ phiếu FPT liên tục lập đỉnh mới, Phó TGD Dương Dũng Triều vẫn muốn mua vào"
FPT,6/13/2017,14:07,"FPT Trading – từ ""con gà đẻ trứng vàng"" của FPT đến viễn cảnh chật vật mưu sinh"
FPT,6/12/2017,14:42,FPT hoàn tất bán FPT Trading cho tập đoàn Synnex?
FPT,5/18/2017,11:10,FPT đạt hơn 900 tỷ đồng lợi nhuận trước thuế trong 4 tháng đầu năm
FPT,5/16/2017,16:55,FPT thâu tóm dự án “đất vàng” ở quận Cầu Giấy từ Constrexim Holdings
FPT,4/8/2017,10:30,Rào cản tri thức khiến cho cách mạng công nghiệp 4.0 sẽ chưa có tác động nhiều tới Việt Nam trong ngắn hạn
FPT,3/31/2017,14:35,ĐHCĐ FPT: Thông qua phương án trả cổ tức với tổng tỷ lệ 35%
FPT,3/27/2017,21:34,"Giá cổ phiếu FPT đang lên, Đầu tư SCIC muốn bán bớt gần 900.000 cổ phiếu"
FPT,3/22/2017,13:56,Chờ đợi gì ở FPT?
FPT,3/21/2017,19:50,Một quyết định nhỏ của Apple và Microsoft đã “thổi bay” cả nghìn tỷ doanh thu và gần 300 tỷ lợi nhuận của FPT
FPT,3/16/2017,22:43,FPT sắp phát hành lượng cổ phiếu ESOP trị giá hơn trăm tỷ đồng
FPT,3/13/2017,20:57,FPT trình ĐHCĐ thông qua phương án chia cổ tức 20% cho năm 2017
FPT,3/13/2017,18:05,"FPT không hoàn thành kế hoạch năm 2016 do...""giấc mơ điện thoại Microsoft"" tan vỡ"
FPT,3/7/2017,15:21,Từ chuyên viên bán hàng thành “người đàn bà quyền lực” ở FPT
FPT,3/1/2017,7:00,"10 năm trước có giá 850.000 đồng, cổ phiếu một thời đắt giá nhất TTCK Việt Nam hiện chỉ ngang giá chai nước ngọt"
FPT,2/23/2017,11:40,FPT có Giám đốc Công nghệ Thông tin mới
FPT,2/23/2017,11:38,"​Cựu CEO FPT kể chuyện khởi nghiệp bán mỹ phẩm ở tuổi tứ tuần, sau 1 năm doanh số tăng 1.600%"
FPT,2/19/2017,6:32,FPT chốt quyền tham dự Đại hội cổ đông thường niên năm 2017
FPT,2/13/2017,15:46,"Năm 2017, FPT đặt mục tiêu lãi 3.408 tỷ đồng tăng trưởng 13%"
FPT,1/26/2017,22:23,"Ảnh hưởng từ chính sách của Apple và ngừng bán Lumina, FPT vẫn đạt 3.014 tỷ đồng LNTT năm 2016"
FPT,1/20/2017,11:06,"FPT, Viettel và chuyện Chủ tịch FPT Software so sánh độ đẹp trai của mình với David Beckham"
FPT,1/13/2017,7:00,"Thứ 6 ngày 13, ""họ"" FPT đưa 2 thành viên lên sàn chứng khoán"
FPT,1/5/2017,10:43,10 năm đi ngang của ông lớn FPT: Bi kịch của kẻ số 1 và có quá nhiều tiền!
FPT,12/31/2016,7:52,Chủ tịch FPT Software: Làm startup cô đơn hơn cả làm lãnh đạo
FPT,12/30/2016,11:17,"Ông Nguyễn Khắc Thành thôi làm Phó TGĐ của FPT, sang làm hiệu trưởng Đại học FPT"
FPT,12/21/2016,14:07,"Tiếp bước FPT Telecom, FPT Online chốt danh sách cổ đông để lên Upcom"
FPT,12/21/2016,8:35,FPT bán cổ phần tại FPT Shop không phải vì tiền?
FPT,12/20/2016,15:40,"FPT đạt hơn 2.600 tỷ đồng lợi nhuận sau 11 tháng, mới chỉ hoàn thành 83% kế hoạch"
FPT,12/14/2016,14:59,"10 năm qua, thế giới công nghệ đã đổi thay rất nhiều, còn FPT thì sao?"
FPT,12/13/2016,14:36,Tròn 10 năm lên sàn: Sự thận trọng của ông Trương Gia Bình đã khiến FPT bỏ lỡ những cơ hội vàng để lên ngôi “bá chủ”?
FPT,12/9/2016,12:32,FPT Telecom được cấp mã chứng khoán FOX
FPT,12/8/2016,22:08,FPT sẽ chi 50 triệu USD/năm để M&A
FPT,12/6/2016,5:09,"155 cán bộ công nghệ cấp tập đoàn trong tổng số 30.000 nhân viên FPT có thu nhập trên 2.000 USD/tháng, nhưng..."
FPT,11/29/2016,13:34,"FPT phản hồi: Việc thay bảng giá bán của FPT Shop không mất đến 1 tuần, mà chỉ tốn 10 phút"
FPT,11/26/2016,9:37,Hiệu trưởng trẻ nhất Việt Nam Đàm Quang Minh sẽ rời Đại học FPT
FPT,11/22/2016,14:59,"Tăng 2%, doanh thu 10 tháng của FPT đạt gần 32.000 tỷ đồng"
FPT,10/24/2016,11:39,"FPT đạt 754 tỷ đồng lợi nhuận trước thuế trong quý 3, tăng trưởng 22% so với cùng kỳ"
FPT,10/19/2016,15:53,Khẳng định là ‘mối hợp tác bất thường’ nhưng FPT và Vinamilk vẫn quyết đặt sữa cạnh smartphone vì lý do này!
FPT,10/18/2016,9:48,FPT Retail bắt tay Vinamilk mở chuỗi cửa hàng bán sữa
FPT,10/17/2016,11:01,"Nỗi buồn tuổi 60 của chủ tịch FPT: Nguy cơ thua kém Thế giới Di động về cả vốn hóa, lợi nhuận lẫn doanh thu"
FPT,10/8/2016,8:41,Chủ tịch Trương Gia Bình: Máy móc sẽ thay thế con người trong một số việc tại FPT
FPT,10/1/2016,20:00,SCIC thoái vốn tại FPT và FPT Telecom: Mẹ & Con – Ai hấp dẫn hơn?
FPT,9/28/2016,5:27,"Cổ phiếu FPT liên tục phá đỉnh, Đầu tư SCIC tính bán chốt lãi"
FPT,9/27/2016,16:37,Nhóm Dragon Capital nâng tỷ lệ sở hữu tại FPT lên 9%
FPT,9/27/2016,2:00,"Liên tục phá sản vì nghe lời chuyên gia Harvard, FPT lại thành công nhờ hành xử theo kiểu Việt Nam"
FPT,9/23/2016,11:14,"FPT thỏa thuận 22,5 triệu cổ phiếu, Red River Holding đã hoàn tất việc thoái vốn?"
FPT,9/19/2016,9:30,"CEO FPT lên tiếng sau khi bị nhân viên chế nhạc, đóng kịch mỉa mai, giục về hưu"
FPT,9/18/2016,17:00,"Đóng kịch giục ông Trương Gia Bình về hưu, mỉa mai CEO, nhân viên FPT được thưởng ""ngoài"" 10 triệu đồng"
FPT,9/18/2016,9:40,“Hãy chuẩn bị cho FPT không có Trương Gia Bình”
FPT,9/17/2016,9:53,"8 tháng đầu năm, FPT đạt 1.119 tỷ đồng lợi nhuận sau thuế"
FPT,9/15/2016,10:36,"Chủ tịch FPT 60 tuổi, nhân viên hát “Time to say goodbye”"
FPT,9/13/2016,8:36,"Mảng viễn thông tăng trưởng chóng mặt, FPT đang sốt sắng chuẩn bị tiền mua lại FPT Telecom từ SCIC?"
FPT,9/12/2016,21:57,"Red River bán ra 3,7 triệu cổ phiếu FPT trong ngày cổ phiếu này đạt đỉnh"
FPT,9/1/2016,0:00,"Chủ tịch FPT Software Hoàng Nam Tiến: ""Giấc mơ đẹp là tốt nhưng mơ xong rồi cũng phải tỉnh"""
FPT,8/31/2016,10:13,"Buông 12 “ông lớn”, nhà nước có ngay 7 tỉ USD"
FPT,8/30/2016,17:22,Công ty Cổ phần Chứng khoán FPT tuyển dụng chuyên viên phân tích kỹ thuật
FPT,8/24/2016,20:38,FPT sẽ đóng cửa nhacSO.net
FPT,8/23/2016,11:29,"FPT Shop: 7 tháng đầu năm mở mới 80 cửa hàng, doanh thu đạt trên 5.500 tỷ đồng"
FPT,8/22/2016,22:17,"""Soi"" lý do sếp FPT ""bêu"" người Việt lười, nghèo: Chuẩn khỏi chỉnh!?"
FPT,8/21/2016,13:49,FPT lãi 1.207 tỷ đồng sau 7 tháng năm 2016
FPT,8/21/2016,10:00,Câu chuyện sau đây của cố vấn cao cấp FPT sẽ cho các ông chủ lý do để trả lương thật cao cho nhân viên giỏi
FPT,8/16/2016,10:40,"Giá cổ phiếu chỉ 7.000 đồng, HiPT Group (HIG) bất ngờ mua lại cổ phiếu với giá 20.000 đồng"
FPT,7/27/2016,7:59,"FPT chốt quyền tạm ứng cổ tức năm 2016, ông Trương Gia Bình sắp nhận về 32 tỷ đồng"
FPT,7/26/2016,11:00,"FPT nửa đầu 2016: Nỗi buồn lớn mang tên iPhone, kỳ vọng nhiều vào phần mềm"
FPT,7/25/2016,13:10,"Trương Đình Anh đã ""chào"" Việt Nam khi ước mơ làm Thủ tướng không thành, còn các công ty có dấu ấn cũ giờ ra sao?"
FPT,7/23/2016,15:27,FPT đạt 1.258 tỷ đồng lợi nhuận sau thuế trong 6 tháng đầu năm
FPT,7/16/2016,20:58,Sếp FPT: “Hãy giúp đỡ trước khi ra mệnh lệnh đó mới là lãnh đạo đúng nghĩa”
FPT,7/12/2016,21:46,"Quỹ ngoại trao tay hơn 1,4 triệu cổ phiếu FPT"
FPT,7/12/2016,21:45,"FPT: Câu chuyện của người loay hoay mãi tìm đường đổi mới, sáng tạo"
FPT,7/10/2016,15:00,"Cố vấn cao cấp FPT ""ngỡ ngàng"" với thành công khởi nghiệp của cô gái Trung Quốc"
FPT,7/8/2016,8:49,Giá trị của Thế giới Di động sắp vượt giá trị của cả tập đoàn FPT
FPT,7/1/2016,11:14,15.800m2 “đất vàng” Cầu Giấy của CTX Holdings có khả năng về tay FPT
FPT,6/24/2016,15:14,"5 tháng đầu năm, FPT đạt 1.037 tỷ đồng lợi nhuận trước thuế"
FPT,5/23/2016,20:51,FPT đặt mục tiêu doanh thu 100 triệu USD tại Mỹ trong năm nay
FPT,5/21/2016,8:18,Khoảng 4 tháng nữa sẽ chốt phương án bán cổ phần FPT Shop
FPT,5/17/2016,14:53,FPT chốt quyền trả cổ tức bằng tiền 10% và cổ phiếu 15%
FPT,5/10/2016,11:33,Nghĩ đến nới Room nên chừa FPT ra?
FPT,5/2/2016,12:44,"Thị trường trong nước chưa hồi phục, FPT báo lãi trước thuế 563 tỷ đồng - giảm 13%"
FPT,4/28/2016,15:37,"Thiếu vắng cổ phiếu dẫn dắt, 2 chỉ số chìm trong sắc đỏ"
FPT,4/28/2016,5:36,FPT sắp chốt quyền nhận cổ tức và cổ phiếu tổng tỷ lệ 25%
FPT,4/16/2016,8:41,Oppo Việt Nam bất ngờ thông báo thu hồi điện thoại Oppo do FPT phân phối
FPT,4/16/2016,8:37,Vingroup là đối tác sáng giá nhất để FPT bán lại FPT Shop
FPT,4/11/2016,17:44,Nhân viên FPT “tạm lãi” 75 tỷ đồng ngay khi nộp tiền mua cổ phiếu Esop
FPT,4/7/2016,9:00,"Nhiều năm ""long đong"" sau khi bị FPT bán đi, Tháp Láng Hạ cuối cùng đã trở thành trụ sở của VPBank"
FPT,3/31/2016,17:18,ĐHCĐ FPT: FPT chưa thể nới room ngoại
FPT,3/31/2016,12:52,"Muốn giảm mạnh số thành viên Hội đồng quản trị, FPT đang lo sợ gì?"
FPT,3/30/2016,8:59,Những ai đang sở hữu ngân hàng Tiên Phong sau khi được Doji “giải cứu”?
FPT,3/29/2016,10:07,"SCIC đưa người vào HĐQT doanh nghiệp: Hiệu quả mù mờ, thù lao tiền tỷ"
FPT,3/28/2016,21:12,FPT: Cổ đông ngoại trao tay số cổ phiếu trị giá trăm tỷ
FPT,3/25/2016,18:00,Nhân viên FPT chuẩn bị nhận cổ phiếu Esop trị giá gần 100 tỷ đồng
FPT,3/24/2016,11:31,"Nokia và Apple thay đổi chính sách, FPT có nguy cơ sụt giảm doanh thu"
FPT,3/24/2016,9:17,Mekong Capital sẽ có cuộc thoái lui lịch sử?
FPT,3/22/2016,14:27,Dàn lãnh đạo FPT nhận mức lương trung bình 250 triệu/tháng
FPT,3/21/2016,14:23,"FPT rất đúng đắn khi muốn bán FShop, và Thế giới di động cũng nên làm như vậy!"
FPT,3/19/2016,20:48,"Chi nghìn tỷ cho mảng công nghệ, FPT kỳ vọng tăng trưởng lợi nhuận mảng này trên 30%"
FPT,3/17/2016,17:43,Chủ tịch TGDĐ: Không ngại nếu người khác mua FPT
FPT,3/15/2016,14:16,"Chủ tịch FPT Trương Gia Bình: ""Những đứa trẻ ngoan ngoãn biết nghe lời sau này sẽ không làm nên chuyện"""
FPT,3/13/2016,17:44,FPT dự kiến trả cổ tức bằng tiền mặt với tỷ lệ 20% cho năm 2016
FPT,3/1/2016,17:09,Thế giới Di động vs. FPT Shop: Cá ăn kiến hay kiến ăn cá?
FPT,2/15/2016,15:10,"FPT thu về hơn 220 triệu USD từ thị trường nước ngoài, tăng trưởng 40%"
FPT,2/15/2016,11:58,"Lãi cao kỷ lục, nhưng cổ đông FPT sẽ bớt vui khi nhìn thấy điều này"
FPT,1/28/2016,17:17,"FPT bổ nhiệm ""lão tướng"" Đỗ Cao Bảo làm Phó Tổng giám đốc"
FPT,1/19/2016,11:50,"The Caravel đã bán nội khối ngoại gần 2,5 triệu cổ phiếu FPT trong ngày thứ 2 đen tối"
FPT,1/15/2016,10:10,Bức xúc bởi được FPT tri ân
FPT,11/29/2015,13:08,"Dù SCIC thoái vốn, Vinamilk vẫn lọt vào danh sách 300 DN có giá nhất Châu Á"
FPT,11/26/2015,17:16,"FPT giảm mạnh, Công ty đầu tư SCIC tiếp tục “lướt sóng”"
FPT,11/16/2015,9:00,[Chart] Diễn biến cổ phiếu thoái vốn của SCIC sau 1 tháng công bố
FPT,11/15/2015,10:20,Có sợ “gà đẻ trứng vàng” rơi vào tay doanh nghiệp nước ngoài?
FPT,11/10/2015,14:58,Chứng khoán cuối năm: Đầu tư thế nào?
FPT,11/9/2015,18:34,Đầu tư SCIC thoái vốn khỏi FPT trong lúc cổ phiếu tăng mạnh
FPT,11/9/2015,10:03,Apple vào Việt Nam: Điều gì sẽ thay đổi?
FPT,11/4/2015,11:48,"FPT lãi ròng 9 tháng 1.270 tỷ đồng, EPS đạt 3.202 đồng/cp"
FPT,11/2/2015,12:02,“Con cưng” của FPT lãi ròng 643 tỷ đồng 9 tháng đầu năm
FPT,10/28/2015,8:29,"Ông Đặng Thành Tâm: ""Rất tiếc khi bán Vinamilk, FPT... có tiền tôi cũng mua"""
FPT,10/27/2015,17:02,Thoái vốn 10 doanh nghiệp lớn không phải vì mục tiêu ngân sách
FPT,10/26/2015,9:00,Muachung Plaza khuyến mại khủng với Laptop chính hãng FPT giá chỉ 1000Đ
FPT,10/22/2015,14:42,Chọn thời điểm bán vốn nhà nước có lợi nhất
FPT,10/22/2015,10:57,"Bà Phạm Chi Lan: Không bán ''bò sữa tỷ đô"" lấy tiền đầu tư vô bổ"
FPT,10/17/2015,5:57,"Thoái vốn khỏi Vinamilk, SCIC sống dựa vào đâu?"
FPT,10/16/2015,20:58,"SCIC chưa quyết thời điểm thoái vốn khỏi Vinamilk, FPT"
FPT,10/15/2015,10:58,Những cái tên sáng giá sẽ chi 3 tỷ USD mua cổ phiếu của SCIC
FPT,10/14/2015,11:50,"FPT, CMC, VTC sẽ rời bỏ cuộc chơi 4G?"
FPT,10/14/2015,10:12,"VnIndex “rớt” mốc 590 điểm, JVC tăng trần phiên thứ 2 liên tiếp"
FPT,10/9/2015,11:05,"FPT tăng gần 5%, Đầu tư SCIC tranh thủ “lướt sóng”"
FPT,9/21/2015,9:46,FPT đạt gần 1.800 tỷ LNTT sau 8 tháng đầu năm
FPT,9/6/2015,9:22,"Sau khi bán, công ty con của SCIC lại đăng ký mua vào cổ phiếu FPT"
FPT,8/19/2015,11:59,"FPT: Mảng phân phối- bán lẻ vẫn tăng trưởng mạnh, 7 tháng đầu năm lãi 1.536 tỷ đồng"
FPT,8/18/2015,9:28,1 tỷ USD từ thị trường nước ngoài của FPT liệu có khả thi?
FPT,8/10/2015,9:12,FPT: Tăng trưởng trong nửa đầu năm 2015 vẫn phụ thuộc lớn vào mảng phân phối và bán lẻ
FPT,8/3/2015,14:59,Công ty con của SCIC đã bán hết cổ phần tại VNM và thoái vốn khỏi FPT
FPT,7/31/2015,13:00,"FPT tăng vốn cho 3 công ty con thêm 460 tỷ, tạm ứng cổ tức 10%"
FPT,7/29/2015,10:52,"6 tháng đầu năm 2015, FPT báo lãi trước thuế 1.350 tỷ đồng - tăng 10%"
FPT,7/17/2015,21:13,"6 tháng đầu năm, doanh thu ngành viễn thông đạt 177.761 tỷ đồng"
FPT,7/16/2015,8:49,Nhóm cổ đông Dragon Capital chuyển nhượng 3 triệu cổ phiếu FPT cho Wasatch
FPT,7/8/2015,15:26,FPT chính thức được kinh doanh viễn thông tại Myanmar
FPT,6/19/2015,10:59,Lợi nhuận trước thuế 5 tháng của FPT tăng trưởng 12%
FPT,6/9/2015,14:46,"FPT đã phát hành 51,8 triệu cổ phiếu trả cổ tức 2014 tỷ lệ 15%"
FPT,6/8/2015,17:23,FPT mở thêm Trung tâm đón việc từ Nhật Bản
FPT,6/5/2015,17:08,“Doanh nhân Việt đã bắt đầu có tư duy toàn cầu”
FPT,6/4/2015,11:20,"FPT Software: Khai trương văn phòng thứ 20 tại Philippines, tuyển 4.000 người trong năm 2015"
FPT,5/25/2015,20:00,"ITA, FPT, SGH, GLT: Giao dịch cổ phiếu của các tổ chức nước ngoài"
FPT,5/25/2015,17:47,"VNM, KDC, SDU, PET, BBC, KSD, SJD, KTS, SHN: Thông tin giao dịch lượng lớn cổ phiếu"
FPT,5/20/2015,14:58,FPT lý giải nguyên nhân tăng trưởng mạnh lợi nhuận 4 tháng đầu năm
FPT,5/19/2015,10:35,"FPT: 4 tháng đạt gần 12.680 tỷ đồng doanh thu, tăng 30% so với cùng kỳ"
FPT,5/13/2015,11:46,"Kuroto Fund mua 1,8 triệu cổ phiếu FPT từ 4 tổ chức ngoại"
FPT,5/5/2015,0:13,"FPT thống nhất trả cổ tức 2014 tỷ lệ 10% bằng tiền mặt, 15% bằng cổ phiếu"
FPT,5/4/2015,14:53,FPT “trảm” 4 cán bộ có dấu hiệu tham nhũng
FPT,5/1/2015,7:43,"Intel bắt tay với FPT Shop, ngó lơ các chuỗi bán lẻ khác?"
FPT,4/28/2015,8:56,"FPT phát hành thành công 1,7 triệu cổ phiếu ESOP"
FPT,4/24/2015,8:52,Sự cố cáp AAG không xuất phát từ nguyên nhân tự nhiên?
FPT,4/21/2015,13:56,FPT tăng 30% doanh thu trong Quý 1
FPT,4/8/2015,1:24,Chuyện cũ của FPT: Công ty Công nghệ hay Công ty Bán buôn bán lẻ?
FPT,4/7/2015,15:05,FPT bổ nhiệm mới Giám đốc Điều hành và Giám đốc M&A
FPT,4/3/2015,15:01,"[Trực tiếp] ĐHCĐ FPT: Qúy 1 ước lãi hơn 600 tỷ, tăng 10%"
FPT,4/3/2015,8:01,FPT quay lại thời kỳ tăng trưởng lợi nhuận 2 chữ số ?
FPT,3/31/2015,21:45,Lãnh đạo FPT sắp được nhận cổ phiếu ESOP trị giá 82 tỷ đồng
FPT,3/28/2015,9:13,Tỷ phú đô la thích trồng rau
FPT,3/26/2015,14:04,Cổ tức cao nhìn từ lực doanh nghiệp
FPT,3/24/2015,15:32,"FPT: Năm 2015 đặt kế hoạch 2.850 tỷ đồng LNTT, thu hẹp mảng game online"
FPT,3/19/2015,17:53,FPT: Trình ĐHCĐ trả cổ tức năm 2015 tỷ lệ 20% sau khi trả cổ tức bằng cổ phiếu 15%
FPT,3/18/2015,23:58,"FPT, CSC, STT, TCO: Thông tin giao dịch lượng lớn cổ phiếu"
FPT,3/12/2015,18:08,"PCT, SDE, KSD, FPT: Thông tin giao dịch lượng lớn cổ phiếu"
FPT,3/10/2015,14:52,Cựu Giám đốc Toàn cầu của Wipro đầu quân cho FPT Mỹ
FPT,2/28/2015,19:45,Chủ tịch TP.Đà Nẵng mong muốn thành phố trở thành thủ phủ của FPT
FPT,2/16/2015,18:18,FPT: 34% lợi nhuận 2014 đến từ mảng Viễn thông
FPT,2/6/2015,12:47,"Đại gia Việt bám trụ 'đất vàng' Myanmar: Ai còn, ai mất?"
FPT,1/29/2015,17:04,FPT đặt kế hoạch tăng trưởng 16% lợi nhuận trước thuế năm 2015
FPT,1/25/2015,8:20,"FPT Software đạt doanh thu 2.900 tỷ đồng năm 2014, tăng trưởng 35%"
HPG,12/13/2024,17:42,Trung tâm hội chợ triển lãm của tỷ phú Phạm Nhật Vượng sẽ dùng 10.000 tấn ống thép cỡ lớn của tỷ phú Trần Đình Long
HPG,11/25/2024,14:10,Tỷ phú Trần Đình Long đích thân đi ‘thực địa’ nước ngoài tìm công nghệ: Hòa Phát sản xuất được thép ray tốt nhất như Châu Âu cho đường sắt cao tốc bắc nam
HPG,11/11/2024,14:17,"Chủ tịch Trần Đình Long cam kết cấp đủ 6 triệu tấn thép làm đường sắt cao tốc, rẻ hơn giá thép nhập khẩu"
HPG,10/29/2024,0:03,"Hòa Phát và những con số ""biết nói"""
HPG,10/28/2024,20:59,"""Không bỏ trứng vào một giỏ"", Hòa Phát tiếp tục chu kỳ tăng trưởng mới"
HPG,10/8/2024,16:26,Hòa Phát đã nộp 10.000 tỷ đồng vào ngân sách Nhà nước trong 9 tháng 2024
HPG,9/27/2024,14:27,Ủy ban châu Âu giới hạn 15% đối với nhập khẩu HRC từ Việt Nam: Hòa Phát chịu ảnh hưởng như thế nào?
HPG,9/24/2024,0:01,Hoà Phát (HPG) của tỷ phú Trần Đình Long có thể lãi ròng gần 13.000 tỷ trong năm sau nhờ siêu dự án tỷ USD Dung Quất 2 đi vào hoạt động?
HPG,9/23/2024,15:07,Cơ sở nào để tỉ phú Trần Đình Long khẳng định sản xuất được thép cho dự án đường sắt cao tốc?
HPG,9/20/2024,16:05,"Funiki ra mắt bộ sưu tập chảo chống dính: Chuẩn bền, chuẩn chống dính"
HPG,9/20/2024,10:48,"Xuất khẩu thép xây dựng của Hòa Phát được dự báo tăng hơn 50% trong năm 2024 nhờ vào thị trường Thái Lan, Malaysia"
HPG,9/13/2024,11:27,Hòa Phát xếp thứ 16 trong Top 100 thương hiệu giá trị nhất Việt Nam
HPG,9/9/2024,7:49,"Lợi nhuận nửa đầu năm gấp 4 lần cùng kỳ, Hòa Phát mạnh tay chi 106 tỷ đồng trả thù lao cho HĐQT, gấp 1,6 lần cả năm 2023"
HPG,9/5/2024,0:06,"21 phiên ""xả hàng"" liên tiếp, khối ngoại bán ròng kỷ lục hơn 100 triệu cổ phiếu Hòa Phát trong một tháng, điều gì đang xảy ra?"
HPG,8/22/2024,14:32,Tỷ phú Trần Đình Long đích thân kiểm tra đốc thúc tiến độ 'cú đấm thép' 85.000 tỷ của Hòa Phát
HPG,8/22/2024,9:57,"Khối ngoại liên tục bán ròng HSG, HPG, cổ phiếu ngành thép không còn hấp dẫn?"
HPG,8/15/2024,15:30,Hòa Phát nộp ngân sách 7.400 tỷ đồng trong 6 tháng
HPG,8/9/2024,11:07,"VCBS: Các DN thép xây dựng đang cắt giảm nhân sự, thanh lý tài sản, bán cổ phần để duy trì nguồn vốn hoạt động"
HPG,8/5/2024,11:01,Một công ty chứng khoán dự báo Hòa Phát đạt gần 13.000 tỷ lợi nhuận trong năm nay
HPG,7/31/2024,17:31,"Doanh thu quý 2 của Hoà Phát tiến về sát đỉnh lịch sử đạt gần 40.000 tỷ, lợi nhuận tăng 120% lên cao nhất 2 năm nhưng HRC là “điểm tối”"
HPG,7/23/2024,12:36,"Doanh nghiệp bất động sản đem gần nửa tài sản đi đầu tư chứng khoán, lãi lớn với HPG, DGC nhưng lỗ nặng với cổ phiếu NVL"
HPG,6/27/2024,11:14,"Lợi nhuận 2023 tăng đột biến, doanh nghiệp cung cấp sơn cho Hòa Phát đặt kế hoạch doanh thu kỷ lục, trả cổ tức tiền mặt tỷ lệ cao bất ngờ"
HPG,6/25/2024,15:22,Sản lượng xuất khẩu tôn mạ của Hòa Phát tăng gần gấp đôi so với cùng kỳ
HPG,6/21/2024,0:06,"FPTS: Ngoài kiện chống bán phá giá, tỷ phú Trần Đình Long có thể 'thắng' giá HRC Trung Quốc nhờ một yếu tố"
HPG,6/17/2024,11:27,"Bộ Công thương có động thái mới với các vụ kiện chống bán phá giá thép mạ và HRC nhập khẩu, cổ phiếu Hòa Phát, Tôn Đông Á, Hoa Sen, Nam Kim... đồng loạt 'nổi sóng'"
HPG,6/15/2024,4:59,"Quỹ ETF ngoại quy mô hơn 500 triệu USD thêm mới CTR, EVF, dự kiến mua mạnh cổ phiếu “họ” Vingroup nhưng sẽ bán bớt HPG, NVL, PDR,…"
HPG,6/8/2024,9:00,"Thép Hòa Phát Hải Dương bị phạt hơn 1,5 tỷ đồng do chiếm đất nông nghiệp để xây dựng"
HPG,6/7/2024,16:05,"Chủ tịch Trần Đình Long đích thân thị sát, đốc thúc tiến độ dự án Dung Quất 2"
HPG,6/6/2024,14:23,"Hòa Phát đạt cột mốc chưa doanh nghiệp Việt Nam nào làm được, cổ phiếu neo vùng đỉnh hai năm"
HPG,5/15/2024,11:35,Doanh thu Hòa Phát của tỷ phú Trần Đình Long được dự báo 'phình to' gấp đôi ngay sau khi siêu dự án Dung Quất 2 đi vào hoạt động từ 2025
HPG,5/9/2024,7:23,"Sản lượng bán hàng lần đầu vượt 800.000 tấn sau 2 năm, cổ phiếu tăng liền 4 phiên kéo vốn hóa của Hòa Phát vượt PV Gas, Vingroup, Vinhomes, Vietinbank... để xếp thứ 3 trên HoSE"
HPG,5/6/2024,16:31,Hòa Phát vừa làm được điều chưa từng có trong hai năm qua
HPG,4/26/2024,10:36,"Giải mã Hòa Phát: Vay nợ và tồn kho tăng vọt nhưng lợi nhuận cao gấp 7,5 lần cùng kỳ?"
HPG,4/26/2024,9:50,Gần 166.000 cổ đông Hòa Phát sắp nhận về hơn nửa tỷ cổ phiếu HPG
HPG,4/16/2024,7:20,Tỷ phú Trần Đình Long: Hoà Phát cầm 30.000 tỷ đồng trong tay nhưng “có dám dùng đâu”
HPG,4/13/2024,7:00,Tôi đứt dây thần kinh sợ từ lâu rồi' và những câu nói hay 'nhức nhối' của Chủ tịch Trần Đình Long tại ĐHCĐ Hoà Phát 2024
HPG,4/12/2024,8:53,"13.200 cổ đông 'rời tàu' Hòa Phát sau 1 năm, ai không đủ kiên nhẫn 'gồng lỗ', ai hưởng trái ngọt nhờ cuộc phục hồi ngoạn mục của HPG?"
HPG,4/12/2024,0:14,"Chất như cổ đông Hòa Phát: Thương binh dùng lương hưu, người khuyết tật gom trợ cấp để mua HPG, ôm liền 15 năm quyết để dành cho con cháu"
HPG,4/11/2024,22:28,"Tỷ phú Trần Đình Long nói về ""cuộc đấu khẩu"" của các doanh nghiệp tôn mạ: Nếu không có việc bán phá giá thì vẫn xuất nhập khẩu bình thường cơ mà, làm sao cứ phải nhảy 'cồ cồ' lên như thế?"
HPG,4/11/2024,14:06,Ông Trần Đình Long: Cổ phiếu Hoà Phát chỉ từ tốt đến tốt
HPG,4/11/2024,11:42,Tỷ phú Trần Đình Long: Tôi đang rút dần khỏi Hòa Phát
HPG,4/11/2024,9:57,"Vụ khởi xướng điều tra chống bán phá giá HRC: 12 doanh nghiệp tôn mạ, ống thép bác tư cách nguyên đơn của Hòa Phát"
HPG,3/25/2024,13:50,Hoà Phát cán mốc 9 triệu tấn HRC sau 4 năm kể từ cuộn thép cán nóng đầu tiên ra lò
HPG,3/20/2024,20:51,"Nhìn xa trông rộng' như tỷ phú Trần Đình Long: Làm sẵn báo cáo kiểm kê khí nhà kính tiêu chuẩn Châu Âu, ai muốn nhập hàng sẽ xuất luôn"
HPG,3/13/2024,0:11,Nghệ thuật 'căn giờ' của tỷ phú Trần Đình Long: Nhà máy mới luôn đi vào hoạt động đúng chu kỳ tiếp theo của ngành thép và BĐS
HPG,3/12/2024,9:36,"Hòa Phát dự kiến có năm thứ hai liên tiếp không chia cổ tức tiền mặt, doanh thu 140.000 tỷ, thưởng gần 600 triệu cổ phiếu cho cổ đông"
HPG,3/6/2024,10:19,"Hòa Phát liên tiếp báo tin vui cho cổ đông: Sản lượng bán hàng tăng 32% từ đầu năm, cổ phiếu lên đỉnh 22 tháng, ký biên bản ghi nhớ ""siêu dự án"" 5 tỷ USD"
HPG,3/6/2024,10:17,Khối tài sản khổng lồ của nữ đại gia bí ẩn nhất thị trường chứng khoán Việt Nam
HPG,3/6/2024,6:30,Lãnh đạo nắm hơn 100 triệu cổ phiếu Hòa Phát muốn giảm sở hữu khi giá lên đỉnh 22 tháng
HPG,3/4/2024,14:44,"Tỷ phú Trần Đình Long muốn làm 3 đại dự án ở Phú Yên, tổng vốn đầu tư hơn 120.000 tỷ đồng"
HPG,3/1/2024,13:46,Người Nhật có thể mua thép Hòa Phát để làm vườn
HPG,2/29/2024,17:55,"Chủ tịch Trần Đình Long khẳng định, Hòa Phát thành công vì KHÔNG bị biến thành tập đoàn họ hàng: Làm việc tại công ty ""gia đình trị"" tại sao khiến nhân viên sợ hãi?"
HPG,2/29/2024,9:13,Ống thép Hòa Phát lần đầu tiên thâm nhập vào chuỗi bán lẻ của quốc gia khó tính hàng đầu Châu Á
HPG,2/27/2024,15:09,"Giá trị vốn hoá của Hòa Phát vút lên hơn 176.000 tỷ đồng, một lần nữa vượt trên Vingroup"
HPG,2/23/2024,16:01,"Vừa mời cổ đông đi họp tại khách sạn 5 sao, Hòa Phát của ông Trần Đình Long tiếp tục ""chơi lớn"", bao trọn chi phí cho nhà đầu tư tham quan Dung Quất"
HPG,2/20/2024,0:18,"Hàng vạn cổ đông Hòa Phát sắp họp ĐHCĐ thường niên tại khách sạn 5 sao, thị giá HPG ""băng băng"" về đỉnh 21 tháng"
HPG,2/6/2024,0:03,"Hòa Phát rót thêm gần 10.000 tỷ đồng vào ""quả đấm thép"" Dung Quất 2 trong một quý"
HPG,2/5/2024,16:17,Tỷ phú Trần Đình Long tặng món quà trị giá hơn 300 tỷ đồng cho quê hương
HPG,1/10/2024,15:51,"Đại gia thép Hòa Phát bán hơn 300 triệu quả trứng, ra mắt thêm trứng gà vỏ hồng"
HPG,1/5/2024,10:40,"Siêu dự án 3,26 tỷ USD và lời cam kết của Chủ tịch Trần Đình Long: ""Trên TTCK, tôi là người làm ăn nghiêm túc nhất, sống chết vì Hòa Phát"""
HPG,12/8/2023,11:01,Lợi nhuận của Hòa Phát có thể vượt mức 11.000 tỷ đồng trong năm 2024 sau hai năm sụt giảm?
HPG,12/4/2023,15:15,Hòa Phát bổ nhiệm Trưởng Ban pháp chế Trần Thị Thu Hiền làm Phó Tổng giám đốc
HPG,11/23/2023,18:24,"Hòa Phát, Hoa Sen liên tục tăng giá bán thép"
HPG,11/21/2023,11:29,"10 tháng đầu năm, Hòa Phát (HPG) cung cấp hơn 385.000 tấn thép chất lượng cao làm tanh lốp ô tô, cáp thép dự ứng lực, cáp thang máy..."
HPG,11/1/2023,16:47,"Một tỉnh thu ngân sách 9 tháng hơn 18.200 tỷ, Hòa Phát đóng góp hơn 20%"
HPG,10/26/2023,16:31,Hòa Phát chính thức cán mốc 8 triệu tấn thép cán nóng (HRC) sau hơn 3 năm sản xuất
HPG,10/10/2023,15:53,"PSI: Hòa Phát tăng tốc sản xuất tồn kho để chuẩn bị đại tu bảo dưỡng 1 lò cao, dự báo LNST quý 3 đạt hơn 2.000 tỷ đồng"
HPG,9/11/2023,8:14,"""Cổ phiếu quốc dân"" HPG băng băng lên đỉnh 16 tháng bất chấp khối ngoại bán ròng, triển vọng dài hạn ra sao?"
HPG,9/10/2023,9:27,"Tiêu thụ thép xây dựng lên mức cao nhất từ đầu năm, Hòa Phát có lấy lại đà tăng trưởng?"
HPG,9/8/2023,10:23,"Hoà Phát: Sản lượng tiêu thụ thép tháng 8 lên cao nhất từ đầu năm, lũy kế đạt hơn 4 triệu tấn"
HPG,8/25/2023,0:09,"VNDirect: Hòa Phát có thể không hoàn thành kế hoạch 2023, nhưng xuất hiện nhiều 'tia sáng' trong dài hạn"
HPG,8/21/2023,15:59,Dự án cảng container quy mô 3.700 tỷ đồng của Hòa Phát chính thức hoạt động bến đầu tiên
HPG,8/18/2023,12:11,Tỷ phú Trần Đình Long bán thêm giống gà đẻ trứng hồng nhập khẩu trực tiếp từ Mỹ
HPG,8/18/2023,9:59,"Lãi lớn quý 2 nhờ HPG, một doanh nghiệp ngành đá sắp tạm ứng cổ tức bằng tiền mặt tỷ lệ 30%, KQKD được kỳ vọng hưởng lợi từ sân bay Long Thành"
HPG,8/7/2023,15:15,"Hòa Phát cung cấp cho thị trường 555.000 tấn thép, lên mức cao nhất từ đầu năm"
HPG,7/21/2023,12:42,"Chi 900 tỷ mua cổ phiếu HPG và có lúc lỗ tới 360 tỷ, 1 công ty đầu tư tài chính lớn đã gần “về bờ”, đang lãi to với FPT"
HPG,7/20/2023,0:02,"Lãi đậm nhờ ""ôm"" loạt cổ phiếu HPG, MWG, VND..., một doanh nghiệp bất động sản vượt kế hoạch lợi nhuận chỉ sau 6 tháng"
HPG,7/19/2023,14:55,"Đặt mục tiêu tỷ đô cho mảng điện máy gia dụng, tình hình tỷ phú Trần Đình Long bán điều hoà, tủ đông ra sao?"
HPG,7/19/2023,10:52,"Giảm lỗ với cổ phiếu Hòa Phát, một doanh nghiệp báo lãi quý 2 cao gấp 21 lần cùng kỳ năm trước"
HPG,7/11/2023,9:53,"Ròng rã gom suốt nửa năm qua, những cá mập nào đang đặt cược lớn vào cổ phiếu quốc dân HPG"
HPG,7/6/2023,9:36,"Hòa Phát bán 540.000 tấn thép trong tháng 6, cao nhất từ đầu năm"
HPG,6/29/2023,8:17,Khối ngoại mua ròng HPG 15 phiên liên tiếp
HPG,6/27/2023,0:01,"Từng xả hàng “không thương tiếc”, vì sao khối ngoại “quay xe” mua ròng cổ phiếu Hòa Phát 8 tháng liên tiếp?"
HPG,6/20/2023,13:35,Một công ty chứng khoán lên tiếng về việc “gồng lỗ” cổ phiếu quốc dân Hoà Phát
HPG,6/6/2023,16:15,"Hòa Phát (HPG): Sản lượng bán thép hồi phục lên cao nhất từ đầu năm, 55% sản lượng HRC từ xuất khẩu"
HPG,6/6/2023,0:07,"Từng lỗ đậm khi ôm cổ phiếu Hoà Phát, các tay chơi đang “về bờ”, có DN đã lãi trở lại khi thị giá HPG tăng 84% sau nửa năm"
HPG,5/23/2023,16:49,Anh rể Phó Chủ tịch Hòa Phát bán sạch cổ phiếu HPG đang nắm giữ khi thị giá tăng gần 80% từ đáy
HPG,5/15/2023,8:42,"Cổ phiếu quốc dân Hòa Phát (HPG) tăng một mạch lên đỉnh 8 tháng, từ tay ngang tới cá mập trên sàn chứng khoán ""thở phào"""
HPG,5/13/2023,10:42,"Hoà Phát (HPG) tự tin bán được hàng, mở lại đủ 7 lò cao, đề xuất đầu tư 4 dự án 120.000 tỷ, cổ phiếu được đà thăng hoa"
HPG,5/12/2023,16:12,"Thị giá HPG lên cao nhất 8 tháng, anh rể Phó Chủ tịch Hòa Phát muốn bán sạch cổ phần nắm giữ"
HPG,5/12/2023,0:05,VCBS dự báo Hoà Phát khó hoàn thành kế hoạch kinh doanh năm 2023
HPG,5/8/2023,10:42,Hòa Phát (HPG): Sản lượng bán thép HRC lên cao nhất kể từ đầu năm nhưng thép xây dựng xuống gần thấp nhất 10 tháng do sức cầu yếu
HPG,4/25/2023,11:32,"Ông Trần Đình Long nói “giai đoạn khó khăn nhất của ngành thép đã qua”, Hoà Phát (HPG) lãi gần 400 tỷ trong quý 1"
HPG,4/13/2023,0:10,"Giá bán quay đầu giảm, ngành thép vẫn đối diện nhiều khó khăn"
HPG,4/6/2023,9:41,"Hòa Phát (HPG): Sản lượng bán hàng tháng 3 cải thiện, riêng thép xây dựng ""đứng im"" do thị trường BĐS chưa phục hồi"
HPG,4/6/2023,0:02,"Nhu cầu thép từ quốc gia châu Á này bùng nổ, xuất khẩu thép Việt Nam hưởng lợi tăng 300%"
HPG,3/30/2023,10:39,"Đón sai ""sóng"" Container, ông Trần Đình Long nói gì?"
HPG,3/28/2023,13:48,"Lý do cổ đông lớn, người nhà lãnh đạo nhiều doanh nghiệp liên tục bán cổ phiếu"
HPG,3/21/2023,0:33,"Hòa Phát ""cắt"" cả trăm tỷ thù lao, HĐQT nhận 0 đồng, Ban giám đốc hưởng bình quân 110 triệu/người/tháng"
HPG,3/16/2023,10:44,"Sản lượng kỳ vọng tạo điểm uốn từ năm 2024, doanh nghiệp thép và tôn mạ có thể ""tới hồi thái lai""?"
HPG,3/6/2023,11:18,"Hoà Phát (HPG): Thị trường trầm lắng do sức cầu yếu, sản lượng bán hàng trong tháng 2 chỉ bằng 70% cùng kỳ"
HPG,3/6/2023,0:01,"""Vua thép"" Trần Đình Long: Cà phê bè bạn mỗi trưa, không đi tiếp khách, chỉ ưa cơm nhà"
HPG,2/23/2023,16:05,Thành viên HĐQT Hoà Phát chuyển nhượng xong hàng triệu cổ phiếu HPG cho con
HPG,2/22/2023,15:16,"Hoà Phát (HPG) đặt kế hoạch lợi nhuận 2023 giảm 5%, dự kiến không chia cổ tức"
HPG,2/17/2023,10:31,Hòa Phát xem xét khởi động lại 3 lò cao còn lại trong nửa đầu năm 2023?
HPG,2/13/2023,15:03,Thành viên HĐQT Hòa Phát muốn chuyển nhượng hàng triệu cổ phiếu HPG cho 2 người con
HPG,2/12/2023,11:34,"Một doanh nghiệp bất động sản đầu tư chứng khoán lỗ nặng với cổ phiếu HPG, SJS, tiền mặt chỉ còn vỏn vẹn 1 tỷ đồng"
HPG,1/30/2023,7:22,"6 DN thép công bố tổng lỗ hơn 3.500 tỷ trong quý 4, nhưng tín hiệu tích cực đã xuất hiện"
HPG,1/27/2023,5:05,Loạt công ty chứng khoán “việt vị” với khoản lỗ kỷ lục trong quý 4 của Hoà Phát
HPG,1/6/2023,13:52,"Sản lượng bán hàng của Hòa Phát tăng 26% so với tháng trước, hơn 7,2 triệu tấn thép được tiêu thụ trong năm 2022"
HPG,1/5/2023,13:54,"Sau mác thép làm tanh lốp ô tô, Hòa Phát tiếp tục sản xuất thành công thép thanh vằn đóng cuộn đáp ứng tiêu chuẩn Anh"
HPG,12/22/2022,11:32,"Nhiều yếu tố bất lợi, Công ty chứng khoán hạ dự báo lợi nhuận Hòa Phát"
HPG,12/19/2022,11:30,"Hòa Phát dẫn dắt tăng giá bán thép trong nước, cổ phiếu thép đua nhau bứt phá"
HPG,12/9/2022,12:04,VNDirect: Lợi nhuận doanh nghiệp thép sẽ sớm chạm đáy
HPG,12/6/2022,11:22,"Hoà Phát (HPG): Sản lượng bán hàng tháng 11 tiếp tục tạo đáy mới, xuống thấp nhất kể từ đầu năm 2021 nhưng xuất hiện điểm sáng hiếm hoi ở thép xây dựng"
HPG,11/13/2022,0:03,"Một ""siêu cá mập"" bán ròng hơn 110 triệu cổ phiếu Hòa Phát (HPG) từ đầu năm"
HPG,11/12/2022,7:37,"Không riêng Hòa Phát, gã khổng lồ ngành thép thế giới cũng tuyên bố đóng cửa lò cao, thị trường thép toàn cầu đối mặt nhiều thách thức"
HPG,11/10/2022,18:09,"Vua thép Hòa Phát ""dội bom trứng gà"", bán hơn 1 triệu quả/ngày kể từ đầu tháng"
HPG,11/7/2022,17:02,"Tồn kho nhiều, Hòa Phát thông báo dừng 4 lò cao mang tính sống còn"
HPG,11/7/2022,14:43,Hoà Phát (HPG): Sản lượng bán hàng tháng 10 xuống thấp nhất kể từ đầu năm 2021
HPG,11/1/2022,16:21,"Hòa Phát (HPG) khớp lệnh kỷ lục 82 triệu cổ phiếu trong ngày về đáy 25 tháng, vốn hóa bay gần 7 tỷ USD từ đỉnh"
HPG,11/1/2022,9:00,"Không riêng Hòa Phát, nhiều ông lớn ngành thép thế giới cũng 'khóc ròng' vì doanh thu sụt giảm mạnh"
HPG,10/31/2022,16:55,"Halloween của cổ đông thép: cổ phiếu Hoa Sen (HSG), Hoà Phát (HPG)… bị bán tháo sau khi doanh nghiệp đồng loạt báo lỗ lỷ lục"
HPG,10/23/2022,9:32,"Cổ phiếu Hoà Phát (HPG) ""trôi"" xuống đáy 2 năm, thị giá về vùng 16.x"
HPG,10/22/2022,11:30,"Sau đúng 2 năm, vốn hóa Hòa Phát lại giảm xuống dưới mốc 100.000 tỷ đồng"
HPG,10/21/2022,13:58,"Ôm hàng triệu cổ phiếu HPG, một doanh nghiệp báo lãi 9 tháng giảm 29% do trích lập dự phòng"
HPG,10/7/2022,15:58,Điều cực kỳ hiếm gặp vừa xảy ra: P/B Hòa Phát xuống dưới 1
HPG,10/7/2022,11:01,Xuất khẩu thép xây dựng Hòa Phát vượt 1 triệu tấn sau 9 tháng
HPG,10/6/2022,21:35,"Cổ phiếu thủng đáy dài hạn, vốn hoá Hoà Phát, Masan giảm cả trăm nghìn tỷ đồng"
HPG,10/6/2022,11:44,Quỹ đầu tư của SGI Capital bắt đầu giải ngân mua cổ phiếu trong tháng 9
HPG,10/5/2022,15:59,"Cổ phiếu “trôi” về đáy 23 tháng, Hòa Phát (HPG) rời khỏi top 10 doanh nghiệp vốn hóa lớn nhất sàn chứng khoán"
HPG,10/5/2022,15:04,"Hoàng Thuỳ Linh: “Nữ hoàng nhạc dân gian”, vừa gây ấn tượng với MV đậm chất thép “Kiềng 3 chân"""
HPG,9/21/2022,13:59,Quý 3 sẽ là đáy lợi nhuận năm 2022 của Hòa Phát?
HPG,8/5/2022,14:57,Vì sao nhiều doanh nghiệp lợi nhuận giảm nhưng nộp thuế hàng chục nghìn tỷ đồng?
HPG,8/3/2022,8:16,"Chi 2.000 tỷ mua cổ phiếu, trong đó có tới 1.100 tỷ để nắm giữ và “bắt đáy” HPG, 1 công ty tạm lỗ gần 300 tỷ đồng"
HPG,7/30/2022,16:35,Doanh thu Hòa Phát tăng 6% nhưng biên lợi nhuận giảm mạnh xuống còn 13%
HPG,7/26/2022,11:16,"Đúng như tỷ phú Trần Đình Long dự báo, lợi nhuận quý 2 của Hoà Phát còn hơn 4.000 tỷ, sụt giảm sâu so với các quý trước"
HPG,7/25/2022,7:41,"“Cổ phiếu quốc dân” HPG giảm mạnh, từ công ty chứng khoán đến quỹ đầu tư, ngay cả doanh nghiệp “tay ngang” cũng đành ôm lỗ"
HPG,7/20/2022,11:34,"Trích lập dự phòng cổ phiếu HPG, một doanh nghiệp báo lãi quý 2 giảm đến 92%"
HPG,7/14/2022,7:48,"Người thân lãnh đạo Hoà Phát không mua hết lượng cổ phiếu HPG đã đăng ký do ""chưa thu xếp được kế hoạch tài chính"""
HPG,7/12/2022,11:44,"VDSC ước lợi nhuận quý 2 của Hoà Phát giảm 50% so với cùng kỳ, kết quả kinh doanh nửa cuối năm 2022 kỳ vọng ở mức thấp"
HPG,7/7/2022,17:34,Hòa Phát cung cấp gần 4 triệu tấn thép cho thị trường trong 6 tháng đầu năm
HPG,6/6/2022,22:37,"Cổ phiếu giảm hơn 42% từ đỉnh, người nhà lãnh đạo Hòa Phát đăng ký mua 300.000 cổ phiếu HPG"
HPG,6/3/2022,21:48,Hòa Phát chốt quyền trả cổ tức 2021 tỷ lệ 35%
HPG,5/29/2022,19:00,"Vừa bị cổ đông chất vấn vì kế hoạch mảng BĐS mờ nhạt, Hoà Phát nhận tin chấp thuận đầu tư dự án 2.600 tỷ đồng ở Hưng Yên"
HPG,5/27/2022,17:29,Hòa Phát dự kiến chốt danh sách trả cổ tức 35% từ tháng 6 đến tháng 8
HPG,5/27/2022,9:30,"Cổ đông gợi ý Hoà Phát học TGDĐ cho vay lấy lãi 6 - 7%, chủ tịch Trần Đình Long thẳng thắn bày tỏ có nơi đề mức lãi suất 18 - 20%/năm nhưng vẫn từ chối vì không thể phiêu lưu"
HPG,5/26/2022,15:10,"Chủ tịch Trần Đình Long: ""Đầu tư cổ phiếu Hoà Phát đường dài không thể lỗ"""
HPG,5/24/2022,20:29,Vốn hoá Tập đoàn Hoà Phát giảm hơn 8.200 tỷ đồng sau thông tin tại đại hội cổ đông thường niên
HPG,5/24/2022,15:34,Cổ phiếu ngành thép đồng loạt giảm mạnh sau chia sẻ của Chủ tịch Hòa Phát Trần Đình Long
HPG,5/16/2022,13:38,Lợi nhuận doanh nghiệp chăn nuôi bị bào mòn bởi giá thức ăn chăn nuôi tăng cao
HPG,5/5/2022,9:32,Mảng nông nghiệp Hòa Phát báo lỗ quỹ thứ hai liên tiếp hơn 55 tỷ đồng
HPG,5/4/2022,18:29,"""Vua thép"" Trần Đình Long vươn tầm khu vực: 33% doanh thu đến từ xuất khẩu và ""núi tiền"" hơn 2 tỷ USD"
HPG,4/22/2022,9:44,"Thù lao HĐQT Hòa Phát năm 2021 cao gấp 4,6 lần năm trước, trung bình mỗi thành viên nhận 16,8 tỷ đồng/năm"
HPG,4/20/2022,6:45,"Nhìn lại chặng đường 30 năm kể từ khi thành lập, tỷ phú Trần Đình Long khẳng định ""Hòa Phát không chọn lối dễ đi"""
HPG,4/6/2022,0:05,"Đưa ra triển vọng tích cực cho ngành thép song Mirae Asset dự phóng lợi nhuận Hoà Phát (HPG) và Nam Kim (NKG) đồng loạt ""đi lùi"" trong năm 2022"
HPG,4/1/2022,16:25,"Nắm giữ hàng chục nghìn tỷ đồng tiền mặt, thị giá giảm 21% từ đỉnh, song Hòa Phát (HPG) khẳng định sẽ không mua cổ phiếu quỹ để ""cứu"" giá"
HPG,3/28/2022,8:42,Hòa Phát đề xuất xây dựng cảng biển và nhà máy thép tại Quảng Trị
HPG,3/6/2022,11:31,"Giá nguyên liệu tăng mạnh, Thép Hoà Phát tiếp tục điều chỉnh tăng giá bán"
HPG,3/3/2022,15:49,"""Anh cả"" ngành thép HPG tăng kịch trần, lập kỷ lục khớp lệnh hơn 76,2 triệu cổ phiếu trong 1 phiên giao dịch"
HPG,2/18/2022,0:02,"Một cổ phiếu ""ông lớn"" ngành thép được khuyến nghị mua trong năm 2022 với mức sinh lời kỳ vọng gấp tới 6 lần lãi suất gửi tiết kiệm"
HPG,2/16/2022,11:53,"Một lãnh đạo Hòa Phát vừa đăng ký bán ra 1 triệu cổ phiếu HPG, dự thu gần 50 tỷ"
HPG,2/14/2022,16:19,SSI: Biên lợi nhuận năm 2022 Hòa Phát có thể thu hẹp do giá than tăng cao
HPG,1/21/2022,17:58,Những phu nhân đứng sau các tỷ phú Việt có khối tài sản khủng cỡ nào?
HPG,12/15/2021,17:05,"Xuất nhập khẩu lập kỷ lục, mặt hàng nào sẽ có tiềm năng tăng trưởng trong năm 2022?"
HPG,12/15/2021,13:37,Cuộc cạnh tranh cung cấp ván lót sàn container đầu tiên tại Việt Nam cho Hoà Phát: Một doanh nghiệp bị loại không được nhận tài trợ kinh phí làm sản phẩm mẫu
HPG,12/14/2021,15:13,"Lâu lắm rồi mới thấy ""màu tím"" của nhóm cổ phiếu ""bằng chứng thép"": Năm 2022 ngành thép sẽ về đâu?"
HPG,12/10/2021,9:17,"Cổ phiếu giảm sâu từ đỉnh, có gì kỳ vọng từ kết quả quý 4 của doanh nghiệp thép?"
HPG,12/6/2021,23:18,"Tích cực ""trade"" Hoà Phát (HPG) trong bối cảnh biến động mạnh, Dragon Capital vừa bán ra 600.000 cổ phiếu"
HPG,12/5/2021,12:21,"Liên tục nhận tin nhắn cảnh báo, nhiều nhà đầu tư lo lắng bị ""call margin"" ở cổ phiếu tôn thép và hàng đầu cơ"
HPG,11/30/2021,15:41,Lĩnh vực cả Hoà Phát và DN Hàn Quốc đẩy mạnh sản xuất ở Việt Nam tiềm năng cỡ nào?
HPG,11/19/2021,17:24,"Cổ phiếu thép tiếp tục giảm sâu, nhà đầu tư nên hành động ra sao?"
HPG,11/17/2021,19:17,"Cổ đông ""thép đã tôi thế đấy"" đứng bên ngoài nhìn vào ""bữa tiệc phá đỉnh"" của chứng khoán Việt"
HPG,11/17/2021,16:19,"Giá thép “hạ nhiệt”, cổ phiếu thép HPG, HSG, NKG đồng loạt giảm sâu từ đỉnh"
HPG,11/17/2021,15:49,"Dragon Capital đã bán hơn 1,4 triệu cổ phiếu HPG"
HPG,11/14/2021,13:10,"Giá thép dần ""hạ nhiệt"", lợi nhuận doanh nghiệp thép nội địa còn triển vọng tăng trưởng trong năm 2022?"
HPG,11/11/2021,17:20,"Nhóm quỹ Dragon Capital vừa chi khoảng 226 tỷ đồng ""gom"" thêm 4 triệu cổ phiếu HPG"
HPG,11/8/2021,15:57,"Thế khó của Chủ tịch Trần Đình Long: Nắm giữ gần 1,5 tỷ USD tiền mặt nhưng sẽ không mua cổ phiếu quỹ"
HPG,10/26/2021,14:02,"Giải mã chuyện ""vua thép ASEAN"" Trần Đình Long tham vọng làm điều hòa, tủ đông quy mô tỷ đô lớn nhất Việt Nam, thậm chí đem 50% đi xuất khẩu"
HPG,10/4/2021,15:36,"Dragon Capital bán hơn 3,3 triệu cổ phiếu Hòa Phát"
HPG,10/1/2021,14:47,Khủng hoảng điện ở Trung Quốc có tác động đến hoạt động sản xuất của Việt Nam?
HPG,9/22/2021,18:00,"Hòa Phát thành lập công ty con về điện máy gia dụng, vốn điều lệ 1.000 tỷ đồng"
HPG,8/19/2021,13:51,"Con trai Chủ tịch Trần Đình Long đã mua thành công 5 triệu cổ phiếu HPG, ước tính chi gần 235 tỷ đồng"
HPG,8/15/2021,7:40,"Giá quặng sắt lao dốc, ""cơn sốt"" cổ phiếu thép dần hạ nhiệt"
HPG,8/13/2021,13:38,Con trai Chủ tịch Tập đoàn Hòa Phát lần thứ hai đăng ký mua vào 5 triệu cổ phiếu HPG
HPG,7/24/2021,10:52,"Tăng thuế xuất khẩu phôi thép 5%, doanh nghiệp ngành thép có bị ""ghìm cương""?"
HPG,7/19/2021,18:18,VNFinLead ETF và DCVFM VN30 ETF sẽ mua tổng 30 triệu cổ phiếu ACB trong kỳ cơ cấu tháng 7
HPG,7/2/2021,9:28,"VDSC: Chênh lệch giá giữa Châu Âu, Bắc Mỹ và Việt Nam ngày càng tăng, xuất khẩu thép dự kiến tiếp tục tăng mạnh nửa cuối năm"
HPG,6/28/2021,,Hoà Phát: Hơn 1 tỷ cổ phiếu HPG đợt chia cổ tức sẽ bắt đầu giao dịch từ ngày 28/6/2021
HPG,6/22/2021,7:29,"Mirae Asset: Giá thép tăng ""nóng"" tốt trong ngắn hạn nhưng sẽ ảnh hưởng tiêu cực trong dài hạn"
HPG,6/11/2021,13:51,Hoà Phát (HPG): Chốt ngày lấy ý kiến cổ đông liên quan đến việc con trai Chủ tịch Trần Đình Long muốn mua thêm 5 triệu cổ phần
HPG,6/7/2021,0:01,Khối ngoại bán ròng vượt mốc 30.000 tỷ đồng trên HoSE từ đầu năm 2021
HPG,6/3/2021,11:38,Con trai ông Trần Đình Long phải tạm dừng việc mua thêm 5 triệu cổ phiếu HPG theo yêu cầu của UBCK
HPG,6/3/2021,10:14,Con trai Chủ tịch Hòa Phát phải tạm dừng mua 5 triệu cổ phiếu HPG
HPG,5/10/2021,16:00,"Cổ phiếu tăng gấp 3 trong 1 năm, sếp Hòa Phát tặng lượng cổ phiếu trị giá 750 tỷ cho 3 người con"
HPG,5/10/2021,11:37,"Cổ phiếu thép tiếp tục tăng tốc: HPG, HSG lên vùng giá mới, NKG thậm chí kịch trần"
HPG,4/24/2021,10:14,Vì sao là tỷ phú đô la nhưng ông Trần Đình Long vẫn được xem là chủ tịch nhàn nhất thế giới?
HPG,4/10/2021,8:50,"Liên tục ""lướt sóng"", nhóm Dragon Capital lại mua thêm 1,2 triệu cổ phiếu HPG trong những ngày đầu tháng 4"
HPG,4/1/2021,11:26,"Khối ngoại bán ròng hơn 14.000 tỷ đồng chỉ trong quý 1, gần bằng lực bán ròng trong cả năm 2020"
HPG,3/10/2021,9:35,"PENM III Germany bán hết 7 triệu cổ phiếu HPG, không còn là cổ đông của Tập đoàn Hòa Phát"
HPG,2/24/2021,7:26,"Chỉ 1 tuần sau khi bán ra lượng lớn cổ phiếu HPG, Norges Bank đã nhanh tay mua lại"
HPG,2/19/2021,9:07,"Norges Bank vừa bán xong 7 triệu cổ phiếu HPG, đến lượt PENM III đăng ký bán nốt 7 triệu cổ phiếu còn lại"
HPG,2/10/2021,8:29,"Tundra thoái HPG, đẩy mạnh “gom” REE với kỳ vọng về ngành năng lượng tái tạo"
HPG,2/9/2021,9:00,Quỹ PENM III đã bán ra hơn 59 triệu cổ phiếu HPG
HPG,12/28/2020,16:56,"Giá không đạt kỳ vọng, PENM III chưa bán hết 75,53 triệu cổ phiếu Hòa Phát như đăng ký"
HPG,12/18/2020,8:54,Dragon Capital 'lướt sóng' cổ phiếu HPG
HPG,12/10/2020,18:32,"Lần đầu tiên sau nhiều năm, HPG vượt qua MWG trở thành khoản đầu tư lớn nhất trong danh mục VEIL Dragon Capital"
HPG,12/9/2020,7:08,"Hoà Phát (HPG) lập công ty bất động sản, vốn điều lệ 2.000 tỷ đồng"
HPG,12/8/2020,9:57,Thêm lãnh đạo Hòa Phát muốn bán 1 triệu cổ phiếu
HPG,9/6/2020,10:17,Ngành thép thay đổi cấu trúc hậu Covid-19: Doanh nghiệp dần đa dạng hoá thị trường xuất khẩu để giảm rủi ro
HPG,7/5/2020,14:25,Chủ tịch Hòa Phát: CP 'khôn' khi không xây trang trại lợn
HPG,6/25/2020,10:08,"ĐHCĐ Hoà Phát: Quý 2 lãi 2.700 tỷ sau thuế, cao hơn 32% cùng kỳ năm trước, thiết lập kỷ lục mới về lợi nhuận"
HPG,6/9/2020,23:04,"Tập đoàn Hòa Phát: Mục tiêu lãi 9.000 tỷ đồng năm 2020, kế hoạch doanh thu tăng 35% lên 86.000 tỷ đồng"
HPG,5/22/2020,18:09,"Cổ phiếu HPG tăng 72%, MSN tăng 30% từ đáy, ông Trần Đình Long và Nguyễn Đăng Quang quay lại danh sách tỷ phú USD của Forbes"
HPG,5/18/2020,22:13,Nhóm quỹ Dragon Capital trở thành cổ đông lớn của Hòa Phát
HPG,5/15/2020,22:45,"Hòa Phát đặt kế hoạch lợi nhuận 9.000 - 10.000 tỷ năm 2020, tự tin vượt Formosa trở thành tập đoàn thép lớn nhất Việt Nam vào năm 2021"
HPG,4/23/2020,18:37,Con trai Chủ tịch Tập đoàn Hòa Phát vừa chi thêm khoảng 400 tỷ đồng mua cổ phiếu HPG
HPG,4/21/2020,15:55,LNST quý 1 của Hòa Phát tăng 27% lên 2.300 tỷ đồng
HPG,4/21/2020,11:18,"Lãnh đạo công ty bắt đáy khi thị trường giảm sâu: Nhiều cổ phiếu tăng hơn 30%, con trai Chủ tịch Hoà Phát lãi hơn 140 tỷ chỉ sau 3 tuần"
HPG,4/16/2020,10:46,"Hòa Phát đặt mục tiêu sản lượng 3,5 - 3,6 triệu tấn thép xây dựng năm 2020"
HPG,4/1/2020,23:26,Thêm một lãnh đạo Hòa Phát đăng ký mua 2 triệu cổ phiếu
HPG,3/30/2020,19:22,Hoà Phát lên tiếng tin đồn Vietcombank giải chấp 100 triệu cổ phiếu của ông Trần Đình Long
HPG,3/24/2020,16:35,"Vừa mua xong 20 triệu cổ phiếu HPG đã lỗ khoảng 28 tỷ đồng, con trai ông Trần Đình Long đăng ký mua tiếp"
HPG,3/23/2020,16:54,Con trai ông Trần Đình Long đã mua xong 20 triệu cổ phiếu Hoà Phát
HPG,3/23/2020,9:38,Bộ Công Thương chính thức gia hạn thuế tự vệ với phôi thép và thép dài xây dựng
HPG,3/12/2020,16:59,"Cổ phiếu Hòa Phát rơi 25% từ đầu năm, con trai ông Trần Đình Long đăng ký mua lượng cổ phiếu trị giá gần 400 tỷ đồng"
HPG,2/11/2020,11:14,Hòa Phát muốn đầu tư tiếp 60.000 tỷ đồng mở rộng khu liên hợp Dung Quất
HPG,2/7/2020,8:27,"Hòa Phát đặt mục tiêu xuất khẩu 400.000 tấn thép xây dựng năm 2020, tăng 51% năm trước"
HPG,1/30/2020,12:41,"Hòa Phát (HPG): LNST quý 4 tăng 9%, cả năm vượt 13% kế hoạch với 7.500 tỷ đồng"
HPG,1/8/2020,20:38,"Khu liên hợp gang thép Hòa Phát Dung Quất về cơ bản hoàn thành, cuối quý II/2020 sẽ có thép cuộn cán nóng"
HPG,1/3/2020,15:33,"HSC: Hòa Phát tiêu thụ 2,78 triệu tấn thép xây dựng năm 2019, tăng 16,8%"
HPG,1/2/2020,16:09,Tôn Hòa Phát không bị áp thuế chống bán phá giá vào Mỹ
HPG,11/26/2019,8:45,"Ngành thép 10 tháng đầu năm: Thị phần ít biến động, cạnh tranh khốc liệt tại miền Trung và miền Nam"
HPG,10/22/2019,14:13,"Hòa Phát (HPG): LNST quý 3 giảm 25% xuống 1.800 tỷ, 9 tháng hoàn thành hơn 80% kế hoạch"
HPG,8/22/2019,19:19,Quỹ PENM IV đăng ký mua 5 triệu cổ phiếu HPG trong bối cảnh giá quặng giảm 22% từ đỉnh
HPG,7/25/2019,15:04,"Giá quặng tăng gấp đôi, Hoà Phát vẫn lãi sau thuế 2.050 tỷ quý II, giảm 7% cùng kỳ năm trước"
HPG,7/4/2019,9:01,"Nỗi buồn của ""ông trùm"" thép Trần Đình Long: Giá quặng sắt lên cao kỷ lục kéo lợi nhuận liên tiếp đi xuống, giá cổ phiếu sụt giảm hơn 30%"
HPG,6/20/2019,8:52,"Đòn bẩy cực cao, nhà đầu tư nên mua covered warrant khi nào?"
HPG,6/18/2019,22:27,"Vợ chồng Chủ tịch Trần Đình Long đăng ký mua gần 6,5 triệu cổ phiếu HPG"
HPG,5/11/2019,8:52,"Ngành thép vẫn nếm “quả đắng” trong quý 1, Pomina và Nam Kim lỗ lớn"
HPG,3/29/2019,10:02,[Trực tiếp] ĐHĐCĐ Hòa Phát: Lợi nhuận quý 1 ước đạt 1.700 tỷ đồng
HPG,3/18/2019,22:31,Nhóm quỹ do Dragon Capital quản lý không còn là cổ đông lớn của Hòa Phát
HPG,3/14/2019,16:39,Hòa Phát đặt kế hoạch lợi nhuận sụt giảm 22% trong năm 2019
HPG,2/27/2019,17:35,"Đầu tư cổ phiếu Hòa Phát trong năm 2019, nhà đầu tư cần lưu ý điều gì?"
HPG,2/26/2019,20:19,Hòa Phát chính thức nhận giấy phép được nhận chìm ở biển
HPG,1/29/2019,16:10,Lần đầu tiên sau 5 quý lợi nhuận của Hòa Phát rơi xuống dưới mức 2.000 tỷ đồng
HPG,12/19/2018,6:47,"Bất chấp nhiều lo ngại hiện hữu, Hòa Phát vẫn là lựa chọn ưa thích của hàng loạt quỹ đầu tư"
HPG,12/18/2018,8:55,"HPG giảm sâu, PENM III không bán được cổ phiếu nào"
HPG,12/11/2018,0:05,"Giá thép Trung Quốc giảm sâu, giới đầu tư lo ngại với cổ phiếu Hòa Phát"
HPG,12/4/2018,15:18,"Hòa Phát ước lãi 8.100 tỷ đồng lợi nhuận sau 11 tháng, chủ tịch Trần Đình Long “đánh tiếng” mua cổ phiếu"
HPG,11/13/2018,18:11,PENM III tiếp tục đăng ký bán 20 triệu cổ phiếu HPG
HPG,10/30/2018,13:45,"Hòa Phát: LNST quý 3 đạt 2.408 tỷ đồng, tăng trưởng 13%"
HPG,9/24/2018,14:22,"Một lãnh đạo Tập đoàn Hòa Phát vừa bán bớt 1,3 triệu cổ phiếu HPG"
HPG,7/30/2018,12:41,"Hòa Phát (HPG): LNST 6 tháng đạt 4.425 tỷ đồng, tăng 27% so với cùng kỳ"
HPG,7/16/2018,9:21,[Cổ phiếu nổi bật tuần] HPG – Xu hướng tăng dài hạn đứng trước nguy cơ bị phá vỡ
HPG,6/7/2018,9:04,"Thị trường hồi phục, nhiều Bluechips tăng mạnh sau thời gian dài trượt giá"
HPG,5/18/2018,13:37,Hòa Phát sẽ phát hành hơn 600 triệu cổ phiếu trả cổ tức năm 2017 tỷ lệ 40%
HPG,4/28/2018,16:23,Các anh và em của Chủ tịch Hòa Phát vừa nhận thừa kế số cổ phiếu trị giá khoảng 40 tỷ đồng
HPG,4/13/2018,6:29,Hòa Phát đăng ký bán hết hơn 200.000 cổ phiếu quỹ
HPG,3/25/2018,9:14,Những con số đáng chú ý sau Đại hội cổ đông 2018 của Hòa Phát
HPG,3/23/2018,7:22,Sự tự tin của “Vua thép” và thực hư khoản tiền thưởng 100 tỷ của Ban lãnh đạo Hòa Phát
HPG,3/22/2018,11:07,ĐHCĐ Hòa Phát: Lợi nhuận quý 1 không dưới 2.000 tỷ đồng
HPG,3/7/2018,8:36,Hòa Phát và Trường Hải: Dẫn đầu ngành công nghiệp cùng chung tham vọng đổi mới ngành nông nghiệp của hai tỷ phú đô la
HPG,2/26/2018,11:15,"Hòa Phát sẽ bán 20 triệu trứng gà trong năm 2018, mục tiêu đẩy nhanh dự án Dung Quất"
HPG,1/26/2018,13:41,"Báo lãi kỷ lục, tài sản của Chủ tịch Hòa Phát Trần Đình Long vượt mức 1 tỷ USD"
HPG,10/3/2017,7:13,"Hoà Phát chuyển nhượng Golden Gain Việt Nam cho Đô thị Hòa Phát, đồng thời rót thêm gần 300 tỷ đồng vào công ty con này"
HPG,8/28/2017,16:04,Ban lãnh đạo Hòa Phát: Bạn học thủa thiếu thời cùng nhau lập doanh nghiệp tỷ USD
HPG,8/14/2017,15:22,"Cổ phiếu thép đồng loạt tăng mạnh, HPG vượt đỉnh lịch sử"
HPG,7/18/2017,8:44,Đừng vội mừng khi kết quả kinh doanh 6 tháng của Hòa Phát tăng
HPG,7/17/2017,16:34,Hòa Phát đạt 3.470 tỷ đồng lợi nhuận sau thuế trong 6 tháng đầu năm - tăng 14% so với cùng kỳ
HPG,6/2/2017,15:02,Hòa Phát chốt danh sách cổ đông phát hành 252 triệu cổ phiếu giá 20.000 đồng/cp
HPG,4/25/2017,18:26,"Hòa Phát chốt giá phát hành 20.000 đồng/cp, huy động thêm 5.000 tỷ đồng từ cổ đông cho khu liên hợp Dung Quất"
HPG,4/17/2017,14:16,"Hòa Phát lãi 1.935 tỷ đồng trong quý 1, cao hơn con số dự báo tại ĐHCĐ năm 2017"
HPG,3/25/2017,9:48,"Chiến lược đầu tư thành công từ trường hợp của VNM, HPG, VCS… năm trước và HBC, LCG, DXG… năm nay"
HPG,3/15/2017,15:48,"Penm IV vừa chi 230 tỷ đồng mua 5,5 triệu cổ phiếu Hòa Phát"
HPG,3/13/2017,10:05,Tập đoàn Hòa Phát kiếm tiền từ đâu?
HPG,3/10/2017,10:46,"ĐHCĐ Hòa Phát: Đạt 1.200 tỷ đồng lợi nhuận sau thuế trong 2 tháng đầu năm, Quý 1 không dưới 1.800 tỷ đồng"
HPG,3/9/2017,9:09,"Ông Trần Đình Long: “Hòa Phát sẽ có tầm vóc mới vào năm 2020, doanh thu lên đến 100.000 tỷ đồng”"
HPG,3/6/2017,11:32,"Vừa mua xong 3 triệu cổ phiếu HPG, Penm IV lại tiếp tục muốn mua thêm 5,5 triệu cp"
HPG,2/27/2017,14:31,"Giá cổ phiếu HPG giảm mạnh, PENM IV Germany đăng ký mua vào 3 triệu cổ phiếu"
HPG,2/14/2017,8:00,"Mải mê với thép, Hoa Sen có thể sẽ mất đi thị phần ngành tôn!"
HPG,2/10/2017,8:19,Tập đoàn Hòa Phát chốt danh sách cổ đông tổ chức ĐHCĐ thường niên
HPG,10/11/2016,15:23,"Tăng trần sau 8 phiên lao dốc, Hòa Phát vẫn là bluechip rẻ nhất thị trường"
HPG,10/11/2016,8:18,Bluechips “đốt cháy” tài khoản nhà đầu tư trong 1 tuần qua: Gọi tên HPG!
HPG,8/13/2016,9:47,"Bị Hoà Phát tấn công thẳng vào thị trường tôn mạ, nhưng Hoa Sen chẳng lo đối phó mà còn bỏ đi xây cao ốc"
HPG,8/9/2016,14:23,SSI Retail Research: 6 cổ phiếu đáng chú ý trong tháng 8
HPG,7/27/2016,7:59,Hòa Phát sắp trả cổ tức năm 2015 tỷ lệ 30% trong tháng 9 tới
HPG,7/19/2016,8:13,Cổ phiếu thép sẽ ra sao sau quyết định áp thuế tự vệ của Bộ Công thương?
HPG,7/8/2016,9:02,VinaCapital chính thức không còn là cổ đông lớn của Hòa Phát
HPG,7/7/2016,15:20,"VN-Index tăng gần 12 điểm, thanh khoản 2 sàn lên tới 4.000 tỷ đồng, hàng loạt cổ phiếu tìm đỉnh mới"
HPG,7/1/2016,14:08,Đây là những thông tin mới nhất về Hòa Phát trong cuộc gặp với các quỹ đầu tư
HPG,6/6/2016,14:05,Private Equity New Markets II (PEN) đã hoàn tất thoái vốn khỏi Hòa Phát
HPG,5/16/2016,6:39,"Cổ phiếu thép điều chỉnh, cơ hội “bắt đáy” đang dần xuất hiện?"
HPG,5/14/2016,9:47,Thép Hòa Phát tiêu thụ hơn 545.000 tấn trong 4 tháng đầu năm
HPG,5/12/2016,14:49,New Markets II đăng ký bán tiếp 3 triệu cổ phiếu HPG ngay sau khi bán xong 10 triệu đơn vị
HPG,5/5/2016,21:51,New Markets II K/S đăng ký bán 10 triệu cổ phiếu HPG
HPG,5/5/2016,14:01,"Hòa Phát lãi hơn 1.000 tỷ đồng trong quý 1, mảng nông nghiệp lỗ 14 tỷ đồng"
HPG,5/3/2016,10:00,Hòa Phát chuyển nhượng Khoáng sản Hòa Phát Mitraco cho An Thông
HPG,4/26/2016,8:34,Hòa Phát: Chúng tôi sẽ cạnh tranh sòng phẳng với Hoa Sen trên thị trường tôn mạ
HPG,4/25/2016,10:43,"Giá thành khai thác quá cao, Hòa Phát xin trả lại mỏ quặng sắt tại Hà Giang"
HPG,4/22/2016,8:49,"Cổ phiếu HSG lên cao nhất mọi thời đại bất chấp ""mối nguy"" thêm đối thủ Hòa Phát"
HPG,4/20/2016,15:09,"Lấn sang ""sân chơi"" của Hoa Sen, Tập đoàn Hòa Phát thâm nhập thị trường tôn mạ"
HPG,4/16/2016,10:33,"Hòa Phát phải nhập khẩu hơn 1,6 triệu tấn quặng sắt năm 2016"
HPG,3/31/2016,8:28,8 câu hỏi trước thềm ĐHCĐ của Hòa Phát: Tại sao kế hoạch lợi nhuận thấp hơn năm 2015?
HPG,3/23/2016,11:16,Hòa Phát nâng công suất thép xây dựng lên 180.000 tấn/tháng
HPG,3/14/2016,11:34,"Bộ Công thương ra văn bản cứu ngành thép, Hòa Phát như hổ mọc thêm cánh"
HPG,2/22/2016,15:37,"Dù không còn lợi nhuận đột biến từ bất động sản, Hoà Phát vẫn báo lãi cao kỷ lục"
HPG,2/22/2016,15:37,Mảng thức ăn chăn nuôi của Hòa Phát bất ngờ lỗ lớn trong quý 4
HPG,12/25/2015,12:00,"HSC: Hòa Phát thắng thế nhờ nâng công suất, nguy cơ dài hạn là Formosa"
HPG,12/14/2015,15:35,"Tiền không đủ mạnh, VnIndex vẫn tiếp tục giảm điểm"
HPG,12/12/2015,7:04,"Review VNM ETF: Thêm HHS, HPG, loại IJC"
HPG,10/15/2015,10:21,Hòa Phát: 9 tháng lãi sau thuế gần 3.000 tỷ đồng
HPG,9/9/2015,10:17,PENM II tiếp tục đăng ký bán 2 triệu cổ phiếu HPG
HPG,8/31/2015,17:19,"Nhận cổ tức, cổ phiếu thưởng và mua thêm, nhóm Deutsche Bank đã sở hữu thêm 15 triệu cổ phiếu HPG"
HPG,8/28/2015,8:06,"Quý II/2015, ngành thép “ấm lên” cùng bất động sản"
HPG,8/25/2015,15:08,Hòa Phát: Con đường lên số 1 thị trường thép xây dựng
HPG,8/14/2015,14:31,Ông Andy Ho rời Hội đồng quản trị Hoà Phát
HPG,8/11/2015,17:06,"Hòa Phát: Hàng tồn kho giảm sâu, lợi nhuận quý 2 tăng vọt 31%"
HPG,7/30/2015,20:40,Quỹ Forum One – VCG Partners Vietnam Fund đăng ký bán ra 2 triệu cổ phiếu HPG
HPG,7/29/2015,10:39,Hòa Phát tiếp tục thành lập công ty thức ăn chăn nuôi vốn 200 tỷ đồng
HPG,7/28/2015,21:59,Private Equity và Hưng Thịnh VinaWealth đăng ký bán cổ phiếu HPG bất chấp thông tin tăng thêm gần 1.000 tỷ đồng lợi nhuận
HPG,7/27/2015,13:13,Hòa Phát nâng kế hoạch lợi nhuận 2015 từ 2.300 tỷ đồng lên 3.250 tỷ đồng
HPG,7/17/2015,18:10,"CII, HPG, SBT, DRC, BCI, SJD, VSD: Thông tin giao dịch lượng lớn cổ phiếu"
HPG,7/16/2015,14:34,"Tập đoàn Hòa Phát: 6 tháng ước lãi hợp nhất 1.902 tỷ đồng, để ngỏ khả năng tăng cổ tức lên 30%"
HPG,7/14/2015,11:26,"Bất động sản ấm lên, sản lượng thép xây dựng Hòa Phát 6 tháng tăng 52%"
HPG,7/13/2015,14:57,"VOF đã nâng tỷ lệ sở hữu tại Hòa Phát lên 6,56%"
HPG,7/8/2015,23:02,"HSG, CII, HPG, PTC, APP, ITQ, PVB: Thông tin giao dịch lượng lớn cổ phiếu"
HPG,7/4/2015,9:45,Chủ tịch HĐQT Trần Đình Long đã mua thành công 10 triệu cổ phiếu HPG
HPG,7/3/2015,16:32,"MSN, CII, HPG, KDC, HHS, STG, QBC, ECI: Thông tin giao dịch lượng lớn cổ phiếu"
HPG,7/3/2015,16:02,"HPG: Nhóm Vietnam Infrastructure Investment đăng ký thoái vốn, Forum One-VCG Partners mua vào"
HPG,7/2/2015,14:15,Doanh nghiệp và những bước ngoặt trăm-nghìn tỷ
HPG,6/29/2015,11:10,HPG giao dịch thỏa thuận gần 3 triệu cổ phiếu giá sàn
HPG,6/19/2015,8:57,Những ông chủ hào phóng trên sàn chứng khoán
HPG,6/17/2015,9:17,Lãnh đạo mua gom cổ phiếu có còn là việc cá nhân?
HPG,6/12/2015,11:04,Ông Trần Đình Long lấy cổ phiếu cá nhân bảo đảm khoản vay cho Công ty thức ăn chăn nuôi
HPG,6/9/2015,17:44,Chủ tịch Hòa Phát dự chi 270 tỷ đồng mua vào 10 triệu cổ phiếu
HPG,6/8/2015,16:11,VOF Investment đăng ký mua 4 triệu cổ phiếu Hòa Phát
HPG,6/2/2015,17:30,Hòa Phát đã phát hành 244 triệu cổ phiếu thưởng và trả cổ tức 2014
HPG,5/22/2015,15:37,Hòa Phát nhận chuyển nhượng 1 công ty khoáng sản
HPG,5/5/2015,9:07,Hòa Phát phát hành trên 244 triệu cổ phần để thưởng và chi trả cổ tức 2014
HPG,4/14/2015,17:29,"Hòa Phát chia cổ tức 30%, phát hành tăng vốn lên 7.330 tỷ đồng"
HPG,4/4/2015,16:33,[Update thông tin Doanh nghiệp] Hòa Phát-HPG: Giải ngân 300 tỷ đồng cho chăn nuôi là một phép thử
HPG,4/3/2015,11:35,Trường Hải vs. Hòa Phát: Cuộc đua vị trí số 1 ngành công nghiệp
HPG,4/1/2015,10:52,[Dư âm ĐHCĐ] Hòa Phát: Nông nghiệp không phải là cái “mốt”
HPG,3/31/2015,10:30,
HPG,3/19/2015,12:05,[Thăm doanh nghiệp] Những toan tính của Hòa Phát với ngành thức ăn chăn nuôi
HPG,3/11/2015,20:58,"VXB, HPG, TCO, TBC, TMP, NBB: Thông tin giao dịch lượng lớn cổ phiếu"
HPG,2/11/2015,16:58,"Hòa Phát: Lãi ròng năm 2014 đạt 3.144 tỷ đồng, tăng 61%"
HPG,2/5/2015,23:38,"Hòa Phát đã phát hành 6,7 triệu cổ phiếu ESOP"
HPG,1/26/2015,15:11,"Vợ Tổng giám đốc Hòa Phát đăng ký chuyển 2,9 triệu cổ phiếu cho công ty riêng"
HPG,1/21/2015,8:00,"Tập đoàn Hòa Phát thưởng tết bình quân 1,5 - 2 tháng lương"
GAS,1/1/2025,19:38,Khởi đầu năm mới giá gas giảm nhẹ
GAS,12/29/2024,7:59,"Bức ảnh ghi lại vẻ chật vật của tỷ phú ""bán vịt kho"" Trung Quốc khiến dân mạng xôn xao: Chuyện gì đã xảy ra?"
GAS,8/27/2024,21:17,"Bắt quả tang điểm sang chiết gas trái phép, thu giữ 10 tấn khí và 2 xe bồn"
GAS,8/20/2024,11:19,"Một doanh nghiệp sắp ""lăn chốt"" trả cổ tức lớn nhất lịch sử chứng khoán Việt Nam, số tiền lớn hơn vốn hóa DIC Corp, Đất Xanh, Hoàng Huy cùng loạt ngân hàng"
GAS,7/26/2024,6:01,"""Siêu dự án"" 12 tỷ USD ngoài khơi của Việt Nam tiến thêm bước quan trọng, triển vọng nào cho cổ phiếu các ""đại gia"" dầu khí?"
GAS,7/15/2024,11:00,PV GAS dự chi hơn 13.780 tỷ đồng trả cổ tức năm 2023
GAS,5/2/2024,0:04,"Doanh nghiệp nắm gần 1,7 tỷ USD ""tiền tươi"", ngồi im vẫn bỏ túi 5 tỷ đồng lãi mỗi ngày nhưng lợi nhuận quý 1 giảm mạnh hơn 25%"
GAS,3/5/2024,22:17,PV GAS nói gì về lượng tiền mặt gần 41.000 tỉ đồng?
GAS,2/28/2024,10:27,"Cổ phiếu dầu khí giao dịch bùng nổ, PVD “cháy hàng” lên đỉnh 9 năm, điều gì đang xảy ra?"
GAS,2/6/2024,13:33,"Giá rẻ bất ngờ, một mặt hàng từ Malaysia ồ ạt tràn vào Việt Nam, nhập khẩu tăng đột biến 3 chữ số trong năm 2023"
GAS,2/1/2024,11:14,"Nghịch lý nhà giàu: Công ty sở hữu 1,7 tỷ USD ""tiền tươi"", nhiều nhất sàn chứng khoán Việt báo lãi giảm"
GAS,9/12/2023,10:10,PV GAS chốt ngày phát hành 383 triệu cổ phiếu thưởng
GAS,9/10/2023,6:06,"Một quốc gia châu Á bất ngờ được Nga chào bán khí đốt với giá chỉ bằng một nửa châu Âu, là nhà nhập khẩu khí đốt hàng đầu thế giới"
GAS,7/24/2023,14:32,PV GAS chốt ngày chi gần 6.900 tỷ đồng trả cổ tức năm 2022
GAS,7/7/2023,10:15,PV Gas (GAS) ước lợi nhuận quý 2 giảm gần một nửa so với cùng kỳ
GAS,5/1/2023,8:09,Giá gas tăng từ tháng 5
GAS,1/5/2023,9:22,"Không phải bất kì nhà cung cấp nào, đây mới là “cứu tinh” không ngờ của châu Âu giúp giá khí đốt giảm xuống thấp nhất kể từ khi xảy ra khủng hoảng"
GAS,12/23/2022,17:52,"PV GAS lập kỷ lục doanh thu vượt 100 nghìn tỷ, lãi sau thuế hơn 13 nghìn tỷ trong năm 2022"
GAS,12/1/2022,6:21,Giá gas tăng thêm 13.000 - 14.000 đồng mỗi bình 12kg
GAS,11/12/2022,21:15,Xác minh tố cáo hủy hoại vỏ bình của các doanh nghiệp kinh doanh gas
GAS,10/24/2022,5:57,"Giá điện thoại, máy tính bảng, gas, xăng dầu... nhấp nhổm tăng theo tỉ giá"
GAS,10/4/2022,14:03,Những doanh nghiệp đầu tiên công bố ước tính kết quả kinh doanh 9 tháng đầu năm
GAS,7/31/2022,21:03,Giá gas giảm tiếp 18.000 đồng/bình 12 kg
GAS,7/18/2022,17:15,Công ty bán gas lãi quý II gấp 17 lần cùng kỳ
GAS,6/30/2022,21:19,Giá gas tiếp tục giảm tháng thứ ba liên tiếp
GAS,6/10/2022,22:49,PV Gas chốt thời điểm trả cổ tức 2021 tỷ lệ 30% bằng tiền
GAS,5/9/2022,13:29,PV GAS ước đạt 4.544 tỷ lợi nhuận sau thuế trong 4 tháng đầu năm 2022
GAS,5/6/2022,18:34,"Chỉ 5 cái tên trong câu lạc bộ tỷ USD vốn hóa ngược dòng, cổ phiếu nào tăng mạnh nhất?"
GAS,4/29/2022,18:04,"""Vua khí"" GAS: Quý 1 lãi 3.495 tỷ đồng tăng 70% so với cùng kỳ, cao hơn ước tính"
GAS,4/23/2022,0:02,"Cổ phiếu PVGas (GAS) ""tím lịm"" ngược dòng nhóm dầu khí, vốn hóa tăng thêm 14.000 tỷ đồng"
GAS,4/12/2022,13:30,Công đoàn PV GAS triển khai nhiệm vụ trọng tâm năm 2022
GAS,2/28/2022,19:38,"Giá gas tăng sốc, vượt 500.000 đồng/bình 12 kg"
GAS,2/22/2022,7:32,PV GAS đặt kế hoạch lợi nhuận giảm 20% xuống mức 7.039 tỷ đồng
GAS,1/28/2022,6:57,"Hàng loạt ''ông lớn'' gửi ''tỷ đô'' vào ngân hàng, nhận lãi khủng năm 2021"
GAS,12/18/2021,18:32,"PV GAS ước đạt doanh thu 80.000 tỷ trong năm 2021, lợi nhuận vượt 19% kế hoạch cả năm"
GAS,11/12/2021,14:09,PV GAS lên kế hoạch nhập khẩu nhập khẩu LNG từ năm 2022
GAS,11/1/2021,19:42,Giá gas trong nước tăng mạnh: Người tiêu dùng xoay sang dùng điện
GAS,10/25/2021,10:48,"PV GAS 9 tháng lãi sau thuế hơn 6.822 tỷ đồng, hoàn thành 97% kế hoạch năm"
GAS,10/12/2021,15:14,PSI: Doanh nghiệp dầu khí sẽ hồi phục tích cực trở lại sau giai đoạn giãn cách
GAS,9/26/2021,7:29,"Nhu cầu tiêu thụ khí tăng mạnh trong dài hạn, cổ phiếu nào là tâm điểm đầu tư?"
GAS,9/25/2021,9:10,PV GAS: Bổ nhiệm mới vị trí Chủ tịch HĐQT và Tổng Giám đốc
GAS,9/23/2021,10:04,"PV GAS ""bắt tay"" với tập đoàn năng lượng Mỹ đầu tư Kho cảng LNG Sơn Mỹ, vốn đầu tư lên đến 1,31 tỷ USD"
GAS,9/9/2021,15:20,Cổ đông Nhật muốn tăng sở hữu tại PGD lên 25% vốn mà không cần chào mua công khai
GAS,9/7/2021,20:31,PV GAS: Miễn nhiệm vị trí Chủ tịch HĐQT với ông Nguyễn Sinh Khang
GAS,8/9/2021,17:05,"Gas Petrolimex (PGC) lãi ròng 6 tháng tăng 51% so với cùng kỳ lên hơn 81 tỷ đồng, hoàn thành 68% kế hoạch lợi nhuận năm"
GAS,8/7/2021,8:01,"Giá dầu tăng 45% nhưng không phải doanh nghiệp dầu khí nào cũng được hưởng lợi: BSR, PV OIL chuyển từ lỗ sang lãi lớn trong khi PVD, PVS sụt giảm mạnh"
GAS,7/22/2021,15:07,"PVGas (GAS) báo lãi quý 2 hơn 2.300 tỷ đồng, 6 tháng hoàn thành 62% kế hoạch lợi nhuận cả năm"
GAS,6/16/2021,10:59,PVGas (GAS) chốt danh sách cổ đông chi hơn 5.700 tỷ đồng trả cổ tức năm 2020 tỷ lệ 30%
GAS,6/1/2021,10:17,"Thị trường lên đỉnh, hàng trăm mã chứng khoán vẫn ngược dòng giảm trong 5 tháng đầu năm 2021"
GAS,4/16/2021,16:09,"ĐHĐCĐ GAS: Vấp phải đối thủ mảng khí LNG, đặt kế hoạch lợi nhuận thấp nhất từ năm 2012 dù giá dầu tăng"
GAS,4/5/2021,22:25,"Sau 4 năm sụt giảm liên tiếp, PGS đặt kế hoạch lãi 78,2 tỷ đồng trong năm 2021, tăng gần 8% so với năm trước"
GAS,3/17/2021,17:31,BSC: “Mảng LNG có thể là yếu tố giúp cổ phiếu GAS được định giá lại”
GAS,2/23/2021,10:07,"GAS: Kỳ vọng lợi nhuận 2021 tăng tốt nhờ hưởng lợi giá dầu, cũng cần thận trọng trước chu kỳ đầu tư mới với vốn dự kiến 3,9 tỷ USD"
GAS,2/17/2021,6:44,"Hưởng lợi giá nguyên liệu: Giá dầu liên tục phá đỉnh, doanh nghiệp dầu khí ""tưng bừng đón xuân"""
GAS,1/23/2021,9:29,PV GAS: Quý 4 lãi 1.681 tỷ đồng giảm 46% so với cùng kỳ
GAS,12/1/2020,9:47,Giá gas tăng lần thứ 5 liên tiếp
GAS,10/27/2020,16:47,Kinh doanh Khí Miền Nam (PGS) báo lãi tăng mạnh 60% trước thềm GAS thoái vốn
GAS,10/7/2020,15:03,PV Gas ước lãi hơn 6.000 tỷ đồng sau 9 tháng
GAS,8/1/2020,9:08,Doanh nghiệp dầu khí nào có thể hưởng lợi từ “siêu mỏ” Kèn Bầu có trữ lượng lớn nhất vừa được phát hiện?
GAS,7/21/2020,17:34,PV Gas (GAS): Quý 2 lãi 1.713 tỷ đồng giảm 43% so với cùng kỳ
GAS,7/3/2020,12:08,"PV GAS ước lãi sau thuế 6 tháng 2020 đạt 3.930 tỷ đồng, giảm gần 36% cùng kỳ năm trước nhưng vượt 20% kế hoạch nửa năm"
GAS,6/25/2020,9:20,PV Gas (GAS) lấy ý kiến cổ đông về việc trả cổ tức còn lại năm 2019 tỷ lệ 35%
GAS,5/5/2020,15:36,ĐHĐCĐ GAS: Giá dầu giảm sâu có ảnh hưởng nhưng không lớn đến hiệu quả kinh doanh
GAS,4/15/2020,9:22,PVGas (GAS) đặt mục tiêu lãi sau thuế 6.636 tỷ đồng trong năm 2020
GAS,3/24/2020,6:51,PV GAS: Mục tiêu chiếm lĩnh 51% thị phần bán buôn LPG toàn quốc
GAS,12/27/2019,17:13,"PV GAS đặt mục tiêu lãi ròng 2020 đạt 6.636 tỷ đồng, bằng 60% ước thực hiện 2019"
GAS,10/28/2019,13:49,"PV GAS ước lãi 10 tháng đạt 9.609 tỷ đồng, hoàn thành kế hoạch năm 2019"
GAS,9/22/2019,18:11,PV GAS ước đạt 8.760 tỷ đồng lợi nhuận sau 3 quý đầu năm
GAS,8/9/2019,17:33,PVGas chuẩn bị chi trả cổ tức bằng tiền mặt với tỷ lệ 23%
GAS,7/9/2019,16:02,"Điểm rơi lợi nhuận các doanh nghiệp dầu khí vào năm 2020, lựa chọn cổ phiếu nào cho danh mục đầu tư?"
GAS,4/2/2019,22:54,PVGAS đặt kế hoạch lợi nhuận giảm 35% trong năm 2019
GAS,3/29/2019,7:29,PV Gas (GAS) trích 2.351 tỷ đồng vào quỹ đầu tư phát triển năm 2017
GAS,3/26/2019,12:56,LNTT năm 2018 của PV Gas giảm 815 tỷ đồng sau kiểm toán
GAS,2/25/2019,23:12,PV GAS dự chi hơn 3.800 tỷ đồng trả cổ tức đợt 2 năm 2018
GAS,2/12/2019,8:03,Cổ phiếu dầu khí: Đã đến lúc “bắt đáy”?
GAS,1/15/2019,10:44,"GAS chuẩn bị mua 8,7 triệu cổ phiếu PVG với mức giá cao hơn 25% thị giá"
GAS,12/20/2018,8:28,"Giá dầu lao dốc, nhóm dầu khí ""vội vàng"" giảm nhiệt!"
GAS,12/18/2018,15:34,PV GAS điều chỉnh kế hoạch lợi nhuận công ty mẹ tăng gần 1.300 tỷ đồng
GAS,9/13/2018,11:04,"PVCoating (PVB) được chấp thuận làm nhà thầu cho dự án Nam Côn Sơn 2 và Lô B, cổ phiếu liên tiếp tăng trần"
GAS,8/25/2018,8:50,"Có thể hoãn thoái vốn Nhà nước đến sau 2020, GAS còn hấp dẫn?"
GAS,8/10/2018,10:41,"PVN muốn giảm tỷ lệ sở hữu PVD về 36%, thoái vốn hàng loạt doanh nghiệp dầu khí đến năm 2020"
GAS,8/8/2018,7:11,"Lãi lớn, PV Gas thông qua việc tạm ứng 20% cổ tức bằng tiền cho năm 2018"
GAS,8/1/2018,15:45,"PVN ký hợp đồng mua bán khí mỏ Sao Vàng – Đại Nguyệt, hàng loạt cổ phiếu dầu khí tăng mạnh trong phiên đầu tháng 8"
GAS,6/24/2018,8:34,Bãi bỏ quy định nhà phân phối phải có 100.000 bình gas
GAS,6/18/2018,17:33,"Chân dung những ""tội đồ"" khiến VNIndex bốc hơi 92.000 tỷ, chứng kiến phiên giảm mạnh nhất trong gần 2 tháng qua"
GAS,5/31/2018,22:30,Gas tăng 18.000 đồng/bình
GAS,5/31/2018,15:16,PV GAS dự chi 3.828 tỷ đồng trả cổ tức đợt 3 năm 2017
GAS,4/23/2018,10:44,"PVGAS South (PGS) lên kế hoạch chỉ trả cổ tức 15% trong năm 2018, quý 1 lãi gần 20 tỷ đồng"
GAS,4/20/2018,16:17,PVGas (GAS): Vẫn có hơn 14.000 tỷ đồng tiền gửi ngân hàng; LNST quý 1 tăng trưởng 20% so với cùng kỳ nhờ giá dầu Brent tăng mạnh
GAS,4/3/2018,7:29,PVGas (GAS) được điều chỉnh tăng thêm gần trăm tỷ đồng lợi nhuận sau kiểm toán
GAS,3/27/2018,13:23,PVGas tiếp tục muốn bán toàn bộ gần 18% vốn tại Gas City (PCG)
GAS,2/3/2018,7:26,Công ty mẹ PVGas (GAS) đặt mục tiêu lãi sau thuế trên 6.200 tỷ đồng năm 2018
GAS,1/25/2018,10:15,Cổ phiếu PMG của Petro Miền Trung tăng trần ngày chào sàn HOSE
GAS,1/22/2018,15:15,"PVGas (GAS) đạt trên 9.800 tỷ đồng lợi nhuận sau thuế năm 2017, tăng 37% so với năm 2016"
GAS,1/4/2018,15:27,"Bất chấp giá dầu chưa quay lại đỉnh cũ, cổ phiếu GAS đã ầm ầm vượt đỉnh lịch sử"
GAS,1/2/2018,21:39,PV Gas ước lãi trước thuế 10.560 tỷ đồng trong năm 2017
GAS,12/27/2017,0:30,Nhà đầu tư chú ý: Giá dầu và cao su thiên nhiên đồng loạt bứt phá mạnh trong những ngày cuối năm
GAS,12/21/2017,10:33,Một trong những cổ phiếu đáng đầu tư nhất năm 2017: GAS và sự tỉnh dậy sau giấc ngủ đông
GAS,12/19/2017,9:42,"Thoái vốn Sabeco thành công - ""cú hích"" cho các cổ phiếu trong danh sách chờ thoái vốn?"
GAS,12/16/2017,9:31,"GAS ước lãi trước thuế 9.750 tỷ đồng trong năm 2017, PVN sẽ giảm tỷ lệ sở hữu xuống 65%"
GAS,12/14/2017,9:00,"Mua cổ phiếu quỹ từ giá 65.000 đồng, GAS dự kiến bán hết khi giá cổ phiếu gần 90.000 đồng"
GAS,10/23/2017,10:19,"Nhờ giá dầu Brent tăng, PV GAS báo lãi quý III gấp đôi cùng kỳ"
GAS,9/5/2017,20:00,PVGas (GAS) dự chi 1.900 tỷ đồng tạm ứng cổ tức bằng tiền tỷ lệ 10%
GAS,7/20/2017,17:54,"Giá dầu Brent tăng, GAS báo lãi 4.087 tỷ đồng 6 tháng, nắm giữ 29.000 tỷ tiền mặt và tiền gửi"
GAS,7/9/2017,7:22,[Cổ phiếu hoa hậu] GAS: Khởi động chu kỳ tăng giá mới?
GAS,5/8/2017,15:10,Cổ phiếu của 2 “ông lớn” GAS và PVD 3 năm qua: Bảy nổi ba chìm với giá dầu
GAS,4/8/2017,14:51,Rắc rối từ vỏ bình gas
GAS,3/29/2017,7:06,PVGas dự chi hơn 1.300 tỷ đồng tạm ứng cổ tức 7% cho cổ đông
GAS,3/12/2017,12:49,PV GAS chốt danh sách cổ đông tổ chức ĐHCĐ thường niên năm 2017
GAS,2/22/2017,13:01,"Khả năng GAS sớm lấy lại ngôi vương, làm trụ đẩy tiếp VN-Index tiến về vùng 750 điểm?"
GAS,1/30/2017,9:46,"“Quên” Tết, GAS phải lùi ngày giao dịch bổ sung 19 triệu cổ phiếu ESOP thêm 9 ngày"
GAS,1/24/2017,9:06,"Lợi nhuận quý 4 tăng đột biến, GAS đã quay lại thời vàng son 2014?"
GAS,1/6/2017,12:24,PVGas bất ngờ điều chỉnh kế hoạch lợi nhuận năm 2016 giảm gần 2.000 tỷ đồng
GAS,12/9/2016,9:15,PV GAS chốt quyền nhận cổ tức bằng tiền tỷ lệ 23%
GAS,12/1/2016,7:36,"Giá dầu tăng vọt sau thỏa thuận OPEC, cổ phiếu dầu khí sẽ “bùng cháy” trong giai đoạn cuối năm?"
GAS,11/1/2016,10:38,"Cần hơn 1,8 triệu tấn gas năm 2017"
GAS,9/20/2016,12:26,PV Gas chi thêm 950 tỷ đồng trả cổ tức năm 2015 tỷ lệ 5%
GAS,6/18/2016,21:44,2 mặt hàng sẽ tăng giá mạnh nếu Anh rời EU
GAS,5/17/2016,16:23,"Chỉ trong vòng một tháng, rất nhiều cổ phiếu dầu khí đã tăng hàng chục phần trăm"
GAS,4/15/2016,11:18,"ĐHCĐ PV GAS: Theo đề xuất của PVN, PV GAS tăng tỷ lệ cổ tức năm 2015 thêm 5%"
GAS,4/13/2016,8:51,GAS đặt kế hoạch lợi nhuận giảm 20% trên kịch bản giá dầu 60 USD/thùng
GAS,3/21/2016,11:58,PVGas bỏ 490 tỷ đồng sở hữu 56% vốn điều lệ CNG Việt Nam
GAS,3/2/2016,17:03,PV Gas chốt quyền nhận cổ tức bằng tiền tỷ lệ 20% và quyền tham dự ĐHCĐ
GAS,2/29/2016,15:58,Thêm 19 triệu cổ phiếu GAS sắp sửa được niêm yết bổ sung
GAS,2/24/2016,14:44,Hàng vạn nhân viên ngành dầu khí Việt Nam sẽ rất lo lắng khi thấy những số liệu này
GAS,2/24/2016,8:01,PV Gas South bắt đầu thoái toàn bộ vốn khỏi CNG Việt Nam
GAS,2/18/2016,14:37,"Giá dầu hồi phục, hàng loạt cổ phiếu dầu khí tăng trên 5%"
GAS,2/18/2016,12:06,"Chỉ cần ""ngồi chơi"", PV Gas cũng thu được nghìn tỷ lợi nhuận mỗi năm nếu duy trì điều này"
GAS,2/1/2016,16:36,PVGas chuẩn bị “tái hôn” với CNG Việt Nam
GAS,1/29/2016,14:30,"Giá dầu hồi phục, hàng loạt cổ phiếu dầu khí tăng trần"
GAS,1/27/2016,16:12,"Giá dầu hồi phục, cổ phiếu GAS tăng gần 22% sau 4 phiên giao dịch"
GAS,1/24/2016,20:47,PVGas bổ nhiệm một loạt vị trí chủ chốt
GAS,12/31/2015,21:41,Sau PVGas đến lượt PVGasD điều chỉnh kế hoạch kinh doanh năm 2015 vào phút cuối
GAS,12/29/2015,21:18,PVGas điều chỉnh giảm 29% chỉ tiêu lợi nhuận năm 2015 vào phút cuối
GAS,12/21/2015,9:47,Đầu kéo thị trường cuối năm
GAS,12/10/2015,20:28,PV GAS chốt danh sách cổ đông dự ĐHCĐ bất thường
GAS,12/8/2015,6:09,PVGasD chốt quyền nhận cổ phiếu thưởng tỷ lệ 50%
GAS,12/1/2015,23:30,PV Gas có Kế toán trưởng mới
GAS,11/20/2015,7:43,PV Gas đăng ký thoái vốn khỏi SeaBank
GAS,10/14/2015,11:18,Sau cổ phần hóa nhóm Doanh nghiệp nhà nước giảm nộp thuế
GAS,9/29/2015,14:52,"DWS Fund thêm DPM vào danh mục, NAV tháng 8 giảm 5,89%"
GAS,9/16/2015,21:50,GAS chi gần 2000 tỷ đồng tạm ứng cổ tức đợt I/2015
GAS,9/1/2015,15:10,"HAG lại thỏa thuận lớn 11,3 triệu cổ phiếu, VnIndex giảm điểm nhẹ với thanh khoản thấp"
GAS,8/29/2015,9:37,[Infographic] Kết quả kinh doanh quý II/2015 của doanh nghiệp niêm yết
GAS,8/25/2015,8:42,PV Gas – Hành trình từ công thần trở thành tội đồ của thị trường
GAS,8/23/2015,11:39,VDSC: Nhiều triển vọng cho ngành khí nửa cuối năm 2015
GAS,8/20/2015,15:56,Dư thừa dầu mỏ toàn cầu và nỗi buồn của GAS - PVD
GAS,8/19/2015,8:57,Cổ phiếu họ dầu khí và câu chuyện của GAS
GAS,8/17/2015,15:20,"""Chim sợ cành cong"", nhà đầu tư hành động bất ngờ kéo VnIndex giảm gần 16 điểm"
GAS,8/17/2015,8:23,Những “cú đấm” vào GAS
GAS,8/17/2015,7:51,"Bốc hơi gần 6 tỷ USD vốn hóa, GAS có“chống” nổi đà suy giảm giá dầu?"
GAS,8/14/2015,20:45,PV GAS có thể phải trả 11 triệu USD cho NT2 tiền hồi tố theo giá khí
GAS,8/13/2015,17:49,PV Coating có Chủ tịch HĐQT mới
GAS,8/13/2015,10:43,Mua cổ phiếu quỹ: Phòng thủ hay chiêu trò của doanh nghiệp?
GAS,8/12/2015,9:13,Tái cơ cấu ngành Dầu khí: PVN sẽ giảm tỷ lệ sở hữu tại PV GAS xuống dưới 75%
GAS,8/10/2015,16:42,GAS dự kiến phát hành gần 19 triệu cổ phiếu ESOP với giá 20.000 đồng
GAS,7/31/2015,16:49,​Giá gas tiếp tục giảm 8.000 đồng/bình
GAS,7/18/2015,9:41,GAS xin ý kiến cổ đông phát hành cổ phiếu ESOP
GAS,7/17/2015,17:35,GAS: 6 tháng đầu năm đạt gần 6.300 tỷ lợi nhuận trước thuế hợp nhất
GAS,7/7/2015,10:26,Những thương vụ mua hụt cổ phiếu quỹ kinh điển
GAS,6/27/2015,9:08,Cổ phiếu dầu khí sẽ quay lại dẫn dắt thị trường?
GAS,5/27/2015,8:12,"PVD chỉ mua được 10,12% số cổ phiếu quỹ đăng ký"
GAS,5/11/2015,23:24,PVGas thay Tổng giám đốc
GAS,4/28/2015,23:05,"Công ty mẹ PVGas lãi ròng 2.679 tỷ đồng quý 1, hàng tồn kho giảm gần một nửa"
GAS,4/15/2015,20:00,PV Drilling đăng ký mua vào tối đa 2 triệu cổ phiếu quỹ
GAS,4/10/2015,23:13,Vì sao GAS chỉ mua đc 6% cổ phiếu quỹ?
GAS,4/7/2015,17:15,"Giả định giá dầu 100 USD/thùng, GAS đặt kế hoạch 11.526 tỷ LNST và tăng vốn điều lệ"
GAS,4/1/2015,14:55,PVGas chỉ mua hơn 600 nghìn cổ phiếu quỹ trong số 10 triệu cổ phiếu đã đăng ký mua
GAS,4/1/2015,8:57,Chuyện mua cổ phiếu quỹ của “ông lớn” GAS
GAS,3/27/2015,11:45,"Áp lực bán gia tăng, thị trường tiếp tục giảm điểm phiên cuối tuần"
GAS,3/26/2015,16:44,"LGC, API, PVR, PCT, GAS, BII, DCT, HTL, CMI: Thông tin giao dịch lượng lớn cổ phiếu"
GAS,3/26/2015,16:18,PVGas đã thoái vốn khỏi Vận tải Dầu khí Cửu Long
GAS,3/25/2015,15:59,"Vốn hóa của PVGas ""bay hơi"" gần 9.500 tỷ đồng sau một phiên giao dịch"
GAS,3/4/2015,17:06,"GAS đăng ký bán 5,09 triệu cổ phiếu PVB, quy mô thoái vốn gần 200 tỷ đồng"
GAS,3/4/2015,15:21,GAS: Lấy nguồn từ Quỹ đầu tư phát triển để mua cổ phiếu quỹ
GAS,1/29/2015,18:17,GAS lên kế hoạch tăng vốn điều lệ 51% trong năm 2015
GAS,1/15/2015,22:35,Đạm Phú Mỹ tiếp tục điều chỉnh giá mua khí từ PVGas
GAS,1/13/2015,11:48,Mua cổ phiếu quỹ có hỗ trợ tăng giá?
GAS,1/12/2015,14:54,GAS và 10 triệu cổ phiếu quỹ
GAS,1/9/2015,10:37,GAS sẽ mua lại 10 triệu cổ phiếu quỹ với khoảng giá tối đa là 100.000 đồng/cp
POW,12/26/2024,0:08,"Cổ phiếu của ""đại gia"" vừa nhảy vào cuộc đua làm trạm sạc xe điện được dự báo có thể rời rổ VN30 trong kỳ review tháng 1"
POW,12/12/2024,10:56,"""Đại gia"" Nhà nước vừa bắt tay Vingroup phát triển hệ thống trạm sạc xe điện toàn quốc thu hơn 27.000 tỷ đồng từ bán điện sau 11 tháng"
POW,11/26/2024,0:32,"BVSC: ""Đại gia"" Nhà nước vừa nhảy vào cuộc đua làm trạm sạc xe điện có thể lãi ""đậm"" gần 2.000 tỷ trong năm nay"
POW,11/25/2024,18:20,"Cổ phiếu PV Power (POW) được nhà đầu tư “gom” mạnh, trong ngày thị trường “cạn” thanh khoản"
POW,11/23/2024,0:18,"Vingroup và PV Power chính thức bắt tay, muốn hợp lực phát triển hệ thống trạm sạc xe điện toàn quốc"
POW,11/16/2024,0:06,"""Đại gia"" Nhà nước vừa nhảy vào cuộc đua làm trạm sạc xe điện ước lãi gần 1.400 tỷ sau 10 tháng đầu năm"
POW,10/15/2024,9:54,PV Power ước lãi 833 tỷ đồng sau 9 tháng
POW,9/9/2024,13:05,"""Đại gia"" Nhà nước chính thức gia nhập cuộc đua xây trạm sạc: Điểm đầu tiên tại Huỳnh Thúc Kháng (Hà Nội) sắp hoạt động, muốn phủ 1.000 trạm sạc xe điện tới năm 2035"
POW,8/16/2024,10:24,"PV Power (POW) thu hơn 2.100 tỷ đồng từ bán điện trong tháng 7, tuyên bố gia nhập 'cuộc chơi' xây trạm sạc xe điện"
POW,7/18/2024,11:26,Công ty điện lớn nhất sàn chứng khoán muốn đầu tư tổ hợp điện sạch 4 tỷ USD tại Ninh Thuận
POW,7/11/2024,15:03,"Người nhà Kiểm toán nội bộ PV Power lên tiếng về việc mua “chui” cổ phiếu POW, lý do gây bất ngờ"
POW,6/24/2024,15:17,"Việt Nam vừa lập thêm một kỷ lục, cổ phiếu liên quan ngược dòng bứt phá trong ngày chứng khoán đỏ lửa"
POW,6/18/2024,11:17,"Cổ phiếu doanh nghiệp điện lớn nhất sàn chứng khoán Việt Nam ""có biến"""
POW,6/11/2024,14:07,"Nắng nóng cao điểm, PV Power (POW) thu hơn trăm tỷ mỗi ngày từ bán điện, dự án tỷ USD Nhơn Trạch 3&4 có tiến triển mới"
POW,5/29/2024,10:00,PV Power tiếp tục triển khai các giải pháp đảm bảo cấp điện trong mùa nóng
POW,5/16/2024,10:15,"Doanh thu bán điện của PV Power tăng ""nóng"" ngay đầu mùa nắng nóng"
POW,3/6/2024,0:08,"Tròn 6 năm từ ngày PV Power (POW) chào sàn chứng khoán: ""Gió đông"" thoái vốn vẫn chưa xuất hiện, cổ phiếu đầu ngành điện lặng sóng"
POW,2/23/2024,10:36,PV Power ước đạt trên 2.000 tỷ đồng trong doanh thu trong tháng đầu năm
POW,1/13/2024,10:58,"PV Power (POW) ước lãi 2023 sụt giảm 53% so với năm trước, mục tiêu lợi nhuận 2024 dưới nghìn tỷ"
POW,12/11/2023,15:03,PV Power ước đạt 27.000 tỷ đồng doanh thu sau 11 tháng đầu năm 2023
POW,10/24/2023,14:16,"PV Power lãi 861 tỷ đồng sau 9 tháng, hoàn thành 77% kế hoạch năm 2023"
POW,5/11/2023,10:51,"Doanh thu tháng 4 của PV Power (POW) sụt giảm, nhiều nhà máy điện không hoàn thành kế hoạch"
POW,3/16/2023,11:09,Lợi nhuận của PV Power (POW) tăng thêm gần 230 tỷ sau kiểm toán
POW,1/31/2023,14:43,"PV Power (POW) báo lãi quý 4 cao gấp 39 lần cùng kỳ, lợi nhuận cả năm 2022 bỏ xa kế hoạch"
POW,1/12/2023,15:07,Phó TGĐ PV Power Nguyễn Duy Giang: Tổng công ty ước tính vượt 18% kế hoạch doanh thu và 37% kế hoạch lợi nhuận năm 2022
POW,12/15/2022,0:08,PV Power (POW) ước đạt tổng doanh thu gần 25.400 tỷ đồng trong 11 tháng đầu năm
POW,11/7/2022,15:20,Động thái mới cho PV Power tại dự án điện khí LNG 2 tỷ USD lớn nhất miền Bắc
POW,10/10/2022,15:08,PV Power (POW) ước đạt tổng doanh thu gần 21 nghìn tỷ đồng trong 9 tháng đầu năm
POW,9/14/2022,14:19,Doanh thu tháng 8 của PV Power tăng 3% so với cùng kỳ
POW,7/6/2022,10:15,"PV Power (POW): Lãi 6 tháng đạt 1.159 tỷ đồng, Nhơn Trạch 3 và 4 đã thu xếp được vốn và dự vận hành thương mại từ năm 2024 - 2025"
POW,6/10/2022,14:31,VNDIRECT Research: PV Power (POW) kỳ vọng phục hồi mạnh mẽ từ điện khí
POW,6/9/2022,16:40,Doanh thu tháng 5 của PV Power giảm 4% so với cùng kỳ 2021
POW,5/10/2022,20:24,"PV Power (POW): Doanh thu tháng 4 đạt 2.824 tỷ đồng, Nhà máy điện Vũng Áng 1 không hoàn thành kế hoạch do thiếu than"
POW,5/1/2022,10:45,"PV Power (POW) bất ngờ báo lãi trước thuế tăng 30%, vượt kế hoạch ngay sau quý đầu năm"
POW,4/15/2022,7:51,PV Power (POW): Đặt kế hoạch lợi nhuận giảm 64% xuống còn 743 tỷ đồng trong năm 2022
POW,3/25/2022,10:09,PV Power (POW) bị phạt gần 200 triệu do chậm công bố thông tin và không đảm bảo cơ cấu HĐQT
POW,3/21/2022,17:40,"PV Power (POW): Nhà máy Vũng Áng 1 gặp sự cố không phải nguyên nhân chính khiến doanh thu tháng 2 ""đi lùi"" 25% so với cùng kỳ"
POW,3/11/2022,11:03,Công ty điện lực dầu khí lớn nhất giảm 25% doanh thu tháng 2 vì nhà máy Vũng Áng 1 gặp sự cố phải tạm dừng
POW,2/15/2022,15:36,"Sản lượng điện vượt gần 30% kế hoạch, PV Power (POW) ghi nhận doanh thu tháng đầu năm 2022 vượt mức 2.100 tỷ đồng"
POW,2/12/2022,11:36,"PV Power (POW) đặt kế hoạch đi lùi, lợi nhuận dự kiến vào mức 1.012 tỷ đồng trong năm 2022"
POW,1/7/2022,14:09,Đằng sau khoản vay 95 triệu USD cho thủy điện Đăkrinh của PV Power
POW,1/4/2022,14:22,"Sự cố Vũng Áng và cú ""quay xe"" cổ phiếu, PV Power lại dư mua trần sau văn bản giải trình gì với HoSE"
POW,12/27/2021,9:32,PV Power ước đạt 25.175 tỷ đồng doanh thu và 1.917 tỷ đồng lợi nhuận năm 2021
POW,12/23/2021,13:40,"Sắp sang năm 2022, giá xăng, dầu sẽ có gì thay đổi?"
POW,12/22/2021,8:28,"Cổ phiếu doanh nghiệp điện lớn nhất sàn chứng khoán, 4 năm lầm lũi bỗng tăng vượt đỉnh trong 20 ngày"
POW,12/21/2021,16:04,"Cổ phiếu điện than và khí hút dòng tiền lớn: ""Lợi nhuận công ty điện than sẽ tốt hơn điện khí năm 2022"""
POW,12/18/2021,23:07,PV Power (POW): Ký kết hợp đồng tín dụng 95 triệu USD nhằm tái cấu Nhà máy Thủy điện Đăk Đrinh
POW,11/8/2021,21:50,"PV Power (POW) ghi nhận doanh thu tháng 10 đạt 1.016 tỷ đồng, sản lượng điện chỉ hoàn thành 42% kế hoạch tháng"
POW,10/30/2021,14:49,"PV Power (POW): Chào giá điện thị trường hiệu quả đưa lãi gộp tăng cao, LNST quý 3 cao gấp 4 lần cùng kỳ với 603 tỷ đồng"
POW,10/20/2021,11:17,PV Power (POW): Doanh thu quý 3 ước giảm 18% so với cùng kỳ còn hơn 5.000 tỷ đồng trong bối cảnh nhu cầu phụ tải tiếp tục giảm mạnh
POW,10/15/2021,18:10,"PV Power ước đạt tổng doanh thu hơn 20,7 nghìn tỷ đồng trong 9 tháng đầu năm"
POW,9/14/2021,15:18,PV Power (POW) chốt danh sách cổ đông chi gần 470 tỷ đồng trả cổ tức năm 2020
POW,9/14/2021,10:45,"PV Power (POW): Nhu cầu phụ tải tiếp tục thấp do ảnh hưởng Covid-19, doanh thu 8 tháng đạt 20.082 tỷ đồng"
POW,8/10/2021,9:45,"PV Power (POW): Nhu cầu phụ tải trên hệ thống tiếp tục thấp do Covid-19, doanh thu tháng 7 giảm 10% xuống 2.302 tỷ đồng"
POW,6/17/2021,13:20,PV Power (POW): Doanh thu 5 tháng đầu năm giảm nhẹ xuống còn 12.749 tỷ đồng
POW,5/26/2021,19:02,"PV Power dự kiến triển khai đầu tư Nhà máy điện Nhơn Trạch 3&4, đặt kế hoạch lãi trước thuế 1.549 tỷ đồng trong năm 2021"
POW,5/14/2021,7:04,"PV Power (POW) đạt 10.213 tỷ doanh thu sau 4 tháng, thực hiện 36% chỉ tiêu năm 2021"
POW,5/13/2021,17:07,PVPower (POW) đạt doanh thu hơn 10.200 tỷ đồng trong 4 tháng đầu năm
POW,5/4/2021,8:42,"PV Power (POW): Quý 1 lãi sau thuế đạt 566 tỷ đồng, tăng 12% so với cùng kỳ"
POW,4/2/2021,15:33,"Thoái vốn từ PVM giúp PV Power bổ sung nguồn vốn xây dựng NT3, NT4"
POW,2/25/2021,9:00,"PV Power (POW) đạt 410,5 tỷ lợi nhuận trước thuế sau 2 tháng đầu năm 2021"
POW,2/2/2021,11:01,"PVPower (POW): Quý 4 lãi 1.006 tỷ đồng, tăng 159% so với cùng kỳ 2020"
POW,1/12/2021,14:14,PVPower dự kiến thoái toàn bộ vốn tại 8 công ty thành viên
POW,12/21/2020,17:58,"PV Power ước đạt 2.335 tỷ đồng lợi nhuận sau thuế, hoàn thành vượt 14% kế hoạch năm 2020"
POW,12/16/2020,17:52,"PV Power (POW): Doanh thu 11 tháng giảm 17%, ước đạt 25.962 tỷ đồng"
POW,11/9/2020,10:24,PV Power (POW) sắp chi 700 tỷ đồng trả cổ tức
POW,11/1/2020,8:58,"PV Power (POW) báo lãi 1.487 tỷ đồng trong 9 tháng đầu năm, có 8.000 tỷ đồng đi gửi ngân hàng"
POW,10/14/2020,11:36,"HĐQT POW đã phê duyệt kế hoạch lựa chọn nhà thầu cho Dự án Nhà máy điện Nhơn Trạch 3 và 4, ước doanh thu 9 tháng giảm 17% cùng kỳ năm trước"
POW,7/31/2020,10:34,"PV Power (POW) báo lãi sau thuế 1.537 tỷ đồng nửa đầu năm, hoàn thành 70% kế hoạch"
POW,7/13/2020,13:08,PV Power (POW) ước doanh thu nửa đầu năm giảm 10% xuống còn 15.524 tỷ đồng
POW,6/14/2020,13:21,Họp ĐHĐCĐ PV Power: Lãi 6 tháng đầu năm ước hoàn thành 76% kế hoạch năm
POW,6/8/2020,6:24,"PV Power đặt kế hoạch lãi trước thuế gần 2.200 tỷ đồng trong năm 2020, tăng mạnh tỷ trọng năng lượng tái tạo vào năm 2035"
POW,5/1/2020,9:30,"PV Power (POW) báo lãi sau thuế 505 tỷ đồng quý 1, giảm 45% so với cùng kỳ"
POW,4/15/2020,17:23,"PV Power (POW) đặt mục tiêu lãi sau thuế 2.044 tỷ đồng năm 2020, xây dựng trên kịch bản giá dầu 60 USD/thùng"
POW,1/31/2020,8:34,Bị EPTC giữ lại 1.556 tỷ đồng tiền điện khiến PV Power báo lãi quý 4 sụt giảm
POW,1/17/2020,10:24,PV Power đặt kế hoạch lãi trước thuế 2.530 tỷ đồng trong năm 2020
POW,12/23/2019,16:07,"PV Power ước đạt doanh thu 35.884 tỷ đồng, hoàn thành vượt kế hoạch năm 2019"
POW,11/1/2019,10:06,PV Power (POW): 9 tháng lãi 2.491 tỷ đồng vượt 9% kế hoạch cả năm 2019
POW,10/23/2019,9:30,"PV Power bán ra hơn 8 triệu cổ phiếu PBK, thoái sạch vốn tại Điện lực dầu khí Bắc Kạn"
POW,10/11/2019,16:46,Nhóm quỹ Dragon Capital không còn là cổ đông lớn của PV Power
POW,7/31/2019,17:02,"PV Power báo lãi 1.700 tỷ đồng nửa đầu năm, vượt 112% kế hoạch năm"
POW,6/25/2019,13:07,"Nhóm quỹ Dragon Capital bán ra gần 3,8 triệu cổ phiếu POW trong tuần cơ cấu danh mục ETFs"
POW,6/17/2019,11:03,VNM ETF và FTSE Vietnam ETF sẽ mua hơn 35 triệu cổ phiếu POW trong tuần cơ cấu danh mục
POW,5/14/2019,20:58,Tỷ trọng cổ phiếu Việt Nam trong rổ MSCI Frontier Markets Index ước tính được tăng thêm khoảng 4%
POW,5/14/2019,5:31,"MSCI Frontier Markets Index thêm POW vào danh mục, loại toàn bộ cổ phiếu Argentina"
POW,5/12/2019,11:07,"Dự báo POW “lọt rổ” ETF, có thể được mua vào hơn 8 triệu cổ phiếu"
POW,4/19/2019,9:50,"PVPower đặt kế hoạch lợi nhuận đi ngang, phấn đấu đưa cổ phiếu vào rổ VN30 trong năm 2019"
POW,2/19/2019,15:31,Nhóm Dragon Capital hiện sở hữu hơn 163 triệu cổ phần PV Power với tổng giá trị khoảng 2.700 tỷ đồng
POW,2/19/2019,13:46,"Chứng khoán Yuanta dự báo VHC có thể lọt rổ ETF, nói không với POW"
POW,1/9/2019,10:50,PV Power đặt kế hoạch lãi sau thuế gần 2.300 tỷ đồng trong năm 2019
POW,12/18/2018,14:32,PV Power được chấp thuận niêm yết HoSE
POW,11/3/2018,8:00,Quý đầu tiên sau cổ phần hóa PV Power báo lãi sau thuế 184 tỷ đồng
POW,10/3/2018,14:35,Lợi nhuận 9 tháng của PV Power đạt 1.624 tỷ đồng
POW,6/26/2018,15:53,"PV Power lên kế hoạch niêm yết HoSE trong năm 2018, chuẩn bị chia cổ tức 3%"
POW,4/25/2018,8:58,Thủ tướng Chính phủ đồng ý để PVPower làm chủ đầu tư dự án nhà máy nhiệt điện Nhơn Trạch 3 và 4
POW,3/8/2018,7:25,"Những nhà đầu tư ‘xuống tiền’ mua bộ 3 cổ phiếu họ dầu khí BSR, OIL, POW đang có lời vượt trội so với toàn thị trường"
POW,3/6/2018,11:25,"PV Power (POW) chính thức lên sàn UPCoM, khối ngoại mua ròng hơn 1,5 triệu cổ phiếu ngay trong phiên sáng"
MWG,12/27/2024,13:40,"Từ lùm xùm bán giá đỗ có chất cấm, Bách Hóa Xanh của đại gia Nguyễn Đức Tài đang kinh doanh ra sao?"
MWG,12/25/2024,13:34,"Chuỗi Bách Hóa Xanh ""hạ nhiệt"", doanh thu tháng 11 của Thế giới Di động sụt giảm"
MWG,12/16/2024,15:01,"Bắt tay Home Credit tung chính sách “mua thuốc trả chậm” tại An Khang, Thế giới Di động đặt mục tiêu doanh thu 15.000 tỷ cho năm tài khóa 2025"
MWG,12/11/2024,10:20,"""Cây ATM"" của Thế Giới Di Động đạt hơn 20.000 giao dịch sau 7 ngày thử nghiệm: ""Tết này bà con không phải xếp hàng chờ"""
MWG,12/11/2024,9:44,"Hơn 20 nghìn giao dịch rút, chuyển tiền qua ""cây ATM"" tại cửa hàng Thế Giới Di Động và Điện máy Xanh chỉ trong 7 ngày đầu"
MWG,12/10/2024,5:08,Thế Giới Di Động và Xiaomi hợp tác thúc đẩy lĩnh vực xe điện trong tương lai
MWG,12/5/2024,8:17,"Có thể rút, chuyển tiền ngay tại các cửa hàng Thế Giới Di Động và Điện máy Xanh"
MWG,11/22/2024,10:59,Bách Hoá Xanh rầm rộ đổ bộ miền Trung sau tuyên bố của Chủ tịch Nguyễn Đức Tài: Đà Nẵng mở màn
MWG,11/20/2024,7:20,"""Hốt bạc"" tại Việt Nam nhưng tập đoàn bán lẻ hàng đầu Thái Lan vẫn không vượt mặt được 1 DN Việt non trẻ"
MWG,11/13/2024,17:25,Thế Giới Di Động thưởng bình quân 28 triệu đồng/nhân viên sau khi cắt giảm hơn 5.150 việc làm
MWG,11/13/2024,0:02,"Bách Hóa Xanh có thể thử nghiệm “Bắc tiến”, mở mới 100 - 200 cửa hàng trong năm 2025"
MWG,11/12/2024,16:56,Giá cổ phiếu MWG giảm mạnh sau khi ông Nguyễn Đức Tài trấn an “nhà đầu tư không nên lo lắng”
MWG,11/12/2024,0:01,"Ông Nguyễn Đức Tài: Nhà đầu tư không nên lo lắng, 2 triệu cổ phiếu không là gì với số cổ phần MWG tôi sở hữu"
MWG,11/2/2024,11:17,"Thế giới Di động bán được 60.000 chiếc iPhone 16 , kiếm 2.000 tỷ doanh thu sau tháng đầu mở bán, gấp 3 lần iPhone 15 của năm ngoái"
MWG,10/31/2024,0:30,"Điều gì khiến Thế giới Di động của ""thuyền trưởng"" Nguyễn Đức Tài báo lãi quý 3 cao gấp 21 lần cùng kỳ?"
MWG,10/31/2024,0:05,"Thế giới Di động (MWG) chính thức ""hái quả ngọt"" với bước xuất ngoại sang Indonesia"
MWG,10/30/2024,11:30,Thế giới Di động (MWG) báo doanh thu lên mức cao nhất gần 3 năm trong tháng iPhone 16 ra mắt
MWG,10/25/2024,10:56,"Ngoài MWG, các quỹ ETF tham chiếu VNDiamond, VN30 và VNFinLead sẽ ""săn lùng"" nhiều nhất cổ phiếu nào trong kỳ review tháng 10?"
MWG,10/22/2024,16:05,"Lãnh đạo cấp cao tại Thế giới Di động hoàn tất bán ra cổ phiếu MWG, thu về hàng chục tỷ đồng"
MWG,10/22/2024,0:58,"MWG trở lại, loạt Diamond ETF tổng quy mô 14.000 tỷ đồng sẽ mua bán ra sao trong kỳ review tháng 10?"
MWG,10/21/2024,19:41,Cổ phiếu Thế giới Di động MWG chính thức trở lại rổ VNDiamond
MWG,10/18/2024,0:02,"""Bước đi"" EraBlue của MWG cần thêm điều kiện đủ để trở thành ""Điện Máy Xanh thứ hai"" tại Indonesia"
MWG,10/7/2024,11:40,"Bất ngờ: Dù đã chia tay rổ Diamond nửa năm, hàng triệu cổ phiếu MWG vẫn hiện diện trong danh mục quỹ ETF do Dragon Capital quản lý"
MWG,10/7/2024,10:20,"Cổ phiếu Thế giới Di động (MWG) sẽ quay lại rổ ""kim cương"" ngay trong tháng 10?"
MWG,10/4/2024,14:21,"Sếp Thế giới Di động khoe ""đứa con du học"" tại Indonesia có 6 tháng liên tiếp ""mang tiền về cho mẹ"""
MWG,9/30/2024,6:10,"Từng cắt giảm hơn 20.000 nhân sự, Thế Giới Di Động “quay xe” mời nhân viên cũ trở lại làm việc"
MWG,9/30/2024,0:02,"Ông Nguyễn Đức Tài thẳng thừng ""xoá sổ"" 200 nhà thuốc chỉ trong vòng 3 tháng, điều gì đang diễn ra?"
MWG,9/25/2024,13:42,Điện Máy Xanh bắt đầu tặng 10.000 nồi cơm điện cho đồng bào bị ảnh hưởng bão lũ
MWG,9/24/2024,10:27,Thế giới Di động đóng gần 70 cửa hàng trong 1 tháng
MWG,9/24/2024,7:42,Thế Giới Di Động tiếp tục đóng bớt cửa hàng nhưng doanh số vẫn không giảm
MWG,9/24/2024,0:02,"Doanh thu Thế Giới Di Động (MWG) cao nhất 4 tháng, chuỗi Bách Hóa Xanh và Era Blue tiếp tục ""phình to"""
MWG,9/22/2024,9:00,Lý do Chủ tịch Thế giới Di động 'xả' cổ phiếu
MWG,9/20/2024,17:37,"Thị giá MWG tăng gần gấp đôi từ đáy, Chủ tịch Thế giới Di động đã bán cổ phiếu thu về khoảng 200 tỷ đồng"
MWG,9/20/2024,0:01,"Tuyên bố đã tìm ra ""long mạch"", át chủ bài Bách Hóa Xanh của ông Nguyễn Đức Tài rục rịch khai trương thêm 10 cửa hàng ngay cuối tháng 9"
MWG,9/13/2024,13:02,Thế Giới Di Động ủng hộ 5 tỷ đồng cho đồng bào bão lụt
MWG,9/13/2024,10:27,Cổ phiếu MWG có thể trở lại danh mục các quỹ ETF quy mô gần 13.000 tỷ sau khi VNDiamond cập nhật phiên bản 3.0?
MWG,9/9/2024,13:49,"Bách Hóa Xanh tăng tốc: Số lượng cửa hàng mở trong tháng 8 gấp 5 lần của 6 tháng đầu năm, SSI chỉ ra ""bí mật"" để giảm chi phí vận hành"
MWG,9/5/2024,11:19,‘Sếp lớn’ Thế giới Di động bán mạnh cổ phiếu MWG
MWG,9/4/2024,18:20,Ông Nguyễn Đức Tài muốn bán ra cổ phiếu Thế Giới Di Động (MWG) lần thứ 2 trong năm nay
MWG,8/29/2024,14:40,Cổ phiếu Thế Giới Di Động (MWG) có thể trở lại rổ VNDiamond ngay trong kỳ review tháng 10
MWG,8/23/2024,15:59,"1 tháng, gần 100 cửa hàng ""bay màu"", cơn ác mộng đang càn quét chuỗi nhà thuốc của Thế giới Di động?"
MWG,8/23/2024,12:27,Thế giới Di động đóng cửa hơn 170 cửa hàng trong 1 tháng
MWG,8/23/2024,10:38,Thế giới Di động ‘xóa sổ’ hơn 170 cửa hàng trong 1 tháng
MWG,8/22/2024,18:00,"Không ""nói suông"", ông Nguyễn Đức Tài đóng gần 100 nhà thuốc An Khang trong tháng 7, tiếp tục mở rộng chuỗi Bách Hóa Xanh và thị trường Indonesia"
MWG,8/21/2024,14:00,"Đóng cửa hàng loạt để tìm điểm hoà vốn và có lãi, MWG “copy” mô hình thành công của Bách Hoá Xanh cho An Khang?"
MWG,8/21/2024,10:11,"Doanh nghiệp điện máy lừng lẫy một thời vừa bị Thế giới Di động ""xoá sổ"": Lý do vì sao?"
MWG,8/21/2024,0:08,"Cổ đông hỏi ""Thế giới Di động sẽ ra sao nếu không có ông Nguyễn Đức Tài"" và câu trả lời đầy bất ngờ của vị ""thuyền trưởng"""
MWG,8/20/2024,10:03,‘Xóa sổ’ Điện máy Trần Anh
MWG,8/20/2024,0:05,"Cuộc đại phẫu An Khang mới chỉ bắt đầu, có thể đóng thêm gần 200 nhà thuốc trong năm nay"
MWG,8/20/2024,0:05,"Sau gần 7 năm thâu tóm, Thế giới Di động quyết định ""khai tử"" hoàn toàn công ty từng sở hữu chuỗi điện máy Trần Anh"
MWG,8/19/2024,14:37,"KBSV: Long Châu liên tục chiếm lĩnh thị phần, đối thủ Pharmacity, An Khang vẫn “loay hoay” tìm điểm hóa vốn"
MWG,8/19/2024,0:02,"Thế giới Di động (MWG) tạm hoàn tất quá trình ""khai tử"" cửa hàng"
MWG,8/18/2024,0:08,"CEO Bách Hóa Xanh tìm ra long mạch ""mở đâu thắng đó"", tăng tốc hướng đến mục tiêu có thêm 100 cửa hàng năm nay"
MWG,8/17/2024,7:58,"Ông Nguyễn Đức Tài báo tin vui cho cổ đông Thế Giới Di Động sau khi vốn hóa vượt 100.000 tỷ: Doanh thu tháng 7 tiếp tục tăng, dự báo năm 2025 sẽ thuận lợi hơn nữa"
MWG,8/17/2024,7:26,CEO Bách Hóa Xanh: Doanh thu mỗi cửa hàng trong chuỗi khó có thể tăng mạnh như thời gian vừa qua
MWG,8/16/2024,15:15,"“Anh trai” Nguyễn Đức Tài vượt ngàn chông gai, cổ phiếu Thế Giới Di Động lên cao nhất trong gần 2 năm, vốn hóa vượt 100.000 tỷ"
MWG,8/15/2024,9:28,SSI Research dự báo Bách Hoá Xanh có thể lãi 228 tỷ trong năm 2024
MWG,8/14/2024,15:27,SSI Research: Bách Hóa Xanh khó tăng doanh thu lên cao hơn mức 2 tỷ đồng/cửa hàng/tháng nhưng có thể lãi hàng trăm tỷ trong năm 2024 và 2025
MWG,8/14/2024,13:44,"1 năm sau cuộc chiến giá: Cổ phiếu FRT và MWG về đỉnh cũ, bên đẩy mạnh mảng dược - điện máy trong nước, bên kia “tất tay” cho thị trường Indonesia"
MWG,8/9/2024,13:08,"Cú lội ngược dòng của Bách Hóa Xanh: Từng phải cắt giảm 900 cửa hàng, nay đã tưng bừng khai trương khắp 4 tỉnh thành, doanh thu mỗi điểm lên mức 2,1 tỷ đồng/tháng"
MWG,8/9/2024,11:08,"Vừa có lãi, Bách Hóa Xanh rục rịch mở loạt cửa hàng mới trong tháng 8"
MWG,8/5/2024,15:43,Thế Giới Di Động chi thêm 1.000 tỷ đồng cho nhân viên dù cắt giảm hơn 8.500 người so với cùng kỳ năm trước
MWG,8/2/2024,17:50,"Thế giới Di động vừa ghi nhận tình trạng chưa từng có, một thông tin về dàn lãnh đạo lại gây bất ngờ lớn"
MWG,8/2/2024,15:55,"Ông Nguyễn Đức Tài: Sẵn sàng 'bành trướng' tại Indonesia, EraBlue sẽ có lãi trong năm 2024"
MWG,8/2/2024,10:19,"Dragon Capital tiếp tục bán ra hàng triệu cổ phiếu Thế giới di động (MWG), giá trị hơn trăm tỷ"
MWG,7/31/2024,16:54,"Thế giới Di động thông báo một tin vui, lịch sử công ty chưa từng ghi nhận tình trạng này"
MWG,7/31/2024,13:43,"Hai ""ông lớn"" bán lẻ đóng thêm cả trăm cửa hàng FPT Shop và Điện Máy Xanh"
MWG,7/31/2024,11:24,"Chuỗi Điện Máy Xanh bất ngờ đóng 87 cửa hàng trong 'tháng Euro', lớn nhất lịch sử"
MWG,7/31/2024,6:04,"Mạnh tay đóng hàng chục nhà thuốc, chuỗi An Khang tiếp tục lỗ hơn 100 tỷ trong quý 2"
MWG,7/30/2024,17:51,Bách Hóa Xanh lần đầu tiên có lãi kể từ khi hoạt động
MWG,7/30/2024,17:39,"Thế Giới Di Động (MWG) báo lãi gần 1.200 tỷ đồng trong quý 2, cao nhất trong vòng 9 quý"
MWG,7/30/2024,14:22,"Đóng hàng trăm cửa hàng An Khang, Thế giới di động và Điện máy xanh, doanh thu tháng 6 của MWG vẫn tăng mạnh, Bách Hóa Xanh báo ""tin vui"""
MWG,7/27/2024,16:21,Tình hình cổ phiếu Thế giới Di động
MWG,7/24/2024,18:28,"Nhóm quỹ Dragon Capital bất ngờ bán MWG sau nửa năm âm thầm ""gom hàng"""
MWG,7/5/2024,8:15,"Thay đổi mang tính ""bước ngoặt"", doanh thu trên cửa hàng Bách Hoá Xanh sẽ ngày càng vượt ngoài mơ ước của ông Nguyễn Đức Tài, bỏ xa mốc 2 tỷ trong năm nay?"
MWG,7/2/2024,12:13,"Được khuyên quản trị phải có “tình yêu thương”, ông Nguyễn Đức Tài từng nghĩ “người này mới đi tu về à” và đúc kết của DN 112 năm trong ngành đào tạo: Đầu tư vào lãnh đạo sẽ thành công lâu dài"
MWG,7/1/2024,0:13,"Chơi tiền ảo thua lỗ, nhân viên Thế giới Di động lừa đảo bán điện thoại, chiếm đoạt hàng tỷ đồng"
MWG,6/26/2024,9:21,"2 'ông trùm' bán lẻ Thế Giới Di Động, Masan cùng bị loại khỏi Danh sách 50 công ty niêm yết tốt nhất của Forbes"
MWG,6/24/2024,17:45,"Mỗi cửa hàng Bách Hóa Xanh thu về bình quân 2 tỷ đồng trong tháng 5, ngày có lãi đang tới gần?"
MWG,6/20/2024,6:09,Thế Giới Di Động đặt mục tiêu lắp đặt 1 triệu máy lọc nước
MWG,6/20/2024,1:30,Chủ tịch Thế giới Di động Nguyễn Đức Tài bán xong 2 triệu cổ phiếu MWG
MWG,6/15/2024,10:08,"Thế 'bánh kẹp' của TGDĐ và FPT Shop: Offline thì bị 'trẻ vị thành niên' CellphoneS & ShopDunk kèn cựa, online khó đấu nổi Shopee & Lazada dù có chịu 'đốt tiền'"
MWG,6/12/2024,16:41,"""Chỉ bạn mới biết bạn có đàng hoàng hay không"": Thế Giới Di Động 15 năm liên tiếp chọn Ernst & Young kiểm toán báo cáo tài chính"
MWG,6/11/2024,17:58,"Thế giới Di động sắp chi 730 tỷ trả cổ tức, cổ đông nhận tiền chỉ sau 9 ngày ""lăn chốt"""
MWG,6/11/2024,13:05,"Sau quá trình 'tập gym' toàn bộ hệ thống, Bách Hóa Xanh từ 'con nợ' trở thành 'con cưng' của Thế giới di động, hiện thực hóa mục tiêu 'mang tiền về cho mẹ' năm 2024"
MWG,6/9/2024,13:58,Bất ngờ với cổ phiếu Thế giới Di động
MWG,6/7/2024,0:36,"Giữa lúc Chủ tịch Nguyễn Đức Tài muốn bán bớt MWG, nhóm quỹ ngoại quy mô lớn nhất Việt Nam bất ngờ gom thêm hàng triệu cổ phiếu, sở hữu hơn 8% Thế giới Di động"
MWG,6/5/2024,10:13,"Chủ tịch Thế giới Di động, cổ đông lớn của Nam Long chốt lời hàng triệu cổ phiếu"
MWG,6/5/2024,0:05,"Không phải Bách Hóa Xanh hay thị trường Indonesia, một yếu tố đột phá được kỳ vọng giúp Thế giới di động khởi sắc trong nửa cuối 2024"
MWG,6/4/2024,18:17,"Nửa năm sau phát ngôn ""ai không có niềm tin thì cứ bán MWG đi"", Chủ tịch Thế giới Di động Nguyễn Đức Tài đăng ký bán 2 triệu cổ phiếu khi giá lên đỉnh 20 tháng"
MWG,5/28/2024,10:52,"Đưa ra lời khuyên cho cháu của Chủ tịch MWG Nguyễn Đức Tài từ 4 năm trước, Shark Bình ""tiên tri"" chính xác viễn cảnh tương lai"
MWG,5/26/2024,17:44,Thế giới Di động làm gì khi gần 5.000 nhân viên nghỉ việc?
MWG,5/20/2024,10:18,Thế giới Di động (MWG) bất ngờ giảm vốn điều lệ khi huỷ hàng triệu cổ phiếu quỹ
MWG,5/18/2024,9:12,"Tin vui dồn dập với Thế giới di động: Sau Bách Hoá Xanh đến lượt ""đứa con du học"" tại Indonesia mang tiền về cho mẹ"
MWG,5/16/2024,0:07,Chỉ còn gần 4 triệu cổ phiếu Thế giới Di động (MWG) cho nhà đầu tư nước ngoài
MWG,5/15/2024,10:45,Cổ phiếu Thế Giới Di Động có gì mà khối ngoại ồ ạt mua vào 13 phiên liên tiếp?
MWG,5/15/2024,7:03,Lý do thực sự khiến gần 5.000 nhân viên Thế giới Di động nghỉ việc
MWG,5/14/2024,0:02,"Sếp Thế Giới Di Động khẳng định chuỗi điện máy tại Indonesia ""lỗ trong kế hoạch"", tuyên bố sẽ có lãi từ quý 4 năm nay"
MWG,5/13/2024,12:25,"Tuyên bố của ông Nguyễn Đức Tài thành hiện thực: Bách Hóa Xanh bắt đầu ""đem tiền về cho mẹ"", có thể đã có lãi trong tháng 4"
MWG,5/13/2024,6:54,Thế Giới Di Động giải thể 'mơ ước' của ông Nguyễn Đức Tài: Khi người tiêu dùng chưa sẵn sàng ăn rau giá cao
MWG,5/12/2024,15:19,Ông Nguyễn Đức Tài tiết lộ cách thức để không đi vào vết xe đổ của các công ty thất bại
MWG,5/9/2024,11:05,"Thế Giới Di Động giải thể 2 công ty con, trong đó có cả 'ước mơ' của ông Nguyễn Đức Tài"
MWG,5/9/2024,6:01,"Dragon Capital ""âm thầm"" tung nghìn tỷ gom hơn 22 triệu cổ phiếu Thế giới Di động trong vòng nửa tháng"
MWG,5/8/2024,9:06,"MWG nhận được 1,77 nghìn tỷ đồng trong thương vụ bán 5% Bách Hóa Xanh"
MWG,5/6/2024,8:20,"Những sáng kiến 'còn nước, còn tát' của Thế Giới Di Động, FPT Retail hay Digiworld nhằm cứu vãn sự ảm đạm của ngành hàng smartphone và laptop"
MWG,5/6/2024,0:08,"Cổ phiếu đế chế bán lẻ của ông Nguyễn Đức Tài “hot” trở lại trong mắt nhà đầu tư nước ngoài: Hơn 2.000 tỷ được tung ra, lấp gần 3% ""room"" ngoại tại Thế giới di động chỉ trong 1 tháng"
MWG,5/3/2024,15:27,Cổ phiếu Thế Giới Di Động (MWG) khớp lệnh cao kỷ lục
MWG,5/3/2024,0:02,"Thế giới Di động dần ""nhẹ gánh"" với khoản lỗ từ hai chuỗi Bách Hoá Xanh và An Khang trong 3 tháng đầu năm 2024"
MWG,5/1/2024,8:44,"Lợi nhuận gấp 43 lần cùng kỳ, Thế giới di động (MWG) vẫn giảm gần 5.000 nhân viên sau 'năm khốc liệt nhất lịch sử'"
MWG,4/30/2024,5:00,Ông Nguyễn Đức Tài bất ngờ nhận lương 0 đồng dù Thế Giới Di Động lãi đột biến hơn 900 tỷ quý đầu năm
MWG,4/30/2024,0:03,"Dòng vốn ngoại ồ ạt trở lại lấp ""room"" Thế giới Di động, riêng nhóm Dragon Capital mạnh tay chi tiền gom hàng triệu cổ phiếu MWG"
MWG,4/30/2024,0:02,Một chi tiết trên BCTC của Thế Giới Di Động bất ngờ hé lộ định giá Bách Hóa Xanh
MWG,4/29/2024,15:55,"Thế Giới Di Động lãi ròng hơn 900 tỷ quý 1, gấp 43 lần cùng kỳ 2023"
MWG,4/28/2024,15:48,Các đại gia bán lẻ công nghệ của Việt Nam đang làm ăn ra sao?
MWG,4/28/2024,6:03,"Bán chung ngành hàng, 2 'ông lớn' điện máy kiếm bộn tiền giữa nắng nóng"
MWG,4/15/2024,6:07,Chủ tịch Thế giới Di động khẳng định sẽ tiến hành mua cổ phiếu quỹ bất chấp giá MWG biến động
MWG,4/15/2024,0:03,Chủ tịch Thế Giới Di Động phản ứng bất ngờ về việc cổ phiếu MWG có nguy cơ bị loại khỏi rổ VNDiamond
MWG,4/14/2024,11:43,"Quan điểm về nhân tài của ông Nguyễn Đức Tài: Có logic và 'CPU' chạy ổn, nhưng cần 1 yếu tố quan trọng nữa để được giao làm CEO"
MWG,4/14/2024,7:32,"Chủ tịch Thế Giới Di Động: Tạo ra hiệu ứng ""nước đổ về chỗ trũng"""
MWG,4/14/2024,0:26,Chủ tịch Thế giới Di động: ‘Tôi biết rất rõ hoạt động của tập đoàn không hiệu quả’
MWG,4/13/2024,18:00,"TGDĐ và Điện máy Xanh đóng 200 cửa hàng, ông Nguyễn Đức Tài: Tái cấu trúc là văn hóa mới của công ty, ""để đảm bảo không có gì dư thừa trên cơ thể"""
MWG,4/13/2024,15:41,"Ông Nguyễn Đức Tài nói về cách chọn lãnh đạo cho Thế giới Di động: Có một 'bộ CPU' chạy ổn, không lừa thầy phản bạn, không chém đinh chặt sắt"
MWG,4/13/2024,15:10,"Ông Đoàn Văn Hiểu Em: Chuỗi bán lẻ điện máy, ICT tại Indonesia có doanh thu mỗi cửa hàng cao hơn nhiều Việt Nam, đặt mục tiêu hòa vốn cấp độ công ty trong năm nay"
MWG,4/13/2024,14:43,"Lãnh đạo MWG: Kết quả kinh doanh quý 1 khả quan, Bách Hóa Xanh có lãi, thậm chí lãi ""4 chữ số"" trong khoảng 2 năm tới"
MWG,4/10/2024,0:59,"Khối ngoại trở lại tung gần nghìn tỷ ""gom"" cổ phiếu Thế giới di động, thị giá MWG tăng bốc lên đỉnh 7 tháng"
MWG,4/9/2024,20:52,"Chân dung ông lớn Trung Quốc vừa chi 1,8 nghìn tỷ đồng mua cổ phần Bách Hoá Xanh, gia nhập cuộc chơi bán lẻ tỷ USD của Việt Nam, cạnh tranh với WinMart, Co-opMart..."
MWG,4/9/2024,11:48,Lộ diện cổ đông lớn mua 5% cổ phần Bách Hóa Xanh
MWG,4/2/2024,14:58,"Sếp Thế giới Di động thu nhập thế nào trong ""năm khốc liệt nhất lịch sử"", 10.000 nhân viên bị xóa tên?"
MWG,3/30/2024,0:06,"Chủ tịch Thế giới di động thổ lộ tâm tư sau 1 năm ""khốc liệt nhất"" lịch sử hoạt động: Đã quá lạc quan khi lên kế hoạch, hiện tại không đặt nhiều kỳ vọng về sức mua phục hồi khả quan"
MWG,3/29/2024,10:54,"Thế Giới Di Động xóa tên 10.000 nhân viên trên toàn hệ thống trong năm ""khốc liệt nhất lịch sử hoạt động"""
MWG,3/29/2024,0:02,"Đế chế Thế giới Di động của ông Nguyễn Đức Tài đặt tham vọng trở thành tập đoàn số 1 Đông Nam Á về bán lẻ, thương mại điện tử và dịch vụ vào năm 2030"
MWG,3/28/2024,6:00,Em gái ông Nguyễn Đức Tài bán ra gần nửa lượng cổ phần nắm giữ tại Thế giới Di động
MWG,3/23/2024,0:18,"Ngôi sao đang lên Bách Hoá Xanh: Được ông Nguyễn Đức Tài coi là nhân tố ""gánh team"", doanh thu cao gấp rưỡi bất chấp việc đóng bớt cửa hàng, tự tin ""mang tiền về"" ngay trong năm nay"
MWG,3/22/2024,18:47,"“Sao đổi ngôi” trong đế chế bán lẻ của Chủ tịch Nguyễn Đức Tài: Thế Giới Di Động và Điện Máy Xanh đóng hơn 200 cửa hàng sau 1 năm, Bách Hóa Xanh thành thế lực tăng trưởng sung mãn nhất"
MWG,3/22/2024,17:12,"Thế giới Di động đạt gần 22.000 tỷ đồng doanh thu trong 2 tháng đầu năm, tăng trưởng 14%, điểm sáng đến từ Bách Hóa Xanh"
MWG,3/21/2024,14:39,"Vượt kế hoạch lợi nhuận 2024, lãnh đạo Thế giới Di động vẫn có thể không được ESOP, thậm chí sẽ bị ""cắt"" thêm nếu giá cổ phiếu MWG trên sàn thua VN-Index"
MWG,3/21/2024,7:14,"Thế Giới Di Động sẽ chi hơn 700 tỷ đồng trả cổ tức năm 2023, muốn đưa Era Blue thành chuỗi bán điện máy số một Indonesia"
MWG,3/12/2024,20:07,SSI Research dự báo BMP có thể vào VNDiamond thay thế MWG
MWG,3/9/2024,0:10,Em gái Chủ tịch Thế giới Di động Nguyễn Đức Tài muốn bán gần nửa lượng cổ phiếu MWG đang nắm giữ
MWG,3/7/2024,12:18,"Lần đầu tiên Bách hóa Xanh vượt doanh thu các ông lớn WinMart/WinMart+, Co.opmart"
MWG,3/6/2024,10:29,"Bách Hoá Xanh đã khởi sắc nhưng CEO vẫn chưa chịu nhận lương, Chủ tịch MWG Nguyễn Đức Tài tiết lộ: Với lãnh đạo cấp cao thì lương không phải là mục tiêu!"
MWG,3/6/2024,0:32,"Sau lời khẳng định ""cơ hội mua MWG chỉ đến hết quý 1"" của Chủ tịch Thế Giới Di Động Nguyễn Đức Tài: Giá cổ phiếu bứt phá lên đỉnh 5 tháng, khối ngoại vội trở lại ""gom hàng"" nhưng chính ông chủ chỉ mua nhỏ giọt"
MWG,3/3/2024,9:19,Trương Mỹ Lan thao túng Ngân hàng SCB; số phận 'con cưng' của Thế giới Di động
MWG,3/1/2024,10:29,"Chủ tịch Thế giới Di động nhận thu nhập chưa tới 4 triệu/quý, quyền Giám đốc quyết không lấy lương: Nhà đầu tư thắc mắc liền nhận lại tuyên bố xanh rờn nhưng ai cũng phải “ngả mũ nể phục”"
MWG,2/29/2024,16:53,"Chủ tịch HĐQT Nguyễn Đức Tài khẳng định tăng trưởng của Thế giới Di động trong 5 năm tới sẽ ""nằm trên vai"" Bách Hóa Xanh, không có ý định thử nghiệm chuỗi mới"
MWG,2/29/2024,16:05,"Bị Shopee, Lazada ""gặm nhấm"" thị phần, Thế Giới Di Động thực thi chiến lược ""nước chảy chỗ trũng"", dừng cuộc chiến giá"
MWG,2/29/2024,16:00,"Thành viên HĐQT Thế Giới Di Động bán 1,2 triệu cổ phiếu MWG để mua nhà cho vợ, nhận thù lao 2023 gấp 10 lần Chủ tịch Nguyễn Đức Tài"
MWG,2/29/2024,15:44,Thành viên HĐQT Thế giới Di động tuyên bố lý do bán cả triệu cổ phiếu MWG khiến ai nghe xong cũng phải ngậm ngùi đồng cảm
MWG,2/29/2024,11:54,"Công ty Trung Quốc muốn mua 10% vốn của Bách Hóa Xanh: Quản lý 27 tỷ USD tài sản, từng sở hữu 20% Thế giới Di động"
MWG,2/28/2024,17:15,"Reuters: Một công ty của Trung Quốc muốn mua lại 10% vốn của Bách Hóa Xanh, định giá ở mức 1,7 tỷ USD"
MWG,2/24/2024,8:54,"Thế giới di động trở lại là 'tay buôn tiền' tài giỏi: Cầm 1 tỷ USD tiền 'tươi', hơn 600 tỷ đồng từ hoạt động tài chính chiếm 89% lợi nhuận trước thuế năm 2023"
MWG,2/22/2024,17:05,Thành viên HĐQT có thu nhập cao nhất tại Thế Giới Di Động muốn bán lượng cổ phiếu MWG trị giá hơn 50 tỷ đồng
MWG,2/16/2024,7:08,VCBS dự báo Bách Hóa Xanh có thể lãi 400 tỷ trong năm 2024
MWG,2/2/2024,14:53,"Dragon Capital đã bán ròng gần 18 triệu cổ phiếu Thế Giới Di Động, hạ sở hữu xuống dưới 6%"
MWG,2/2/2024,9:09,"Con thuyền' của thuyền trưởng Nguyễn Đức Tài giảm 8.600 'thủy thủ' năm 2023, lần đầu tiên bớt người sau một thập kỷ tăng trưởng"
MWG,2/2/2024,7:34,"Thu hẹp quy mô, Thế giới Di động mạnh tay cắt cả vạn nhân viên, FPT Retail thừa thắng xông lên tuyển vài nghìn người đi bán thuốc"
MWG,2/2/2024,0:52,"Sau năm 2023 lãi thấp chưa từng thấy, Thế Giới Di Động (MWG) lên kế hoạch lợi nhuận 2024 tăng gấp 14 lần nhưng vẫn kém xa thời đỉnh cao"
MWG,2/1/2024,0:02,"Doanh thu bán thịt, cá, rau của Bách Hóa Xanh cao gấp rưỡi tiền bán điện thoại, máy tính nhưng vẫn đang gồng lỗ hơn 3 tỷ đồng/ngày"
MWG,1/31/2024,13:17,"Thế giới di động đạt 118.000 tỷ đồng doanh thu: Tivi, máy tính bảng, điện thoại đều giảm từ 10%-50%, riêng 1 mặt hàng tăng trưởng cả về số lượng và doanh thu"
MWG,1/30/2024,15:45,"Bách Hoá Xanh tuyên bố hoà vốn sau nhiều năm “lỡ hẹn”, quyền Giám đốc Phạm Văn Trọng sắp được nhận lương sau 1 năm cống hiến không lương?"
MWG,1/25/2024,15:38,"Ước tính đóng 200 cửa hàng tại Việt Nam trong 3 tháng cuối năm 2023, Thế giới di động vừa khai trương cửa hàng Erablue thứ 50 tại Indonesia"
MWG,1/18/2024,15:44,"200 robot tự hành vừa được tuyển dụng tại Viettel Post có khiến Chủ tịch MWG Nguyễn Đức Tài thay đổi suy nghĩ ""Logistics ở Việt Nam kém hiệu quả""?"
MWG,1/18/2024,12:50,Bách Hóa Xanh sẽ chào bán riêng lẻ tối đa 10% cổ phần ngay trong nửa đầu năm 2024
MWG,1/16/2024,6:00,"MWG, PNJ, ACB và 3 cổ phiếu được tăng tỷ trọng trong rổ chỉ số Diamond sau kỳ cơ cấu tháng 1"
MWG,1/16/2024,0:35,"""Xác suất cao cổ phiếu Thế giới Di động bị loại khỏi rổ VNDiamond trong kỳ review tháng 4"""
MWG,1/11/2024,0:05,Chủ tịch Thế giới Di động Nguyễn Đức Tài lần thứ hai không mua hết lượng cổ phiếu MWG đăng ký
MWG,1/5/2024,9:41,"Tiếng ""rên xiết"" từ MWG: Ước tính 200 cửa hàng bị đóng trong 3 tháng cuối năm 2023, tái sinh bất thành sau cuộc chiến giá do chính mình khởi xướng?"
MWG,1/4/2024,17:37,"Tiếng ""rên xiết"" từ MWG: Ước tính 200 cửa hàng bị đóng trong năm 2023, tái sinh bất thành sau cuộc chiến giá do chính mình khởi xướng?"
MWG,12/25/2023,16:52,"Lời tiên tri ""tiếng rên xiết kéo dài"" của Chủ tịch Nguyễn Đức Tài linh nghiệm với chính Thế Giới Di Động, còn các đối thủ đang ra sao?"
MWG,12/25/2023,11:15,"Đóng loạt cửa hàng, doanh thu Thế Giới Di Động sụt giảm sau khi vừa tăng trưởng mạnh trong tháng 10"
MWG,12/12/2023,9:59,"Thế giới Di động đóng cửa 200 điểm bán hàng trước Tết, các cửa hàng tại Indonesia có bị ảnh hưởng?"
MWG,12/11/2023,16:38,"Thêm một ""thủ phạm"" khiến Thế giới di động giảm sút doanh thu chưa từng có: Quá khứ có lúc đóng góp tới 35%, nay rớt mạnh"
MWG,12/9/2023,11:44,"Hai thập kỷ kinh doanh của Thế giới di động: 19 năm THĂNG hoa, 1 năm TRẦM cảm"
MWG,12/8/2023,10:02,"Thấy gì khi ông chủ Thế giới Di động (MWG) Nguyễn Đức Tài chỉ mua ""nhỏ giọt"" tỷ lệ cổ phiếu đăng ký?"
MWG,12/4/2023,15:07,"Lên kế hoạch đóng 200 cửa hàng, Thế Giới Di Động (MWG) có động thái mới với Viettel"
MWG,11/29/2023,10:32,"Cổ phiếu Thế giới di động (MWG) ""hở room"" ngoại gần 5%"
MWG,11/28/2023,0:02,"Lời khẳng định đóng các cửa hàng “hệ ăn bám” nhưng không hụt nguồn thu của ông Nguyễn Đức Tài có thêm cơ sở: Tiền bán điện thoại, laptop của MWG trở lại vượt doanh thu bán thịt, rau"
MWG,11/27/2023,7:37,Vietcap dự báo Bách Hóa Xanh lỗ gần 1.000 tỷ trong năm 2023 và tiếp tục lỗ gần 300 tỷ trong năm 2024
MWG,11/24/2023,14:05,"Thế Giới Di Động tăng trưởng dương tháng 10, đóng 200 cửa hàng để tối ưu chi phí"
MWG,11/22/2023,0:05,"Room ngoại “ế” hơn 64 triệu cổ phiếu, phải chăng MWG đã hết “hot” trong mắt nhà đầu tư nước ngoài?"
MWG,11/17/2023,0:02,"Từng ""hứa"" đầu tư dài hạn, nhóm quỹ ngoại tỷ USD bỗng quay đầu bán ròng hàng chục triệu cổ phiếu MWG, không còn là cổ đông lớn tại Thế Giới Di Động"
MWG,11/15/2023,21:18,Cuộc chiến giá có thực sự khiến các đối thủ của MWG “chỉ thở” như lời ông Nguyễn Đức Tài nói?
MWG,11/13/2023,19:33,"Chủ tịch TGDĐ Nguyễn Đức Tài: Ai không có niềm tin thì cứ bán cổ phiếu đi, bản thân đã lên kế hoạch mua thêm nhưng ""lu bu"" chưa có thời gian để hành động"
MWG,11/7/2023,0:02,"Cuộc di cư lớn của dòng tiền tại Thế giới Di Động: Hàng chục triệu cổ phiếu liên tục bị ""xả"" xuyên suốt hai tháng, ""room"" ngoại hở gần 3%"
MWG,11/4/2023,0:06,"Dragon Capital bán hơn 4 triệu cổ phiếu MWG, Chủ tịch HĐQT Nguyễn Đức Tài bất ngờ đăng ký mua vào 1 triệu cổ phiếu"
MWG,11/3/2023,8:31,Lộ diện nhiều quỹ lớn liên tục bán ra cả chục triệu cổ phiếu Thế giới Di động dù từng có lúc phải trả chênh tới 45% để gom hàng
MWG,11/2/2023,8:43,"Vốn hoá bốc hơi 1,2 tỷ USD, cổ đông bùi ngùi nhớ lời ông Nguyễn Đức Tài: ""Bỏ 1 tỷ mua cổ phiếu MWG và quên đi, chắc chắn khi con em 18 tuổi sẽ có 100 tỷ khởi nghiệp”"
MWG,11/1/2023,15:31,"Tiền nội “ồ ạt” vào bắt đáy, cổ phiếu Thế Giới Di Động (MWG) khớp lệnh kỷ lục"
MWG,11/1/2023,0:01,Thế giới di động gánh thêm khoản lỗ hơn 1.100 tỷ đồng từ hai chuỗi Bách Hoá Xanh và An Khang trong 9 tháng đầu năm 2023
MWG,10/31/2023,0:01,"Lợi nhuận lao dốc, Chủ tịch Thế Giới Di Động Nguyễn Đức Tài không nhận lương trong quý 3 nhưng vẫn có thành viên HĐQT “bỏ túi” cả tỷ đồng"
MWG,10/30/2023,20:30,"Thế giới Di động (MWG): Lợi nhuận quý 3 gấp đôi quý 2 nhưng giảm tới 96% so với cùng kỳ, nắm gần 1 tỷ USD tiền gửi"
MWG,10/30/2023,13:12,"Thu hàng trăm tỷ đồng nhờ Iphone 15 mới ra mắt, Thế Giới Di Động (MWG) báo doanh thu tháng 9 lên cao nhất từ đầu năm"
MWG,9/26/2023,0:03,"Doanh thu/cửa hàng Bách Hóa Xanh tăng tháng thứ 5 liên tiếp, lên mức cao thứ hai trong lịch sử hoạt động"
MWG,9/25/2023,13:40,"MWG đạt gần 10.000 tỷ đồng doanh thu trong tháng 8, ghi nhận tháng thứ 2 tăng liên tiếp"
MWG,9/20/2023,0:01,Chuỗi “hở room” kéo dài nhất trong nhiều năm tại Thế giới Di động (MWG): Dư hàng triệu cổ phiếu nhưng nhà đầu tư ngoại không còn tranh mua
MWG,9/17/2023,10:11,Cổ phiếu Thế giới Di động liên tục bị bán tháo
MWG,9/13/2023,14:52,VCBS: Thế Giới Di Động đã chiếm tới 45% thị phần Apple tại Việt Nam sau chiến lược cạnh tranh giá rẻ
MWG,9/1/2023,9:40,"Cổ đông ngoại liên tục giảm sở hữu, sếp Thế Giới Di Động cũng muốn bán bớt cổ phiếu MWG"
MWG,8/23/2023,10:24,"Doanh thu tháng 7 của Thế Giới Di Động (MWG) hồi phục lên gần 10.000 tỷ, Bách Hóa Xanh lên mức cao nhất trong vòng 2 năm"
MWG,8/17/2023,0:01,"Thế khó của Thế giới Di động (MWG) trước tham vọng xây dựng đế chế bán lẻ: Nhiều mảng kinh doanh vẫn dang dở, khối ngoại không còn quá “mặn mà”"
MWG,8/13/2023,8:15,"Lãnh đạo MWG: Doanh thu tháng 7 giảm 11%, Bách Hóa Xanh kỳ vọng lớn có thể hòa vốn vào cuối năm"
MWG,8/1/2023,0:01,"Chuỗi nhà thuốc An Khang gánh khoản lỗ lũy kế gần 500 tỷ đồng, tạm ngưng chiến lược gia tăng cửa hàng, ngày càng ""hụt hơi"" trước Long Châu"
MWG,7/31/2023,10:42,"Lỗ luỹ kế hơn 8.000 tỷ kể từ khi hoạt động, Bách Hóa Xanh bao giờ đạt điểm hòa vốn?"
MWG,7/27/2023,8:39,"Nửa đầu năm 2023, doanh thu Thế Giới Di Động giảm 20% so với cùng kỳ, tiền từ bán thịt, cá, rau… nhiều hơn bán điện thoại, máy tính"
MWG,7/21/2023,15:49,"Thế Giới Di Động (MWG) khớp lệnh kỷ lục, cổ phiếu tăng kịch trần lên đỉnh 9 tháng"
MWG,7/17/2023,13:42,"Bộ đôi FRT – MWG: Càng chiến giá, càng “rên xiết”, cổ phiếu lại càng thăng hoa"
MWG,7/13/2023,0:02,"Cổ phiếu Thế giới di động lên cao nhất 5 tháng, vốn hóa tăng thêm gần 9.000 tỷ chỉ sau 4 phiên, giai đoạn xấu nhất đã qua đi?"
MWG,7/11/2023,0:05,"Cổ phiếu MWG vừa tăng 10% sau 2 phiên, “sếp” Thế Giới Di Động đã nhanh tay đăng ký bán ra"
MWG,7/4/2023,11:21,Cổ tức Thế Giới Di Động có thực sự thụt lùi?
MWG,6/30/2023,19:01,Cổ đông Thế Giới Di Động (MWG) sắp “bỏ túi” 700 tỷ đồng cổ tức tiền mặt
MWG,6/28/2023,9:54,Đằng sau cuộc chiến giá rẻ: Thành bại có tại giá rẻ? (kỳ cuối)
MWG,6/23/2023,16:56,"Giữa cuộc chiến ""giá rẻ"", Thế giới Di động (MWG) ước doanh thu tháng 5 giảm 10% so với cùng kỳ, tiếp tục ""giấu"" lợi nhuận"
MWG,6/2/2023,10:36,"BVSC: Lợi nhuận ròng của MWG có thể giảm 80% trong năm nay, chuỗi Bách Hóa Xanh tiếp tục lỗ hơn 1.000 tỷ"
MWG,6/1/2023,11:56,"Thế Giới Di Động khiến cuộc đua giá rẻ mùa hè này thêm ""nóng"": Hoàn tiền nếu ở đâu rẻ hơn"
MWG,6/1/2023,11:05,"Thế giới Di động ""tiếp đòn"" cho đại chiến hạ giá: Giảm đến hàng điện máy cao cấp, ""bao chấp"" ở đâu rẻ hơn sẽ hoàn tiền"
MWG,5/5/2023,15:24,"Bách hóa Xanh lỗ gần 4 tỷ đồng/ngày, điện thoại, điện máy đang bán ít lãi hơn nhưng TGDĐ vẫn có trong tay một ""vũ khí"" mà nhiều DN phải ao ước"
MWG,5/3/2023,14:53,Thế giới Di động lên tiếng về thông tin “đã sa thải 12.000 nhân viên”: Tính đúng là giảm 9.000 người trong 6 tháng
MWG,4/29/2023,16:30,Hai ông lớn ngành bán lẻ không còn lãi
MWG,4/25/2023,10:48,"Số liệu đáng báo động với Thế Giới Di Động: Doanh thu tháng 3 không đạt nổi 8.000 tỷ đồng, quay về thời cách đây 4 năm dù đã mở thêm hàng ngàn cửa hàng"
MWG,4/18/2023,16:40,"Quỹ ngoại tỷ USD bất ngờ bán ra 2,4 triệu cổ phiếu Thế giới Di động (MWG)"
MWG,4/18/2023,0:15,"Vốn hoá “bốc hơi” 2,5 tỷ USD sau một năm, MWG đã bước qua giai đoạn khó khăn nhất?"
MWG,4/10/2023,9:40,"Bách Hóa Xanh muốn trở thành nơi ""tám chuyện"" của các bà nội trợ"
MWG,3/28/2023,14:26,"Chủ tịch Thế giới Di Động ""trải lòng"" với cổ đông và nhân viên: Tâm lý tiêu dùng tiết kiệm, MWG sẽ chấm dứt những thử nghiệm không có tiềm năng tăng trưởng"
MWG,3/28/2023,10:28,Thế giới Di động (MWG) dự chi 732 tỷ đồng trả cổ tức năm 2022
MWG,3/27/2023,14:54,"Doanh thu 2 tháng đầu năm Thế giới Di động giảm 25%, hoàn tất thu hồi 100% vốn và lãi với trái phiếu đến hạn"
MWG,2/25/2023,0:05,VNDirect dự báo lợi nhuận Thế giới di động khả quan hơn trong nửa cuối năm khi Bách Hóa Xanh đạt điểm hòa vốn
MWG,2/21/2023,11:08,Điểm danh những thương hiệu của Thế giới Di động bị 'khai tử'
MWG,2/17/2023,11:37,"MWG đặt mục tiêu lãi ròng tối thiểu 4.200 tỷ đồng, ngưng mở mới An Khang, “dọn dẹp” chuỗi Bluetronics và AvaSprort trong năm 2023"
MWG,2/11/2023,9:25,"Bán cả trăm nghìn tỷ đồng điện thoại, TV, tủ lạnh, đâu là những nhà cung ứng chính của Thế Giới Di Động?"
MWG,2/10/2023,11:53,Quỹ ngoại quy mô tỷ đô vừa mua vào hơn 4 triệu cổ phiếu Thế Giới Di Động (MWG)
MWG,2/8/2023,17:56,Vụ Thế giới Di động sa thải 7.000 nhân viên: Do nhầm lẫn số liệu?
MWG,2/8/2023,10:35,"Nỗ lực tái cấu trúc của ông Nguyễn Đức Tài có trái ngọt đầu tiên: Biên lợi nhuận cửa hàng Bách Hoá Xanh đổi chiều từ âm sang dương, nợ ròng quý 4 của MWG giảm gần 80% so với quý 3"
MWG,2/8/2023,9:13,"Nhiều ngân hàng tuyển thêm cả nghìn người năm 2022, Vinhomes, FPT tăng hơn 5.000 người, Đất Xanh và Thế giới Di động có động thái cắt giảm gây sốc"
MWG,2/7/2023,19:55,"Bán bớt hàng triệu cổ phiếu Thế Giới Di Động (MWG), nhóm Dragon Capital “bỏ túi” 250 tỷ đồng"
MWG,2/1/2023,7:14,Doanh nghiệp được các tỷ phú “chèo lái” vượt qua sóng gió 2022 ra sao?
MWG,11/28/2022,15:32,"Bách Hoá Xanh “chưa chịu” hoà vốn và tham vọng mới của ông Nguyễn Đức Tài: Lôi kéo khách hàng của siêu thị khác, chuẩn bị bước đệm cho IPO"
MWG,11/25/2022,9:00,"Cổ phiếu Thế giới di động giảm 50% sau hơn 2 tháng, vốn hóa “bốc hơi” 2,2 tỷ USD, điều gì đang xảy ra?"
MWG,11/17/2022,0:19,Ông Nguyễn Đức Tài hoàn tất mua vào 1 triệu cổ phiếu Thế giới Di Động (MWG)
MWG,11/2/2022,19:15,Thế giới di động lên tiếng về các tin đồn liên quan đến khoản đầu tư trái phiếu doanh nghiệp
MWG,11/2/2022,19:04,"Từng thu cả trăm tỷ nhờ “đi vay – cho vay lại”, Thế giới Di động (MWG) đang chịu lỗ tài chính 86 tỷ đồng dù đã tái cấu trúc nợ"
MWG,11/1/2022,14:36,Còn điều gì phía sau báo cáo tài chính quý 3 của MWG?
MWG,10/28/2022,20:29,"Giảm liên tiếp, lợi nhuận Thế giới Di động (MWG) quý 3 đạt hơn 900 tỷ đồng, nhấn mạnh đã chuẩn bị sẵn tiền trả nợ đến hạn"
MWG,10/1/2022,8:09,"VDSC: Năm 2023, chuỗi Bách Hóa Xanh có thể thu hẹp mức lỗ còn 700 tỷ"
MWG,9/29/2022,8:54,Hành trình tìm kiếm động lực tăng trưởng của MWG
MWG,9/27/2022,7:21,Lợi nhuận MWG về đáy một năm
MWG,9/21/2022,15:05,"Bách Hóa Xanh: Sản phẩm từ Đông A chiếm 3% tổng sản phẩm bày bán, đã thu hồi và ngừng bán toàn bộ"
MWG,9/20/2022,8:51,Các chuỗi cửa hàng cho mẹ và bé kinh doanh ra sao mà khiến MWG nhanh chóng mở rộng?
MWG,9/14/2022,8:04,"Kỳ vọng Bách Hóa Xanh chuyển từ lỗ sang lãi, lợi nhuận ròng của MWG có thể xấp xỉ 9.000 tỷ đồng vào năm 2023"
MWG,8/29/2022,9:35,MWG: Tin định giá Bách Hóa Xanh là không chính xác
MWG,8/3/2022,10:21,"WinCommerce và Bách Hóa Xanh: Bên mở rộng 800 cửa hàng, bên tiếp tục tái cấu trúc"
MWG,7/13/2022,16:48,"Diễn biến trái ngược trong hệ sinh thái MWG: Bách Hóa Xanh đóng tới 150 cửa hàng, Avakids và An Khang tăng tốc rượt đuổi Con Cưng và Long Châu"
MWG,7/13/2022,14:39,"Room ngoại “ế” hàng triệu cổ phiếu, phải chăng MWG đã hết “hot” trong mắt nhà đầu tư nước ngoài?"
MWG,7/4/2022,17:17,Cổ phiếu từng khiến khối ngoại phải trả chênh đến hàng chục % để sở hữu bất ngờ bị bán ròng 3 phiên liên tiếp
MWG,6/28/2022,8:07,"Những khoản đầu tư làm nên tên tuổi của Pyn Elite Fund: Lãi hàng nghìn tỷ với CEO và MWG, ngậm ngùi cắt lỗ HUT"
MWG,6/25/2022,17:50,"Lạm phát tăng cao, biên lợi nhuận MWG suy giảm"
MWG,6/23/2022,11:03,"Ông Nguyễn Đức Tài lý giải: Vì sao MWG không bán TV, tủ lạnh, máy giặt ngay trong chuỗi Thegioididong, mà chọn mở chuỗi Điện Máy Xanh?"
MWG,6/22/2022,9:56,"Dragon Capital bán gần 1,1 triệu cổ phiếu MWG"
MWG,6/21/2022,0:10,Hiện tượng lạ ở MWG: Khối ngoại bán ròng qua khớp lệnh
MWG,6/2/2022,13:19,MWG chốt quyền chia cổ tức cổ phiếu 2021 tỷ lệ 100%
MWG,6/1/2022,1:43,MWG chốt quyền trả cổ tức tiền mặt tỷ lệ 10%
MWG,5/20/2022,13:05,"Ông Đoàn Văn Hiểu Em: Thị trường gặp khó, MWG tập trung lấy thị phần để tăng trưởng"
MWG,5/20/2022,13:05,"Doanh thu MWG tháng 4 đạt 11.400 tỷ đồng, tăng 19%"
MWG,5/20/2022,12:58,"Ông Đoàn Văn Hiểu Em: Thị trường gặp khó, MWG tập trung lấy thị phần để tăng trưởng"
MWG,5/5/2022,9:31,"""Tiền đẻ ra tiền"" ở Thế giới Di động (MWG): Vay nợ hơn 1 tỷ USD nhưng thu ngàn tỷ từ tiền gửi ngân hàng, cho 2 CTCK vay 940 tỷ đồng"
MWG,5/3/2022,17:11,Thế Giới Di Động lập kỷ lục mỗi ngày đón 70 nhân viên mới
MWG,5/3/2022,10:22,"Vay nợ hơn 1 tỷ USD, Thế Giới Di Động (MWG) vẫn “dư dả” cho vay các công ty chứng khoán hơn 900 tỷ đồng"
MWG,5/1/2022,8:58,Thế Giới Di Động (MWG) đạt kỷ lục doanh thu trong một quý
MWG,4/29/2022,13:29,Thế Giới Di Động (MWG) chuẩn bị chia cổ tức tỷ lệ 110%
MWG,4/27/2022,11:04,"Ông Nguyễn Đức Tài đưa lời khuyên lúc Thế giới di động lên sàn: ""Tôi nói bỏ 1 tỷ duy nhất mua cổ phiếu MWG và quên đi, chắc chắn khi con em 18 tuổi nó sẽ có 100 tỷ để khởi nghiệp"""
MWG,4/23/2022,18:34,"Dàn lãnh đạo TGDĐ ngậm ngùi chia tay ông Trần Kinh Doanh, ông Nguyễn Đức Tài tuyên bố: Cuối năm 2022 hoặc 2023 sẽ đưa anh Doanh trở lại!"
MWG,4/23/2022,14:17,"[ĐHĐCĐ] Chủ tịch Thế giới Di động (MWG): Chưa chốt tỷ lệ bán vốn Bách Hóa Xanh, dư địa phát triển ngành dược còn rất lớn"
MWG,4/15/2022,17:18,Nhóm quỹ thuộc Dragon Capital chi 600 tỷ đồng mua cổ phiếu MWG phiên “hở room”
MWG,4/14/2022,19:30,"CEO TGDĐ: Tham vọng biến Indonesia trở thành một “Việt Nam thứ 2"""
MWG,4/14/2022,19:05,Dragon Capital bán bớt cổ phiếu MWG ngay trước khi vượt đỉnh
MWG,4/14/2022,8:33,"MWG thành lập công ty con ""mở đường"" bán vốn và niêm yết Bách Hóa Xanh"
MWG,4/13/2022,9:55,Khối ngoại chi 1.500 tỷ đồng gom cổ phiếu MWG ngay khi vừa hở room
MWG,4/8/2022,11:38,"Ông Đoàn Văn Hiểu Em đăng ký bán cổ phiếu MWG để giải quyết nhu cầu tài chính cá nhân, dự thu hơn 60 tỷ đồng"
MWG,4/4/2022,14:05,"Chủ tịch Thế giới Di động (MWG): 2021 là một năm thách thức không thể nào quên, nhưng thời khắc đen tối nhất có lẽ đã qua!"
MWG,4/3/2022,10:04,"Vốn hóa tăng 22 lần lên 5 tỷ USD sau 8 năm niêm yết, những cổ đông sáng lập kín tiếng của Thế giới Di động đang sở hữu khối tài sản lớn đến mức nào?"
MWG,4/2/2022,10:23,"Sau 15 năm làm thuê cho Thế giới Di động, ông Trần Kinh Doanh rời công ty với khối tài sản trị giá ít nhất 1.200 tỷ đồng"
MWG,4/1/2022,8:19,"Sau Bách Hóa Xanh, ông Trần Kinh Doanh bất ngờ rút lui khỏi vị trí Thành viên HĐQT kiêm TGĐ công ty mẹ Thế Giới Di Động (MWG)"
MWG,4/1/2022,0:15,Thế Giới Di Động (MWG) muốn bán tối đa 20% cổ phần Bách Hóa Xanh
MWG,3/27/2022,7:44,"Khai trương ngay sau mùa dịch, AVA Sport của Thế giới di động có lợi thế gì?"
MWG,3/22/2022,7:24,"Pharmacity, Long Châu, An Khang ồ ạt mở rộng cửa hàng: Ngành dược đang vào thời điểm vàng để các đại gia ""chơi khô máu""?"
MWG,3/15/2022,23:15,"Kế hoạch sang Indonesia của Thế Giới Di Động (MWG): Bắt tay với ""ông lớn"" địa phương, dự tung thương hiệu Era Blue vào giữa năm 2022 tại trung tâm Jakarta"
MWG,3/1/2022,13:38,"SSI Research: Lợi nhuận của ""đại gia"" ngành bán lẻ MWG có thể tăng 40% lên gần 7.000 tỷ đồng trong năm 2022"
MWG,2/27/2022,7:15,"Ông Nguyễn Đức Tài: Thế giới Di động khi bán quá nhiều thứ sẽ có rủi ro, nhưng một DN bán lẻ thành công phải không ngừng mở rộng"
MWG,2/23/2022,11:24,"Bỏ ra chưa tới 200 tỷ, nhân viên Thế giới Di động (MWG) sắp nhận về lượng cổ phiếu trị giá tới gần 2.700 tỷ, ""lãi"" gấp 13 lần"
MWG,2/21/2022,11:37,"CEO Thế giới Di động: Học xong bài học thử nghiệm tại Campuchia, chúng tôi đã có lộ trình 5 năm cho thị trường Indonesia, bao gồm việc lên sàn chứng khoán"
MWG,2/9/2022,20:29,"Long Châu tăng trưởng đột biến, Thế giới Di động liệu có ""chơi lớn"" với chuỗi nhà thuốc An Khang?"
MWG,2/7/2022,19:08,"Hoạt động tài chính sôi nổi, dư nợ của Thế giới Di động (MWG) vượt mốc 1 tỷ USD trong năm 2021"
MWG,1/28/2022,21:51,"Thế giới Di động (MWG) đạt 4.899 tỷ đồng lãi ròng trong năm 2021, tăng trưởng 25% và hoàn thành mục tiêu dù ban lãnh đạo từng bày tỏ khó thực hiện"
MWG,1/14/2022,14:50,Quỹ ngoại 3 tỷ USD tiếp tục chi gần 180 tỷ gom thêm cổ phiếu Thế Giới Di Động (MWG)
MWG,1/10/2022,18:37,"Sếp Thế giới Di động nói gì khi bị nói ""tham lam"" với việc mở cùng lúc 5 chuỗi bán lẻ AVA?"
MWG,1/8/2022,7:44,Ngành bán lẻ nhìn từ những động thái quyết liệt của Thế giới Di động hậu Covid-19: Bữa tiệc lớn nhưng không phải ai cũng có chỗ!
MWG,1/1/2022,8:42,Ông Trần Kinh Doanh rời vị trí điều hành Bách Hóa Xanh khi chuỗi đang gặp khó về tăng trưởng
MWG,12/28/2021,14:07,"Năm 2021 'căng như dây đàn’ của Chủ tịch Nguyễn Đức Tài: 2 cuộc đại khủng hoảng truyền thông, mở rộng các địa hạt mới, tham vọng ‘chinh phạt’ Đông Nam Á"
MWG,12/22/2021,23:36,Thế giới Di động (MWG) tạm ngưng mở mới chuỗi Bách Hoá Xanh trong năm 2022
MWG,12/21/2021,19:03,"Mở thêm loạt ngành mới, Thế giới Di động đặt tham vọng lợi nhuận 2022 tăng hơn 30% lên 6.350 tỷ đồng"
MWG,12/20/2021,22:15,"Thế Giới Di Động (MWG) lãi 4.395 tỷ đồng sau 11 tháng, tăng trưởng 22% so với cùng kỳ năm trước"
MWG,12/20/2021,14:07,"Thế giới Di động ""chơi lớn"" sau đỉnh dịch: Bắt tay F88 cho vay tiền mặt tại chỗ với chi phí 7,5%/tháng, bán đủ thứ điện thoại, điện máy, đồng hồ, xe đạp... rồi mở chuỗi bỉm sửa đấu với Con Cưng"
MWG,12/13/2021,22:36,Chủ tịch Nguyễn Đức Tài đã bán ra 1 triệu cổ phiếu Thế giới di động (MWG) theo nhu cầu cá nhân
MWG,11/29/2021,10:53,"Sau hơn 1 năm không phát sinh giao dịch, Trần Anh (TAG) bất ngờ tăng trần 10 phiên liên tiếp"
MWG,11/23/2021,15:03,"Sau ồn ào tiền thuê mặt bằng, Thế giới Di động (MWG) lập kỷ lục lợi nhuận trong tháng 10, cổ phiếu tăng liên tục kéo vốn hóa vượt 100.000 tỷ đồng"
MWG,11/22/2021,8:16,"Tìm động lực tăng trưởng, Thế giới Di động (MWG) mở bán cả trang sức"
MWG,11/15/2021,8:26,"Thế giới Di động (MWG) sẽ bán thêm quần áo thời trang, đồ thể thao trong năm 2021"
MWG,11/15/2021,8:14,"Thị trường Apple Việt Nam đạt 1,5 tỷ USD và dự tăng thêm 40% sang năm 2022: Hàng xách tay dần hết chỗ, cơ hội mở rộng với FPT Shop, TopZone"
MWG,11/13/2021,10:09,Chủ tịch MWG: Sẽ IPO không chỉ Bách Hóa Xanh mà cả các công ty con khác
MWG,11/9/2021,0:10,'Sính'' vốn ngoại như MWG: Gần 90% trong 16.900 tỷ nợ vay ngân hàng đến từ nhà băng nước ngoài
MWG,11/5/2021,9:48,Động thái lạ của Thế giới Di động: Mua 5.000 tỷ trái phiếu dài hạn khi đang vay 18.000 tỷ đồng
MWG,11/4/2021,19:09,"Thế giới Di động (MWG) lập công ty logistics vốn 100 tỷ đồng, tái cấu trúc nhóm công ty"
MWG,10/29/2021,11:28,"Lợi nhuận tháng 9 của Thế giới Di động (MWG) phục hồi mạnh lên 333 tỷ đồng: Nhấn mạnh được hỗ trợ thiện chí của hầu hết chủ nhà, ngoại trừ số rất ít còn lại"
MWG,10/27/2021,7:52,"Đối thủ trả giá hơn 20% để thuê lại mặt bằng sau lùm xùm của Thế giới Di động: Xếp thứ 2 ngành ICT, tiên phong khai thác lợi nhuận Apple Fan và sớm “hái quả” từ chuỗi dược"
MWG,10/25/2021,13:17,"Chiến lược mà Thế Giới Di Động, WinMart... theo đuổi từ lâu sẽ trở thành xu hướng bán lẻ mới tại Việt Nam"
MWG,10/25/2021,9:24,Thế giới di động được đánh giá là doanh nghiệp bán lẻ uy tín nhất năm 2021
MWG,10/20/2021,16:40,"Chủ nhà đã thanh toán 12,5 triệu cho Thế giới Di động, khẳng định nếu đi kiện chắc chắn sẽ thắng nhưng ngại mất thời gian công sức"
MWG,10/19/2021,17:17,"Thế giới Di động (MWG): Cổ phiếu vẫn tăng bất chấp những ""lùm xùm"", Thành viên HĐQT vừa mua thêm nhằm tăng sở hữu"
MWG,10/18/2021,16:59,"Vụ Thế giới Di động (MWG) đơn phương dừng hợp đồng: Một chủ nhà đồng ý trả lại nửa tháng tiền thuê, mong sớm kết thúc sự việc"
MWG,10/15/2021,15:44,"Không được đồng ý miễn giảm tiền thuê, Thế giới Di động (MWG) chính thức đơn phương chấm dứt hợp đồng với chủ nhà"
MWG,10/12/2021,10:45,"Sau Topzone, MWG muốn làm thêm 4 chuỗi khác thuộc hệ sinh thái Blue World?"
MWG,10/10/2021,10:57,"Giữa lùm xùm tiền thuê mặt bằng, Thế giới Di động (MWG) sắp ra mắt chuỗi Topzone, chưa biết sẽ bán gì"
MWG,10/8/2021,10:44,"Thế giới Di động tiếp tục gửi ""tối hậu thư"" đến chủ nhà: Giảm tiền thuê hoặc dừng hợp đồng"
MWG,10/3/2021,14:12,"Chủ cho thuê mặt bằng sẽ khởi kiện Thế Giới Di Động do đơn phương giảm tiền thuê, không tuân thủ các điều khoản"
MWG,10/2/2021,13:03,Thế giới Di động đơn phương giảm tiền thuê khi chưa được chủ nhà đồng ý: Dù sụt giảm nhưng vẫn lãi cao trong 2 tháng khó khăn nhất
MWG,10/2/2021,7:49,Thế giới Di động (MWG): Tự động giảm tiền thuê mặt bằng dù chưa nhận được sự đồng ý của chủ mặt bằng?
MWG,8/23/2021,13:31,"Liệu nền kinh tế Việt Nam có đang ở trường hợp 'lò xo bị nén', chờ ngày bùng nổ?"
MWG,8/22/2021,0:07,"Ông Nguyễn Đức Tài: Tôi không có quá nhiều cảm xúc rối loạn trước sự cố tại Bách Hoá Xanh, mình cứ làm tốt thì tự tin sẽ có kết quả!"
MWG,8/21/2021,10:19,"Chủ tịch Thế giới Di động: Đợi một sự bùng nổ theo kiểu ""lò xo bị nén chờ ngày bung ra"" chỉ là nói vui, thực tế thì sức mua đã và sẽ giảm luôn"
MWG,8/20/2021,13:15,"Bách Hoá Xanh: Bất chấp những lùm xùm, doanh thu vẫn phá kỷ lục trong tháng 7 với 4.240 tỷ đồng, phục vụ 27 triệu lượt khách"
MWG,8/20/2021,12:55,"MWG: Gần 2.000 cửa hàng TGDĐ/ĐMX đóng cửa khiến lợi nhuận tháng 7 giảm 29% xuống còn 231 tỷ đồng, dự kiến tháng 8 là tháng thấp điểm"
MWG,8/15/2021,17:06,Thế giới Di động (MWG): Quyết định giảm phân nửa cổ tức chia cho cổ đông để đảm bảo dòng tiền kinh doanh
MWG,8/15/2021,10:11,VCSC: Diễn biến phức tạp của COVID-19 có thể gây áp lực lên chỉ số kinh doanh của Thế giới Di động
MWG,8/7/2021,13:23,"5 năm “cuồng nhiệt” đa dạng hoá của TGDĐ trước khi nổ ra scandal Bách Hoá Xanh: Phủ từ điện tử - điện máy tới tiêu dùng - dược phẩm, làm cả kênh lẻ lẫn sỉ, “ôm” luôn kênh cộng tác viên"
MWG,8/2/2021,10:49,"Chuỗi nhà thuốc An Khang: Chiến lược ""hưởng sái"" lưu lượng khách từ Bách Hoá Xanh thúc đẩy doanh thu tăng, nửa đầu năm vẫn đang lỗ hơn 13 tỷ đồng"
MWG,7/23/2021,22:04,Lập biên bản một cửa hàng Bách Hoá Xanh vi phạm tính tiền khối lượng chênh lệch
MWG,7/18/2021,10:08,"Quy mô 1.851 điểm bán và tập trung tại Tp.HCM cùng các tỉnh phía Nam, Bách Hoá Xanh đề nghị được giảm 50% chi phí mặt bằng trong 1 năm"
MWG,7/9/2021,11:12,"Quỹ đầu tư quy mô 3 tỷ USD đạt hiệu suất dương trong tháng 6 nhờ đầu tư vào SEA, JD và Thế giới di động"
MWG,7/7/2021,16:26,Cổ phiếu bán lẻ đồng loạt tăng trần bất chấp ảnh hưởng Covid-19
MWG,7/2/2021,18:18,Thế giới di động (MWG) thông qua phương án chia cổ tức bằng tiền và cổ phiếu tổng tỷ lệ 60%
MWG,6/25/2021,15:22,"MWG: Doanh thu tháng 5 lần đầu ""ăn đứt"" mùa cao điểm Tết, trung bình thu về hơn 379 tỷ đồng mỗi ngày"
MWG,5/26/2021,8:34,"MWG, FPT Retail, Petrosetco tăng trữ hàng khi thế giới thiếu chip"
MWG,5/16/2021,15:45,"ĐHĐCĐ Thế giới Di động (MWG): ""Nếu một ngày nào đó, chính sách ESOP không được thông qua thì hiệu quả kinh doanh của Công ty đó có vấn đề"""
MWG,5/9/2021,16:16,"Thế giới Di động (MWG): Doanh số tăng trưởng 25% trở lại sau mùa thấp điểm tháng 3, gia tăng mạnh hàng tồn điện tử"
MWG,4/22/2021,14:12,"Thế giới Di động (MWG): Trình phương án chia cổ tức tỷ lệ 2:1, lợi nhuận dự tăng trưởng 21% lên 4.750 tỷ đồng"
MWG,3/27/2021,9:42,Thế giới Di động (MWG): Lợi nhuận 2 tháng đầu năm tăng 18% lên 999 tỷ đồng trong khi doanh thu của ĐMX và TGDĐ không tăng trưởng
MWG,3/18/2021,12:38,"Thế giới Di động (MWG): Doanh thu 2 tháng đầu năm tăng 5%, duy trì mở mới 30 cửa hàng Bách Hóa Xanh mỗi tháng"
MWG,2/27/2021,14:53,"""Lệch pha"" mùa cao điểm và sự trở lại của Covid-19 khiến doanh thu tháng Giêng của Thế giới di động (MWG) giảm 12%, xuống 11.049 tỷ đồng"
MWG,2/6/2021,10:28,Quỹ ngoại quy mô 3 tỷ USD vừa trở thành cổ đông lớn của Thế giới di động
MWG,12/21/2020,8:18,"Pyn Elite Fund lý giải quyết định thoái vốn khỏi MWG, hẹn “tái ngộ” khi bài toán room ngoại được giải quyết"
MWG,11/26/2020,11:27,"Pyn Elite Fund tiếp tục bán 6,45 triệu cổ phiếu Thế giới di động"
MWG,11/26/2020,11:02,"Gần 7 triệu cổ phiếu MWG của Thế giới di động vừa được ""trao tay"""
MWG,11/18/2020,8:16,"Thế giới Di động (MWG) vay 120 triệu USD tại HSBC, dự rót thêm vốn cho chuỗi điện thoại và Bách Hoá Xanh"
MWG,11/14/2020,10:16,"Doanh thu MWG tháng 10 tăng 10%, kỳ vọng mùa mua sắm cuối năm"
MWG,11/9/2020,12:40,Người giàu thứ 38 trên sàn chứng khoán muốn bán hơn 300 tỷ đồng cổ phiếu Thế Giới Di Động
MWG,11/5/2020,13:27,"Thế giới Di động (MWG) giảm 8.000 tỷ hàng tồn kho, tăng tiền gửi lên cao gấp 3 lần với 10.598 tỷ đồng"
MWG,11/5/2020,11:10,"Pyn Elite Fund bán mạnh cổ phiếu Thế giới di động, gia tăng nắm giữ tiền mặt"
MWG,10/30/2020,7:57,"Thế giới Di động (MWG): Bán đồng hồ, rau xanh thịt cá... đột biến kéo lợi nhuận 9 tháng tăng trưởng trở lại, đạt 2.978 tỷ đồng"
MWG,10/13/2020,9:59,J.P Morgan Securities mua vào lượng cổ phiếu Thế giới Di động trị giá khoảng 134 tỷ đồng
MWG,9/29/2020,8:10,Thế giới di động (MWG) chốt danh sách cổ đông trả cổ tức bằng tiền tỷ lệ 15%
MWG,9/6/2020,7:29,"Arisaig Asia Consumer Fund gom thêm 1,7 triệu cổ phiếu Thế giới Di động"
MWG,8/31/2020,16:22,"Lãi bình quân 20% mỗi năm, Arisaig Asia Consumer Fund thoái toàn bộ vốn khỏi Vinamilk sau 11 năm nắm giữ"
MWG,8/27/2020,9:07,Bán lẻ lần đầu tăng trưởng âm do Covid-19: Thách thức nào cho PNJ. Thế giới di động?
MWG,8/26/2020,13:34,Nhà đầu tư ngoại phải trả chênh 45% so với giá thị trường để mua cổ phiếu Thế giới di động
MWG,8/23/2020,9:35,"Thế giới Di động (MWG): Doanh thu tháng 7 giảm 7%, triển khai mô hình mới nhằm ""đỡ"" đà giảm của chuỗi Điện Máy Xanh"
MWG,8/18/2020,7:22,"Chuỗi nhà thuốc An Khang sẽ tích hợp vào cửa hàng Bách Hoá Xanh để ""hưởng sái"" lưu lượng khách"
MWG,7/30/2020,17:59,"Thế giới Di động (MWG): LNST 6 tháng giảm 4% xuống 2.027 tỷ, dừng chuỗi Điện thoại Siêu rẻ do không hiệu quả"
MWG,7/4/2020,9:20,Thế giới Di động đóng cửa chuỗi Điện thoại siêu rẻ
MWG,6/27/2020,10:06,"Pyn chốt lãi MWG thành công với mức giá vượt xa thị trường, gia tăng tỷ trọng cổ phiếu ngân hàng, VEA với kỳ vọng tăng giá gấp đôi"
MWG,6/23/2020,15:28,"Sau khi mua Vinamilk và Thế giới di động, quỹ ngoại quy mô 4 tỷ USD tiếp tục đầu tư vào Sabeco"
MWG,6/20/2020,9:11,"Thế giới Di động (MWG): Tháng 5 hồi phục với lãi ròng đạt 382 tỷ đồng, mỗi ngày mở mới 4 cửa hàng Bách Hoá Xanh"
MWG,6/10/2020,22:10,Quỹ đầu tư quy mô 2 tỷ USD gia tăng tỷ lệ sở hữu Thế giới di động
MWG,6/7/2020,9:40,ĐHĐCĐ Thế giới Di động: Nếu cổ đông cảm thấy bực bội với chính sách ESOP thì cân nhắc việc nên tiếp tục đầu tư hay chuyển sang cổ phiếu khác
MWG,7/6/2020,,"ĐHĐCĐ MWG: Ước tính doanh thu trong tháng 5 không tệ, nhưng con số vào tháng 6-7/2020 sẽ chịu ảnh hưởng từ tổng cầu giảm"
MWG,5/18/2020,17:37,"Chủ tịch Thế giới Di động: ""Khi mình ở nơi có quá nhiều thông tin, mua là thắng chắc 99% nhưng ông Chủ tịch kinh doanh cổ phiếu của chính mình có vẻ…không đạo đức"""
MWG,5/11/2020,20:10,"Thế giới Di động: Doanh thu tháng 4 sụt 20%, sẽ giảm kế hoạch 2020 với nỗ lực đạt tối thiểu 80% lợi nhuận 2019"
MWG,5/2/2020,14:38,Chuỗi nhà thuốc An Khang lỗ hơn 14 tỷ từ khi về với Thế giới Di động
MWG,4/30/2020,10:41,"Thế giới Di động: Quý đầu năm đạt 1.132 tỷ LNST, Bách Hoá Xanh đã chiếm 22% tỷ trọng doanh số khi ngành cốt lõi sụt giảm do Covid-19"
MWG,4/28/2020,15:37,"Chủ tịch Thế giới di động, con gái Chủ tịch PNJ không mua hết lượng cổ phiếu đăng ký"
MWG,4/24/2020,6:54,"CEO Thế giới di động: Tháng 4 chúng tôi phải đóng 600 cửa hàng, nhưng nay đã mở cửa trở lại hầu hết toàn hệ thống"
MWG,4/23/2020,9:09,"4 lãnh đạo MWG mua 23,5% lượng cổ phiếu đăng ký"
MWG,4/15/2020,11:24,VCSC ước tính lợi nhuận 2020 của Thế giới Di động giảm 12% dù một tháng trước vẫn dự báo tăng trưởng 33%
MWG,4/13/2020,10:53,Pyn Elite Fund và nhóm quỹ Dragon Capital bán ra lượng lớn cổ phiếu Thế giới di động
MWG,4/7/2020,13:47,"Doanh thu tăng trưởng 16% trong quý 1, Thế giới di động vẫn “xin” giảm 50% giá thuê mặt bằng trong 12 tháng, miễn phí thuê mặt bằng bị tạm ngưng kinh doanh bởi Covid-19"
MWG,4/4/2020,9:33,"Chủ tịch Thế giới di động: Lỗ là điều không tưởng, mỗi ngày đều tự hỏi tại sao giá cổ phiếu giảm mạnh"
MWG,4/2/2020,0:01,"MWG: Mùa Covid-19 doanh thu vẫn tăng trưởng dương, sẽ dồn lực cho Bách Hoá Xanh, triển khai mô hình ""đi chợ thay khách hàng"" giống Grabfood"
MWG,3/20/2020,21:26,"Thế giới Di động: Lợi nhuận 2 tháng đầu năm vẫn tăng tốt 16% lên 845 tỷ đồng, song tham chiến cho Bách Hoá Xanh đang bị chậm lại bởi COVID-19"
MWG,3/18/2020,15:19,"Cổ phiếu MWG giảm 37% từ đầu năm, loạt lãnh đạo cấp cao của Thế giới di động đăng ký mua vào"
MWG,2/22/2020,11:15,"Chủ tịch MWG: Sẽ tập trung vào dịch vụ, không theo con đường 'đốt tiền' của Lazada, Shopee hay Tiki"
MWG,2/21/2020,21:13,Thế giới Di động: Lãi ròng tháng 1 tăng 22% lên đạt 553 tỷ đồng
MWG,2/12/2020,9:38,"Doanh nghiệp lớn đối phó với Corona: Bách Hoá Xanh vẫn đủ nguồn hàng cung cấp, Hoa Sen không bị ảnh hưởng nhiều vì không phụ thuộc vào Trung Quốc"
MWG,1/24/2020,10:23,"Thế giới Di động đạt 3.834 tỷ lãi ròng, mục tiêu 2020 tăng hơn 26% với đóng góp lớn từ Điện Máy Xanh"
MWG,1/11/2020,10:24,Pyn Elite Fund nói gì về việc “chốt lời” cả nghìn tỷ đồng cổ phiếu Thế giới Di động?
MWG,1/8/2020,8:37,Các quỹ ngoại vừa trao tay số cổ phần Thế giới di động trị giá khoảng 800 tỷ đồng
MWG,12/25/2019,9:01,"MWG sắp phát hành cổ phiếu ESOP, bán cổ phiếu quỹ cho CBCNV giá 10.000 đồng/cp"
MWG,12/20/2019,21:52,"Thế giới Di động đạt 3.542 tỷ lợi nhuận sau 11 tháng, năm 2020 dự kiến điện máy vẫn là ngành đóng góp chính"
MWG,12/17/2019,8:37,"Thế giới Di động (MWG) đặt kế hoạch 4.835 tỷ LNST năm 2020, tăng 35% so với kế hoạch 2019"
MWG,12/15/2019,9:53,"Tăng trưởng 2 chữ số trong lúc ngành di dộng giảm nhiệt, Laptop đang gỡ bí cho Thế giới Di động và FPT Retail?"
MWG,12/13/2019,16:32,"Pyn Elite Fund nắm giữ tiền mặt cao kỷ lục, đẩy mạnh bán MWG trong tháng 11"
MWG,12/3/2019,17:41,Quỹ chuyên đầu tư vào lĩnh vực hàng tiêu dùng với quy mô gần 3 tỷ USD đẩy mạnh “gom” cổ phiếu Thế giới di động
MWG,11/24/2019,10:39,"Thế giới Di động (MWG): LNST 10 tháng tăng trưởng 35%, doanh thu tháng 10 tăng nhẹ so với tháng 9"
MWG,11/5/2019,8:42,Các quỹ ngoại vừa trao tay 2 triệu cổ phiếu MWG của Thế giới di động
MWG,11/4/2019,17:19,"Sự đối lập của 2 cổ phiếu bán lẻ hàng đầu Việt Nam: MWG liên tục vượt đỉnh, FRT vẫn miệt mài dò đáy"
MWG,10/29/2019,21:41,Thế giới Di động (MWG): LNST quý 3 giảm xuống còn 855 tỷ sau 2 quý liên tiếp đạt trên 1.000 tỷ đồng
MWG,10/25/2019,16:43,Nhóm Dragon Capital sang tay 2 triệu cổ phiếu MWG cho quỹ Singapore
MWG,9/27/2019,19:35,"Các quỹ ngoại vừa trao tay hơn 1,5 triệu cổ phiếu MWG"
MWG,9/20/2019,22:22,"Thế giới Di động: Lợi nhuận 8 tháng tăng trưởng 37%, cổ phiếu tiếp tục phá đỉnh"
MWG,8/24/2019,11:43,"Mảng online của Thế Giới Di Động ""lao dốc"" chóng mặt: Giảm tháng thứ 4 liên tiếp, xuống thấp nhất 21 tháng"
MWG,8/24/2019,9:32,"Thế giới Di động sắp đưa Bách Hoá Xanh về miền Trung, lợi nhuận 7 tháng tăng trưởng 37%"
MWG,8/6/2019,15:46,"Doanh thu online đột ngột lao dốc, chuyện gì đang xảy ra với Thế Giới Di Động?"
MWG,7/28/2019,11:19,"Không chỉ tụt hạng trên bản đồ TMĐT, doanh thu online của Thế Giới Di Động còn liên tục giảm sâu, xuống thấp nhất 14 tháng"
MWG,7/10/2019,0:05,"Cổ phiếu MWG, VEA tăng “phi mã”, Pyn Elite Fund chiến thắng thị trường trong tháng 6"
MWG,6/12/2019,17:27,Ông Nguyễn Đức Tài đăng ký mua cổ phiếu Thế giới di động
MWG,5/27/2019,17:06,"Mỹ cấm vận Huawei tác động ra sao tới Thế giới di động, FPT Retail, Digiworld?"
MWG,5/18/2019,12:14,Ông Đinh Anh Huân: “Bán cổ phiếu Thế giới di động giúp tôi thực hiện được những ước mơ lớn với Seedcom”
MWG,5/9/2019,17:45,Thế giới di động (MWG) chốt quyền nhận cổ tức bằng tiền tỷ lệ 15%
MWG,5/2/2019,8:35,"Thế giới Di động: Xoong, nồi, chảo, chén... mang về ngàn tỷ doanh thu; Lợi nhuận quý 1 tăng trưởng 29%"
MWG,4/14/2019,12:52,Thế Giới Di Động và FPT Shop chung bài toán tăng doanh thu
MWG,4/6/2019,9:25,"Hơn 1,6 triệu cổ phiếu MWG của Thế Giới di động vừa được các quỹ ngoại trao tay"
MWG,3/28/2019,16:38,"Tham vọng đánh chiếm thị phần chợ truyền thống, thách thức nào đang chờ đợi Bách Hóa Xanh?"
MWG,3/9/2019,15:00,"Sau PNJ và Doji, đến lượt Thế giới di động lấn sân sang lĩnh vực kinh doanh đồng hồ"
MWG,2/12/2019,11:32,"Không tốn tiền thuê mặt bằng, Thế giới di động vẫn thu về 12.000 tỷ từ mảng online - cao gần bằng tổng doanh thu FPT Shop"
MWG,1/16/2019,9:53,Khối ngoại chi gần 25 triệu USD mua cổ phiếu Thế giới di động ngay khi vừa “hở room”
MWG,12/21/2018,13:46,"Thế giới Di động đặt kế hoạch năm 2019 lãi tăng 37%, doanh thu trên 108.000 tỷ đồng"
MWG,11/10/2018,9:40,"Marketing ""tiết kiệm"" kiểu TGDĐ: Không truyền thông cho mình mà tập trung marketing cho hãng, vì hãng càng bán được nhiều hàng thì công ty càng kiếm được nhiều tiền hơn"
MWG,11/7/2018,22:56,"Hacker tung phần tiếp theo trong kho dữ liệu được cho là hack từ TGDĐ: Có đủ số thẻ, không hề bị ẩn"
MWG,11/4/2018,21:38,"MWG: Quý 3 giảm lãi so với 2 quý liền trước, Trần Anh lỗ luỹ kế hơn 46 tỷ, An Khang lỗ hơn 3 tỷ"
MWG,10/28/2018,10:04,Hai quý liên tiếp sụt giảm về cả doanh thu lẫn lợi nhuận: Bài toán tăng trưởng của Thế giới Di động bắt đầu khó khăn?
MWG,10/10/2018,6:45,Nhóm Dragon Capital nâng tỷ lệ sở hữu tại Thế giới Di động lên trên 12%
MWG,7/31/2018,16:42,"Thế giới di động (MWG) đạt doanh thu gần 45.000 tỷ đồng sau 6 tháng, LNST tăng 44% so với cùng kỳ"
MWG,7/11/2018,13:39,"Cổ phiếu giảm sâu, thành viên HĐQT Thế giới Di động muốn bán bớt lượng cổ phiếu trị giá hơn 40 tỷ đồng"
MWG,6/25/2018,7:02,"Doanh thu Điện máy Xanh lần đầu vượt mốc 5.000 tỷ đồng/tháng, Bách Hóa Xanh vượt điểm hòa vốn sau nỗ lực đổi mới"
MWG,6/13/2018,10:07,"Thị trường thực phẩm giá trị trên 70 tỷ USD còn manh mún, Bách Hóa Xanh liệu sẽ tiếp nối thành công của Điện máy xanh và TGDĐ?"
MWG,5/24/2018,15:49,"Doanh thu bình quân mỗi cửa hàng chỉ đạt 670 triệu đồng/tháng, Bách Hóa Xanh còn cách điểm hòa vốn bao xa?"
MWG,5/20/2018,10:47,"Thế giới Di động: LNST 4 tháng đầu năm tăng trưởng 44%, cổ phiếu vẫn ""lình xình"""
MWG,5/19/2018,20:54,"Chuỗi bách hóa bị nghi ngờ, chuỗi điện thoại tiếp tục phải đóng bớt cửa hàng, tương lai nào cho Thế Giới Di Động?"
MWG,5/11/2018,8:24,"Đã ‘thử và sai’ với chiến lược mặt bằng, gặp khó với nhà cung cấp, chưa có nhãn hàng riêng, cửa nào cho Bách Hóa Xanh đấu lại VinMart và Coop Food trên thị trường 60 tỷ USD?"
MWG,5/8/2018,10:22,Cứ 2 điện thoại bán ra tại Việt Nam thì 1 chiếc của Thế Giới Di Động
MWG,4/30/2018,7:51,"Lý do gì khiến “trùm” phân phối điện thoại Thế giới di động, FPT Retail, Digiworld đi bán thuốc, thực phẩm?"
MWG,4/25/2018,7:39,"Điều gì khiến PNJ, Thế giới di động, FPT Retail trở thành hàng “hot” trên TTCK Việt Nam?"
MWG,4/22/2018,8:25,"Giảm 28% từ đỉnh, Thế giới di động (MWG) từ “người hùng” trở thành “tội đồ” của Pyn Elite Fund"
MWG,4/21/2018,10:07,"Thế giới Di động: Lợi nhuận quý 1 tăng trưởng 45%, doanh thu vượt mốc tỷ đô nhưng giá cổ phiếu vẫn giảm 22%"
MWG,4/5/2018,20:33,Thế giới di động chốt danh sách cổ đông trả cổ tức bằng tiền
MWG,3/19/2018,14:33,"Mua Trần Anh ""có nhiều cái dở"", 2 tháng lợi nhuận MWG vẫn tăng 46% cùng kỳ năm trước"
MWG,3/16/2018,15:15,"ĐHCĐ Thế Giới Di Động: Hết quý II/2018, sẽ có 500 cửa hàng Bách Hóa Xanh"
MWG,3/2/2018,8:09,Thế Giới Di Động muốn bơm thêm 3.000 tỷ đưa Bách Hoá Xanh 'vây kín' Tp.HCM
MWG,2/23/2018,9:51,"Ông Trần Kinh Doanh bán bớt cổ phiếu MWG của Thế giới di động, thu về gần 70 tỷ đồng"
MWG,2/9/2018,19:26,"Sau Mekong Enterprise, đến lượt CDH Electric thoái hết vốn tại Thế giới di động"
MWG,2/1/2018,17:19,Thế Giới Di Động: LNST quý 4 tăng trưởng 61% lên 572 tỷ đồng
MWG,1/27/2018,6:47,"Mekong Enterprise lại vừa bán tiếp 5 triệu cổ phiếu MWG, không còn là cổ đông của Thế giới di động"
MWG,1/19/2018,7:25,Quỹ ngoại CDH Electric vừa trao tay hơn 1 triệu cổ phiếu MWG sang cho các quỹ ngoại khác
MWG,1/17/2018,17:58,TGĐ Thế giới di động - ông Trần Kinh Doanh - chính thức được bầu giữ chức Chủ tịch của Trần Anh
MWG,1/13/2018,10:28,Quỹ ngoại Dempsey Hill vừa trao tay 1 triệu cổ phiếu MWG sang cho các quỹ ngoại khác
MWG,1/10/2018,15:44,"Thế Giới Di Động muốn 'gom' hết cổ phần còn lại của các cổ đông nhỏ lẻ, nâng sở hữu Trần Anh lên 100%"
MWG,1/8/2018,14:16,"Các cổ đông chủ chốt của Trần Anh đã ""đổi"" 95% cổ phần để nhận về số cổ phiếu Thế giới Di động trị giá hơn 800 tỷ"
MWG,1/5/2018,9:44,Mekong Enterprise muốn thoái toàn bộ vốn tại Thế Giới di động
MWG,1/2/2018,14:42,"Thế Giới Di Động mua hơn 95% vốn Trần Anh, chưa hé lộ giá trị chuyển nhượng"
MWG,12/31/2017,8:25,Lãnh đạo Trần Anh đồng loạt đăng ký bán cổ phiếu trước thời điểm Thế Giới Di Động chính thức tiếp quản
MWG,12/28/2017,9:26,Tổng giám đốc Thế giới Di động Trần Kinh Doanh sẽ tiếp quản vị trí Chủ tịch HĐQT Trần Anh
MWG,12/23/2017,8:20,"VCSC ước tính Bách hóa Xanh lỗ 119 tỷ đồng trong năm 2017, bắt đầu có lãi từ 2018"
MWG,12/22/2017,19:48,"Mỗi ngày mở thêm 1 cửa hàng Điện máy xanh, Thế giới di động (MWG) báo lãi gần 2.000 tỷ sau 11 tháng"
MWG,12/20/2017,19:44,Thế giới Di động (MWG) đặt kế hoạch hơn 86.000 tỷ doanh thu năm 2018
MWG,12/11/2017,20:05,Thế giới Di động 'thâu tóm' Trần Anh không thuộc trường hợp bị cấm theo quy định của Luật Cạnh tranh
MWG,12/11/2017,13:21,Thế giới di động sắp phát hành gần 16 triệu cổ phiếu riêng lẻ và cổ phiếu ESOP
MWG,12/11/2017,8:22,"Thị trường khởi sắc, Quỹ đầu tư lớn nhất Việt Nam thu lãi hơn 500 triệu USD từ đầu năm đến nay"
MWG,12/9/2017,8:28,"Thế giới Di động chốt giá chào bán cổ phiếu, thương vụ thâu tóm Trần Anh sắp hoàn tất?"
MWG,12/8/2017,15:54,"Dragon Capital mua CTD từ ACBS, 2 quỹ ngoại trao tay MWG"
MWG,11/16/2017,16:44,"VnIndex cao nhất 10 năm, hàng loạt cổ phiếu vượt đỉnh lịch sử"
MWG,11/10/2017,10:19,ADB bảo lãnh cho Thế Giới Di Động phát hành tối đa 1.200 tỷ đồng trái phiếu
MWG,11/5/2017,7:22,Mekong Enterprise vừa trao tay 3 triệu cổ phiếu MWG cho các quỹ ngoại khác
MWG,11/2/2017,14:07,"Nhân viên của Thế Giới di động sắp nhận số cổ phiếu ESOP trị giá trên nghìn tỷ đồng, vốn hóa DN cũng ""bay"" hơn 2.200 tỷ"
MWG,10/31/2017,8:26,"Thế Giới Di Động báo lãi tăng trưởng mạnh 9 tháng, mảng online chậm hơn kỳ vọng"
MWG,10/20/2017,5:14,"Mở chuỗi dược phẩm, kỳ vọng ‘mô hình Amazon’ giúp Thế Giới Di Động lập đỉnh mới, vốn hoá vượt mức 40.000 tỷ"
MWG,10/19/2017,5:25,"Liên tục phá đỉnh, MWG và HBC đang giúp Pyn Elite Fund thắng lớn trong năm 2017"
MWG,9/28/2017,20:24,Thế giới Di động đã có động thái đầu tiên trong việc tiếp quản Trần Anh
MWG,9/24/2017,10:19,"Thế giới di động (MWG) lãi 1.450 tỷ đồng trong 8 tháng, tăng trưởng 30% so với cùng kỳ"
MWG,9/13/2017,10:39,"Thế giới di động vs PNJ: Cuộc đua kỳ thú về thị giá giữa 2 cổ phiếu bán lẻ ""hot"" nhất trên sàn chứng khoán"
MWG,9/1/2017,10:04,Cổ đông nhỏ của Trần Anh đã thông qua việc Thế giới di động mua 25% vốn cổ phần
MWG,8/26/2017,18:23,[BizSTORY] Ông Nguyễn Đức Tài giải mã hệ thống quản trị bằng công nghệ của Thế giới Di động
MWG,8/23/2017,17:19,Cổ đông Thế Giới Di Động đã thông qua kế hoạch chi 2.500 tỷ cho M&A điện máy và chuỗi bán lẻ dược phẩm
MWG,8/20/2017,8:37,Mekong Capital tiếp tục đăng ký bán bớt 3 triệu cổ phiếu MWG của Thế Giới di động
MWG,8/3/2017,17:58,Thế Giới Di Động chuẩn bị 2.500 tỷ đồng để mua lại chuỗi điện máy và dược phẩm
MWG,8/3/2017,14:44,Lợi nhuận của Thế Giới Di Động có biểu hiện tăng trưởng chậm lại trong quý II
MWG,7/29/2017,8:09,CDH Electric vừa trao tay 2 triệu cổ phiếu MWG
MWG,6/27/2017,17:22,"Cổ phiếu MWG liên tục phá đỉnh, vừa nhận thưởng CDH Electric đã tính thoái bớt vốn để tái đầu tư"
MWG,6/25/2017,8:40,"[Cổ phiếu hoa hậu] Thế giới di động (MWG): Thị giá đạt đỉnh cao mới sau khi chia cổ phiếu, nhà đầu tư kỳ vọng lớn vào chuỗi Bách Hóa Xanh"
MWG,6/15/2017,20:02,Mekong Enterprise Fund lại vừa trao tay 3 triệu cổ phiếu Thế Giới Di Động
MWG,6/6/2017,10:56,"Kế hoạch mở mới 2 cửa hàng trang sức mỗi tuần, PNJ đang “học theo” cách Thế giới Di động thống lĩnh thị trường?"
MWG,5/24/2017,8:04,"HBC liên tiếp phá đỉnh, Pyn Elite Fund thắng lớn trong 5 tháng đầu năm 2017"
MWG,4/25/2017,18:23,Thế giới Di động phát hành cổ phiếu thưởng tỷ lệ 1:1 tăng gấp đôi vốn điều lệ
MWG,4/24/2017,7:08,"Thế giới Di động: Mở mới 107 siêu thị trong quý 1, doanh thu tăng trưởng 62%"
MWG,4/20/2017,19:00,Các quỹ ngoại lại vừa trao tay số cổ phiếu của Thế Giới Di Động trị giá hơn 200 tỷ đồng
MWG,3/25/2017,7:41,Mekong Enterprise Fund II bán hụt 1 triệu cổ phiếu Thế giới Di động
MWG,3/16/2017,10:36,Nếu MWG bán… vé số
MWG,3/15/2017,15:30,"Thế giới Di động dự kiến phát hành cổ phiếu thưởng tỷ lệ 100%, giảm thưởng của ""sếp"" nếu giá cổ phiếu kém tích cực"
MWG,2/28/2017,10:59,Quỹ đầu tư Thái Lan vừa rót hơn 10 triệu USD mua cổ phiếu Thế giới Di động
MWG,2/24/2017,10:34,"Trung bình 2 ngày mở 3 shop, thị phần của Thế giới di động tăng vọt so với cuối năm trước"
MWG,2/23/2017,8:00,"Cổ phiếu MWG của Thế giới di động đang giảm, Mekong Enterprise vẫn muốn thoái một phần vốn"
MWG,2/9/2017,19:00,"Cổ đông lớn cho rằng Thế giới di động quá tham vọng, một CTCK tên tuổi lại cho rằng công ty có thể làm hơn thế!"
MWG,2/4/2017,10:27,"Thế giới di động đạt doanh thu gần 45.000 tỷ đồng, “hoàn thành” 20% kế hoạch… năm 2020"
MWG,1/24/2017,14:34,"Không phải Thế giới di động, đây mới là khoản đầu tư giúp Pyn Elite Fund lãi lớn trong nửa đầu tháng 1"
MWG,1/11/2017,14:57,Một trong những quỹ đầu tư lớn nhất Việt Nam đã thắng lớn nhờ đặt cược vào Thế giới di động
MWG,1/4/2017,8:26,"Pyn Elite Fund giảm tỷ lệ sở hữu tại Thế giới Di Động xuống còn 5,35%"
MWG,12/30/2016,14:22,"Khối ngoại mua vào 3,5 triệu cổ phiếu Thế giới di động ngay khi vừa hở room"
MWG,12/28/2016,19:16,Pyn Elite Fund chuyển nhượng lượng cổ phiếu Thế giới Di động trị giá gần 200 tỷ đồng
MWG,12/19/2016,16:48,Thế giới di động đạt gần 40.000 tỷ đồng doanh thu sau 11 tháng
MWG,12/16/2016,15:31,Thế giới di động vừa phát hành xong số cổ phiếu ESOP có giá trị trên 1.100 tỷ đồng
MWG,12/16/2016,15:31,Thế giới Di động “gây sốc” với kế hoạch 63.000 tỷ doanh thu năm 2017
MWG,12/2/2016,14:22,Thế giới di động thưởng hơn 7 triệu cổ phiếu trị giá trên 1.200 tỷ đồng cho cán bộ chủ chốt
MWG,11/21/2016,11:25,"Thế giới Di động (MWG): LNST 10 tháng ước đạt 1.330 tỷ đồng, tăng trưởng 57%"
MWG,10/25/2016,19:00,Thế giới Di động sắp phát hành cổ phiếu thưởng trị giá hơn 1.000 tỷ đồng cho cán bộ chủ chốt
MWG,10/24/2016,12:04,1 quỹ đầu tư có quy mô vài tỷ USD vừa chi gần 30 triệu đô mua cổ phiếu Thế giới di động
MWG,10/22/2016,9:49,Hơn 5 triệu cổ phiếu MWG của Thế giới di động vừa được các quỹ ngoại trao tay
MWG,10/13/2016,15:07,"Cổ phiếu Thế giới di động thăng hoa lên sát đỉnh giá bất chấp Samsung ""khai tử"" Galaxy Note 7"
MWG,10/7/2016,11:26,"Sau Mekong Enterprise, đến lượt CDH Electric BEE thoái vốn khỏi Thế giới di động"
MWG,10/6/2016,8:34,"Một trong những quỹ lớn nhất trên TTCK Việt Nam thắng lớn nhờ ""ôm"" cổ phiếu Thế giới Di động"
MWG,10/5/2016,7:07,"Nhìn Thế giới di động bán hàng online, Vinamilk phải chăng cũng đang “sốt ruột”?"
MWG,9/23/2016,16:09,Dragon Capital chi gần 400 tỷ mua cổ phiếu Thế giới Di động từ Mekong Capital
MWG,9/18/2016,7:06,"Giá cổ phiếu MWG không đạt kỳ vọng, Mekong Enterprise Fund chưa thoái được vốn"
MWG,8/26/2016,15:03,Các quỹ đua nhau thoái vốn nhưng Quỹ đầu tư lớn nhất Việt Nam lại đặt cược vào Thế giới Di động
MWG,8/22/2016,10:11,"7 tháng Thế giới Di động chạm mốc 1.000 siêu thị, LNST hơn 980 tỷ đồng"
MWG,8/17/2016,17:21,"Cổ phiếu Thế giới Di động liên tục phá đỉnh, Mekong Enterprise Fund thoái một phần vốn chốt lãi"
MWG,8/4/2016,21:41,"6 tháng đầu năm, Thế Giới di động lãi 835 tỷ đồng, hoàn thành 60% kế hoạch"
MWG,7/9/2016,7:42,Một quỹ đầu tư ngoại lãi hơn 250 tỷ đồng sau một năm rưỡi làm cổ đông lớn của Thế giới di động
MWG,6/27/2016,18:02,"Cổ phiếu tăng phi mã, Mekong Capital lập tức đăng ký thoái vốn khỏi Thế giới di động"
MWG,5/22/2016,11:00,"Thế giới di động ồ ạt mở siêu thị, lãi ròng 555 tỷ đồng trong 4 tháng đầu năm"
MWG,4/30/2016,10:27,1 quỹ ngoại vừa thoái vốn hàng trăm tỷ đồng khỏi Thế giới di động
MWG,4/23/2016,8:51,Thế giới Di Động dự chi 220 tỷ đồng trả cổ tức bằng tiền
MWG,3/7/2016,14:14,"Thống lĩnh thị trường điện thoại, Thế giới di động tính chiếm thị phần của các cửa hàng nhỏ"
MWG,12/21/2015,10:29,"Thế giới di động: 11 tháng ước đạt 958 tỷ đồng LNST, vượt 8% kế hoạch cả năm"
MWG,12/17/2015,8:00,Thưởng cho nhân viên: hãy học cách tránh thuế hơn trăm tỷ này của Thế giới Di động
MWG,12/15/2015,11:51,Thế giới Di động đề xuất kế hoạch lợi nhuận gần 1.400 tỷ đồng năm 2016
MWG,12/12/2015,11:49,"Gần 900 nhân viên của Thế giới Di động được ""thưởng” hơn 500 tỷ đồng"
MWG,11/20/2015,17:34,"Thế giới di động: Bình quân 3 ngày khai trương 2 siêu thị, 10 tháng lãi 846 tỷ đồng"
MWG,11/17/2015,17:36,"Ai đã bán ra 4,4 triệu cổ phiếu MWG?"
MWG,10/31/2015,16:51,"Thế giới di động: 9 tháng lãi 744 tỷ đồng, thử nghiệm chuỗi cửa hàng Bách Hóa Xanh"
MWG,9/19/2015,10:48,"Thế Giới Di Động: 8 tháng lãi 644 tỷ đồng, hoàn thành 73% kế hoạch năm 2015"
MWG,8/29/2015,11:00,CEO Thế giới Di động: Chuỗi bán lẻ thực phẩm được thử nghiệm tại TPHCM
MWG,8/24/2015,16:38,"Thế giới di động: 7 tháng ước lãi 548 tỷ đồng, mảng online chỉ đạt 39% kế hoạch cả năm"
MWG,8/23/2015,10:31,FPT Trading- PSD- Digiworld: Thế chân vạc ngành phân phối điện máy
MWG,8/12/2015,9:26,"Thế giới Di động: 6 tháng đầu năm lãi ròng 453 tỷ đồng, doanh thu bình quân 60 tỷ/ngày"
MWG,7/31/2015,21:50,Thế giới Di động báo lãi 456 tỷ lợi nhuận sau thuế sau 6 tháng - tăng 46%
MWG,7/3/2015,8:30,"""Cổ đông tổ chức bán ra không có nghĩa là công ty có gì đó không ổn"""
MWG,6/17/2015,15:22,"CDH Electric Bee Limited chưa bán được 2,8 triệu cổ phiếu MWG như đăng ký"
MWG,5/25/2015,17:50,Thế giới di động đã mở thêm 24 siêu thị trong vòng 1 tháng
MWG,5/20/2015,10:18,Những cú đúp trước khi niêm yết
MWG,1/31/2015,22:32,"Tháng 12, Thế Giới Di Động(MWG) lãi ròng 64 tỷ đồng"
MWG,1/21/2015,22:26,Quỹ NTAsia Discover trở thành cổ đông lớn của Thế giới Di động
VHM,12/21/2024,15:08,"Tập đoàn có doanh thu hơn 100 nghìn tỷ vừa ""bắt tay"" tỷ phú Phạm Nhật Vượng làm ăn ra sao?"
VHM,12/20/2024,11:12,"Vinhomes đã phát hành 20.500 tỷ đồng trái phiếu trong năm 2024, tất cả đều có lãi suất 12%/năm"
VHM,12/19/2024,14:09,Quân bài chủ lực của tỷ phú Phạm Nhật Vượng tập trung tung 'hàng khủng' 6 tỷ đô cho thị trường miền Nam
VHM,12/18/2024,10:37,"Sếp Vinhomes tiết lộ sẽ ""ra hàng"" tại loạt địa phương"
VHM,12/15/2024,8:59,Vinhomes muốn phát hành 4.000 tỷ trái phiếu sau thương vụ mua cổ phiếu quỹ 'lịch sử'
VHM,11/27/2024,13:35,Vinhomes nói về giao dịch lớn nhất lịch sử chứng khoán
VHM,11/22/2024,16:12,Vinhomes phát hành 2.000 tỷ đồng trái phiếu giữa lúc thực hiện thương vụ mua lại cổ phiếu 'lịch sử'
VHM,11/20/2024,0:04,Vinhomes đã mua được bao nhiêu cổ phiếu quỹ trong thương vụ lịch sử của chứng khoán Việt Nam?
VHM,11/15/2024,11:02,"Hàng nghìn tỷ đồng tồn kho của loạt ""ông lớn"" bất động sản: Doanh nghiệp nào ""ôm"" nhiều nhất?"
VHM,11/5/2024,12:43,"Vinhomes tách công ty trong mảng khu công nghiệp ra làm 3 công ty con mới, tổng vốn 18.500 tỷ đồng"
VHM,10/25/2024,22:37,3 ngày đầu của thương vụ lịch sử trên sàn chứng khoán Việt Nam: Vinhomes đã chi gần 2.000 tỷ mua cổ phiếu
VHM,10/24/2024,20:21,Cập nhật mới nhất thương vụ lịch sử của chứng khoán Việt Nam: Vinhomes tung tiền mua thêm chục triệu cổ phiếu quỹ
VHM,10/22/2024,13:37,Nhà đầu tư chú ý: Vinhomes sẽ bắt đầu mua cổ phiếu quỹ từ ngày mai
VHM,10/21/2024,20:50,Vốn hóa Vinhomes vượt 200.000 tỷ đồng
VHM,10/15/2024,10:34,Chốt thời gian giao dịch cổ phiếu quỹ lớn nhất lịch sử chứng khoán Việt Nam
VHM,10/11/2024,19:33,Vinhomes hé lộ thời gian của thương vụ lớn nhất lịch sử chứng khoán Việt Nam
VHM,10/9/2024,14:50,Vinhomes chuẩn bị chốt danh sách lấy ý kiến cổ đông
VHM,9/24/2024,9:13,"Doanh số bán hàng của Vinhomes, Khang Điền, Nam Long dẫn đầu ngành bất động sản nhờ các dự án mới ra mắt ở Hà Nội và TP.HCM"
VHM,9/6/2024,10:18,"Cổ đông Vinhomes tán thành việc mua lại 370 triệu cổ phiếu VHM, vốn hóa đã tăng 40.000 tỷ trong vòng 1 tháng"
VHM,8/22/2024,15:09,Vốn hoá Vinhomes tăng gần 1 tỷ USD sau khi công bố thương vụ mua lại 370 triệu cổ phiếu
VHM,8/22/2024,11:02,"Cổ phiếu VHM vượt mốc 40.000 đồng, vốn hóa của Vinhomes đã tăng gần 1 tỷ USD sau khi công bố thương vụ 'lớn chưa từng có', vượt Hòa Phát, Vinamilk hay Techcombank"
VHM,8/16/2024,10:22,"Vinhomes xin ý kiến cổ đông mua lại 370 triệu cổ phiếu, giảm 3.700 tỷ đồng vốn điều lệ, vốn hóa đã tăng 15.200 tỷ từ khi công bố kế hoạch"
VHM,8/7/2024,9:02,"Vinhomes chơi lớn chưa từng có: Mua lại 370 triệu cổ phiếu, dự chi cả chục nghìn tỷ đồng"
VHM,7/25/2024,16:11,Vinhomes (VHM) có kế hoạch mở bán 2 dự án lớn tại Hà Nội trong nửa cuối năm 2024
VHM,7/2/2024,13:38,"Chỉ trong 1 ngày, Vinhomes (VHM) huy động thành công 2.500 tỷ đồng trái phiếu, lãi suất 12%/năm"
VHM,6/28/2024,11:30,Vinhomes tiếp tục muốn bán thêm 2.500 tỷ trái phiếu sau khi vừa huy động xong 10.000 tỷ trong 2 tháng
VHM,5/17/2024,11:57,Chuyển động mới nhất tại siêu dự án khu đô thị hơn 1.250 ha có mức đầu tư 85.000 tỷ đồng ở Khánh Hòa do liên danh Vinhomes (VHM) làm chủ đầu tư
VHM,5/10/2024,16:30,"Chỉ hơn 1 tháng, Vinhomes (VHM) đã huy động thành công 8.000 tỷ đồng trái phiếu, lãi suất 12%/năm"
VHM,4/24/2024,14:52,Tổng giám đốc Vinhomes: Trong 5 năm tới sẽ phát triển các 'siêu đại dự án'
VHM,4/24/2024,11:59,CEO Vinhomes: 5 năm tới sẽ vẫn là nhà phát triển bất động sản lớn nhất Việt Nam và xa hơn là trong khu vực
VHM,4/24/2024,9:13,Vinhomes: Đã có 2.000 khách hàng đặt mua căn hộ tại dự án Đảo Hoàng Gia
VHM,4/3/2024,10:54,"Vinhomes lên kế hoạch doanh thu 120.000 tỷ cao nhất lịch sử, lợi nhuận 35.000 tỷ đồng tăng 4%"
VHM,3/27/2024,14:58,"Tân Phó giám đốc bán hàng online tại Vinhomes: Nhà sáng lập của startup proptech Rever, cựu sếp Zing MP3 và Zalo"
VHM,3/27/2024,11:20,Vinhomes (VHM) vừa huy động thành công 3.000 tỷ đồng trái phiếu
VHM,3/25/2024,9:14,Vinhomes lên kế hoạch phát hành trái phiếu
VHM,3/18/2024,8:00,"""Ông lớn"" địa ốc Vinhomes, Becamex, Hoàng Quân, Viglacera... đã đi đến đâu trên ""đường đua"" xây nhà ở xã hội?"
VHM,2/20/2024,10:32,"Tài sản ông Phạm Nhật Vượng tăng hơn 10.000 tỷ trong 3 ngày, lời của tỷ phú lại ứng nghiệm ""Giá VIC rất thấp so với giá trị thực, anh chỉ mất khi anh bán, chưa bán thì chưa mất gì cả"""
VHM,2/19/2024,19:01,"Vinhomes dự kiến mở bán 3 đại dự án Vũ Yên, Cổ Loa, Wonder Park, VnDirect tính lãi ròng gần 44.000 tỷ đồng trong năm 2024"
VHM,2/19/2024,13:58,"Ngày Vía Thần Tài rực rỡ của tỷ phú Phạm Nhật Vượng: Tam tấu VIC-VHM-VRE cùng ""tím lịm"", kéo tổng vốn hóa tăng hơn 1 tỷ USD"
VHM,1/30/2024,16:19,"Doanh thu của Vinhomes lần đầu vượt mốc 100.000 tỷ, lợi nhuận đạt hơn 33.000 tỷ đồng, tăng trưởng 14%"
VHM,10/28/2023,9:44,"Sau 2 phiên giảm sâu, vốn hóa Vinhomes rơi xuống mức thấp nhất 5 năm"
VHM,10/27/2023,0:06,Chân dung các quỹ đình đám đang sở hữu hàng chục triệu đến cả trăm triệu cổ phiếu Vinhomes
VHM,10/2/2023,13:43,"Sau dự án 17.000 tỷ ở Tuyên Quang, Công ty con của VinHomes là đơn vị duy nhất đăng ký làm sân golf 6.400 tỷ đồng tại Bắc Giang"
VHM,8/2/2023,13:38,Siêu dự án Vinhomes Ocean Park 2 chiếm gần 90% doanh thu của Vinhomes trong nửa đầu năm 2023
VHM,7/15/2023,7:28,"Thêm một dự án hơn 1 tỷ USD tại Long An về tay Vinhomes, “ông lớn” BĐS này đang “ráo riết” săn đất làm loạt siêu dự án"
VHM,6/6/2023,7:51,"Vinhomes công bố quy hoạch ""thành phố Ocean"": Quy mô 1.200ha, sắp mở bán tour du lịch ""biển trong phố"" 2 ngày 1 đêm tại Hà Nội"
VHM,4/27/2023,10:14,Chủ tịch Vinhomes Phạm Thiếu Hoa tiết lộ ba địa phương tiếp theo sẽ được triển khai làm nhà ở xã hội trong năm nay
VHM,4/24/2023,1:11,"Vinhomes lãi ròng hơn 11.900 tỷ đồng quý 1, công lớn đến từ các giao dịch bán buôn"
VHM,4/3/2023,15:24,"Chủ tịch Vinhomes Phạm Thiếu Hoa chia sẻ về cơn biến động thị trường bất động sản, năm 2023 trọng tâm phát triển thương hiệu NOXH, mở bán 2 dự án ở Thanh Hóa và Quảng Trị"
VHM,3/21/2023,16:18,Cổ phiếu Vinhomes (VHM) bất ngờ tăng gần kịch trần sau loạt thông tin tích cực
VHM,3/18/2023,7:02,"Trước khi đàm phán mua bất động sản của Vinhomes, CapitaLand đang nắm giữ những dự án nào tại Việt Nam?"
VHM,3/17/2023,21:28,"""Đại gia"" bất động sản lớn nhất châu Á đàm phán mua 1,5 tỷ USD tài sản của Vinhomes là ai?"
VHM,2/20/2023,13:33,"Loạt cổ phiếu bất động sản bùng nổ, nhiều mã kịch trần từ đầu ngày"
VHM,2/1/2023,9:15,Hơn 62.000 tỷ đồng bất động sản đang xây dựng dở dang của Vinhomes đang nằm ở những dự án nào?
VHM,12/2/2022,19:07,VNDirect: Green Hạ Long và Long Beach Cần Giờ sẽ là 2 'bom tấn' và là động lực tăng trưởng của Vinhomes
VHM,11/21/2022,11:29,Vinhomes (VHM) nhận chuyển nhượng công ty là chủ đầu tư dự án nhà ở xã hội 87ha tại Khánh Hòa
VHM,10/28/2022,8:26,Lý giải lượng tiền hơn 15.900 tỷ đồng của Vinhomes cuối quý 3
VHM,10/27/2022,7:21,"Vinhomes lãi kỷ lục 14.494 tỷ đồng trong quý 3, người mua trả tiền trước tăng lên hơn 60.400 tỷ đồng"
VHM,10/25/2022,15:16,Vinhomes hé mở cụ thể việc hợp tác với công ty VMI của ông Phạm Nhật Vượng để bán BĐS cho nhà đầu tư vốn nhỏ
VHM,10/9/2022,7:42,"Những cổ phiếu tăng tốt nhất trong tuần thị trường giảm 96 điểm: Vingroup, Vinhomes góp mặt, 1 đại diện ngành logistics bất ngờ tăng 30%"
VHM,4/29/2022,12:26,Vinhomes (VHM) đạt lợi nhuận trước thuế hơn 5.800 tỷ đồng trong quý 1
VHM,4/21/2022,23:51,"Vinhomes (VHM) đặt kế hoạch lợi nhuận 30.000 tỷ, bằng 77% năm 2021"
VHM,3/10/2022,11:27,"Hai ""cỗ máy in tiền"" của chứng khoán Việt đồng thuận rơi về vùng 75.000 đồng/cổ phiếu"
VHM,2/24/2022,7:43,3 đại đô thị của VinHomes đã ghi nhận doanh thu ra sao?
VHM,1/28/2022,18:22,Vinhomes đạt gần 48.500 tỷ đồng lợi nhuận trước thuế năm 2021
VHM,10/6/2021,18:07,Vinhomes (VHM) chào bán thành công 2.160 tỷ đồng trái phiếu riêng lẻ cho một công ty chứng khoán
VHM,9/15/2021,20:48,"KKR hoàn tất bán ra gần 32 triệu cổ phần Vinhomes (VHM), lãi hơn 1.000 tỷ đồng chỉ sau hơn 1 năm nắm giữ"
VHM,9/8/2021,16:53,"Pyn Elite Fund mua thêm hàng triệu cổ phiếu VHM, VRE, giảm mạnh tỷ trọng Diamond ETF trong tháng 8"
VHM,9/7/2021,14:43,"Vingroup đã bán xong hơn 100 triệu cổ phiếu Vinhomes (VHM), thu về gần 11.000 tỷ đồng"
VHM,9/1/2021,10:57,"Vinhomes (VHM) chốt quyền trả cổ tức năm 2020 bằng tiền và cổ phiếu, tổng tỷ lệ 45%"
VHM,8/26/2021,16:14,VEIL - Dragon Capital mua ròng hơn 9 triệu cổ phiếu VHM
VHM,8/17/2021,9:18,Vinhomes (VHM) triển khai phương án phát hành hơn 1 tỷ cổ phiếu trả cổ tức cho cổ đông
VHM,8/16/2021,18:30,"KKR đăng ký bán gần 32 triệu cổ phiếu VHM, không còn là cổ đông lớn của Vinhomes"
VHM,8/16/2021,12:51,"Vingroup đăng ký bán ra hơn 100 triệu cổ phiếu VHM, ước tính thu về gần 12.000 tỷ đồng"
VHM,8/16/2021,8:04,VCSC: Vinhomes (VHM) vẫn tự tin giá trị hợp đồng đạt 91.000 tỷ trong năm 2021 nhờ một số giao dịch bán buôn lớn
VHM,8/13/2021,18:27,"Cổ phiếu lập đỉnh lịch sử, Vinhomes vượt Vingroup trở thành doanh nghiệp vốn hóa lớn nhất trên sàn chứng khoán"
VHM,7/12/2021,8:02,"Thị trường tăng ""nóng"", hàng loạt doanh nghiệp đăng ký bán cổ phiếu quỹ, Vinhomes và Sacombank cũng nhập cuộc"
VHM,7/6/2021,13:58,"Pyn Elite Fund hạ tỷ trọng cổ phiếu ngân hàng, gia tăng nắm giữ VHM trong tháng 6"
VHM,6/6/2021,8:52,"Giá đất ""nhảy múa"", cổ phiếu BĐS nhà ở nào đáng để đầu tư?"
VHM,2/5/2021,7:34,Pyn Elite Fund tăng mạnh tỷ trọng Vinhomes và chứng chỉ quỹ VFMVN Diamond ETF trong tháng 1
VHM,10/28/2020,21:23,"VinHomes: 3 đại đô thị bàn giao 10.400 căn hộ trong quý 3, Lãi ròng 9 tháng tăng 7%"
VHM,7/26/2020,9:18,Vinhomes (VHM): Lãi ròng 6 tháng tăng nhẹ 8% so với cùng kỳ
VHM,5/18/2020,14:37,"VinHomes rót nghìn tỷ lập công ty kinh doanh bất động sản, dự kiến phát hành 12.000 tỷ đồng trái phiếu"
VHM,4/27/2020,22:55,Vinhomes (VHM): Lãi trước thuế quý 1 tăng gấp 3 cùng kỳ lên 10.100 tỷ nhờ chuyển nhượng khoản đầu tư
VHM,2/20/2020,16:52,"VinHomes tập trung bán buôn, xây dựng mô hình bán hàng trực tuyến"
VHM,12/20/2019,9:33,Vincom Retail (VRE) vừa chi gần 2.000 tỷ đồng mua hơn 56 triệu cổ phiếu quỹ
VHM,12/13/2019,15:44,VinHomes đã mua 60 triệu cổ phiếu quỹ với giá bình quân 92.425 đồng/cp
VHM,12/7/2019,13:05,VinHomes hoàn tất mua vào 60 triệu cổ phiếu quỹ
VHM,11/1/2019,15:50,"Bộ 3 VIC, VHM, VRE đóng góp gần 11 điểm vào đà tăng VN-Index, vốn hóa “nhóm VinGroup” tăng thêm gần 37 nghìn tỷ đồng trong phiên đầu tháng 11"
VHM,11/1/2019,10:58,"VinHomes, Vincom Retail đồng loạt lên kế hoạch mua hàng chục triệu cổ phiếu quỹ"
VHM,8/28/2019,16:03,Dragon Capital lần đầu đưa cổ phiếu VinGroup vào top những khoản đầu tư lớn nhất danh mục
VHM,8/4/2019,8:41,Vinhomes dự chi 3.350 tỷ đồng trả cổ tức năm 2018 bằng tiền tỷ lệ 10%
VHM,7/30/2019,10:17,VinHomes lãi 13.400 tỷ trong nửa đầu năm từ những dự án nào?
VHM,7/30/2019,0:23,"VinHomes đạt 10.000 tỷ đồng LNTT trong quý 2, gấp đôi cùng kỳ"
VHM,7/10/2019,11:02,Quỹ tỷ đô do Dragon Capital quản lý tăng tỷ trọng Vinhomes trong quý 2
VHM,7/5/2019,14:38,"Tundra tăng tỷ trọng cổ phiếu “họ VinGroup”, đánh giá quy mô Covered Warrant sẽ ngày càng lớn"
VHM,5/20/2019,16:40,"VinHomes đặt kế hoạch 20.600 tỷ đồng LNST, tăng 40% so với năm 2018"
VHM,5/20/2019,13:30,Vinhomes bổ nhiệm ông Phạm Thiếu Hoa vào vị trí Tổng giám đốc
VHM,4/23/2019,8:54,VinHomes lãi ròng 2.540 tỷ đồng trong quý 1
VHM,4/16/2019,17:43,"Cập nhật cơ cấu rổ VN30: Giảm tỷ trọng nhóm VinGroup, nhiều cổ phiếu được tăng mạnh tỷ trọng"
VHM,2/21/2019,17:35,"Cổ phiếu VinHomes lập đỉnh mới, vốn hóa thị trường xấp xỉ 14 tỷ USD"
VHM,1/11/2019,19:42,VinHomes bổ nhiệm bà Đào Thị Thiên Hương làm Phó TGĐ thường trực
VHM,10/31/2018,10:13,"VinHomes đạt 15.100 tỷ đồng LNTT trong 9 tháng, gấp 5 lần cùng kỳ"
VHM,9/28/2018,9:39,Vinhomes công bố về mô hình các đại đô thị VinCity
VHM,9/26/2018,19:17,Vinhomes chốt danh sách cổ đông phát hành gần 670 triệu cổ phiếu trả cổ tức tỷ lệ 25%
VHM,9/4/2018,10:48,iShares MSCI ETF chi gần 12 triệu USD mua cổ phiếu Vinhomes trong tuần cuối tháng 8
VHM,8/17/2018,17:18,"Vinhomes, Gelex và HAGL Agrico có thể được thêm vào danh mục FTSE Vietnam Index trong quý 3?"
VHM,6/26/2018,17:35,"Sau Vinhomes, đến lượt Vincom Retail bổ nhiệm Phó TGĐ phụ trách Phòng chống cháy nổ"
VHM,6/9/2018,8:36,Dragon Capital đã rót 83 triệu USD vào Vinhomes trong tháng 5
VHM,6/7/2018,14:12,"Dòng tiền ngoại trở lại, VNIndex có phiên tăng thứ 6 liên tiếp"
VHM,5/24/2018,15:38,"Đến lượt cổ phiếu ngân hàng kéo lùi thị trường, VnIndex giảm 3 điểm"
VHM,5/18/2018,10:26,"Kỷ lục mới của TTCK: Lượng cổ phiếu VinHomes trị giá 1,35 tỷ USD được giao dịch chỉ trong 1 phiên"
VHM,5/5/2018,10:05,Quỹ đất “khủng” đang giúp Vinhomes dẫn đầu thị trường
VRE,12/25/2024,10:43,Tin vui: Dự án KĐT Nam Đông Hà quy mô hơn 13 ha của công ty con Vincom Retail (VRE) được gỡ vướng
VRE,11/28/2024,10:47,"Vincom Retail ""dằn túi"" hàng nghìn tỷ mua shophouse tại Vũ Yên và Quảng Ninh"
VRE,11/7/2024,14:59,"Vingroup đã hoàn tất bán 41,5% vốn của Vincom Retail với giá 'khủng', nhận đủ tiền"
VRE,9/25/2024,10:51,Một cổ phiếu lớn có nguy cơ bị loại khỏi rổ chỉ số hiệu suất số 1 thị trường
VRE,8/7/2024,9:38,Cổ phiếu 'họ Vingroup' tăng kịch trần sau khi Vinhomes công bố chi khoảng 13.000 tỷ mua lại cổ phiếu VHM
VRE,7/22/2024,13:16,"Vincom Retail hậu Vingroup thoái vốn: Có quý thứ 6 liên tiếp lãi trên 1.000 tỷ, tổng tài sản vượt mức 50.000 tỷ đồng"
VRE,7/1/2024,15:42,"Đưa 3 Trung tâm thương mại vào hoạt động trong vòng 1 tháng, VRE lại tăng trần đưa vốn hóa của Vincom Retail tiệm cận 50.000 tỷ"
VRE,6/25/2024,11:56,Cổ phiếu Vincom Retail lần đầu tăng trần kể từ khi Vingroup thoái vốn
VRE,6/21/2024,10:10,Giá cổ phiếu VRE biến động như thế nào trong thời gian qua?
VRE,6/17/2024,8:02,VPBankS nói gì về tỷ lệ lấp đầy của các trung tâm thương mại Vincom Retail?
VRE,6/5/2024,10:02,Hé lộ tình hình mới của Vincom Retail sau khi Vingroup thoái vốn
VRE,5/19/2024,8:34,Động thái mới của Vincom Retail sau khi rời khỏi Vingroup
VRE,4/26/2024,11:47,Vincom Retail có quý thứ 5 liên tiếp lãi trên nghìn tỷ
VRE,4/24/2024,16:22,Nữ tướng 'thân cận' với tỷ phú Phạm Nhật Vượng trở thành Chủ tịch Vincom Retail
VRE,4/23/2024,9:19,ĐHCĐ Vincom Retail (VRE): Cần hơn 10.000 tỷ phát triển lưới dự án với diện tích hơn 800.000 m2
VRE,4/22/2024,21:28,Vincom Retail thay Tổng giám đốc
VRE,4/11/2024,10:27,Doanh nhân kín tiếng mới trở thành Chủ tịch DN sở hữu Marina Central Tower
VRE,4/6/2024,7:18,"Lộ diện nhóm nhà đầu tư mua lại công ty nắm 41,5% vốn của Vincom Retail"
VRE,4/5/2024,21:43,"Vingroup hoàn tất bán 55% vốn của công ty SDI, không còn ghi nhận Vincom Retail là công ty con"
VRE,4/2/2024,12:46,Chân dung nữ tướng 'thân cận' với tỷ phú Phạm Nhật Vượng sẽ rời chức Chủ tịch Vincom Retail sau 7 năm đảm nhiệm
VRE,4/1/2024,18:42,"Gương mặt ""lạ mà quen"" gia nhập HĐQT Vincom Retail sau khi Vingroup thoái vốn: CEO tập đoàn sở hữu khách sạn Intercontinental Hà Nội, Sheraton Hà Nội, có phu nhân là Á hậu quý bà thế giới..."
VRE,4/1/2024,15:31,"Nhân vật 'lạ' trên thượng tầng Vincom Retail sau vụ Vingroup thoái vốn: Là TGĐ của DN sở hữu khách sạn Sheraton Hà Nội, Long Beach Phú Quốc..."
VRE,3/23/2024,9:33,Vincom Retail sẽ thực hiện kế hoạch mở rộng ra sao khi không còn là công ty con của Vingroup?
VRE,3/21/2024,16:38,"Không còn mối quan hệ mẹ-con với Vingroup, kế hoạch mở rộng thêm 160.000 m2 bán lẻ của Vincom Retail sẽ ra sao?"
VRE,3/19/2024,19:39,"Vincom Retail thay CEO: Chân dung ""nữ tướng"" trở lại quản lý 83 trung tâm thương mại Vincom"
VRE,3/19/2024,14:50,Vietcap: Vingroup bán Vincom Retail với giá 32.000 đồng/cp
VRE,3/19/2024,0:00,"Sự dứt khoát xuyên suốt của tỷ phú Vượng khi cần tập trung: Từ đóng cửa Tập đoàn Tài chính Vincom, bán VinMart, Vincom Retail, One Mount đến dừng Vinsmart, Vinpearl Air"
VRE,3/18/2024,14:30,Vincom Retail đang kinh doanh ra sao trước khi Vingroup bất ngờ thoái vốn?
VRE,3/18/2024,12:25,Tổng giám đốc Vingroup nói gì về việc thoái vốn Vincom Retail?
VRE,3/18/2024,12:11,"Vingroup thoái vốn Vincom Retail, sẽ không còn là công ty mẹ nắm quyền kiểm soát"
VRE,2/21/2024,0:03,Quỹ ngoại quy mô gần 20.000 tỷ vừa bán cổ phiếu Vincom Retail (VRE) ngay trước khi nổi sóng
VRE,1/30/2024,10:59,"Bất chấp sự xuất hiện của Lotte Mall Tây Hồ, Thiso Mall, Hùng Vương Plaza... Vincom Retail vẫn báo lãi 2023 kỷ lục hơn 4.400 tỷ"
VRE,4/27/2023,6:45,"CEO Vincom Retail: Không lo ngại bán hàng online có thể thay thế được offline, hai hình thức này vừa là cạnh tranh nhưng cũng là cách chuyển đổi mang lại lợi ích"
VRE,3/31/2023,15:40,"Kế hoạch ĐHCĐ 2023 của loạt ông lớn BĐS: Vingroup lùi lịch họp sang tháng 6, Sunshine Homes, Văn Phú, Đất Xanh...dự kiến tổ chức trong tháng 4"
VRE,3/6/2023,7:14,Tổng giám đốc một doanh nghiệp bất động sản có thu nhập gần 1 tỷ đồng/tháng
VRE,12/16/2022,10:01,"MBS: Vincom Retail dự kiến mở thêm TTTM tại Hà Giang, Điện Biên Phủ..., doanh thu 2023 gần 10.000 tỷ đồng"
VRE,7/28/2022,10:50,"Vincom Retail lãi sau thuế 773 tỷ quý II, ghi nhận sự phục hồi từ thị trường bán lẻ"
VRE,5/13/2022,8:42,Quỹ tỷ đô của Anh không còn là cổ đông lớn tại Vincom Retail
VRE,5/10/2022,10:41,"ĐHĐCĐ Vincom Retail (VRE): sẽ mở rộng 3 triệu m² mặt sàn bán lẻ, mục tiêu 2.400 tỷ lợi nhuận 2022"
VRE,4/21/2022,0:02,"Vincom Retail (VRE) đặt kế hoạch lợi nhuận sau thuế 2022 tăng 82,5% đạt 2.400 tỷ đồng, không chia cổ tức năm 2021"
VRE,1/7/2022,13:03,"Vincom Retail tăng mạnh, xuất hiện nhóm quỹ ngoại tỷ đô thành cổ đông lớn"
VRE,11/26/2021,9:00,"Cùng theo đuổi mô hình một điểm đến và có sự ""bảo trợ"" từ chủ đầu tư BĐS: AEON Việt Nam, Vincom Retail đang nắm trọn cơ hội tăng trưởng trở lại của ngành bán lẻ"
VRE,9/9/2021,12:24,"Lý lịch Phó Tổng 9X của Vincom Retail: Tốt nghiệp hai trường đại học Ngoại Thương và Luật Hà Nội, tham gia Vingroup từ năm 2016"
VRE,9/8/2021,21:35,Vincom Retail (VRE) bổ nhiệm 2 lãnh đạo 9X vào vị trí Phó Tổng và Kế toán trưởng
VRE,6/21/2021,11:13,"Vincom Retail (VRE) sáp nhập hai công ty con về bất động sản, tổng vốn hơn 6.100 tỷ đồng"
VRE,3/2/2021,8:57,Công ty Sado nhận chuyển nhượng số cổ phiếu của Vincom Retail trị giá gần 6.600 tỷ đồng
VRE,7/28/2020,9:14,"Chi thêm 375 tỷ hỗ trợ khách thuê, lợi nhuận quý 2 của Vincom Retail giảm xuống 343 tỷ đồng"
VRE,5/18/2020,19:15,Vincom Retail (VRE) đặt kế hoạch lợi nhuận 2020 giảm 12% xuống 2.500 tỷ đồng
VRE,4/28/2020,14:25,"Giảm giá tiền thuê hỗ trợ khách hàng, lợi nhuận quý 1 của Vincom Retail giảm 19% xuống 492 tỷ đồng"
VRE,11/30/2019,11:24,"VRE được khối ngoại mua ròng mạnh nhất trong 5 tuần liên tiếp, tổng giá trị đạt 1.027 tỷ đồng"
VRE,10/29/2019,10:29,Vincom Retail (VRE): Lãi ròng quý 3 tăng 29% lên 717 tỷ đồng
VRE,8/14/2019,17:27,"Sắp có CW dựa trên cổ phiếu Vingroup, Vincom Retail"
VRE,4/11/2019,10:50,"ĐHĐCĐ Vincom Retail (VRE): Mở mới 13 trung tâm thương mại, năm 2019 là bản lề tập trung vào các đại dự án Vincom Mega Mall"
VRE,3/28/2019,17:11,"Vincom Retail (VRE): Kế hoạch 2.700 tỷ đồng LNST, mở mới 13 TTTM trong năm 2019"
VRE,3/20/2019,13:31,"Khối ngoại “trao tay” gần 61 triệu cổ phiếu Vincom Retail, Warburg Pincus đã “ra tay”?"
VRE,3/20/2019,10:11,Warburg Pincus muốn bán gần 50 triệu cổ phiếu VRE giá 35.100 - 36.550 đồng/cp
VRE,1/31/2019,12:01,"Vincom Retail (VRE) đạt 3.053 tỷ đồng LNTT, khai trương 20 Trung tâm thương mại trong năm 2018"
VRE,10/31/2018,10:38,"Vincom Retail: LNTT quý 3 tăng 55% so với cùng kỳ, đang vận hành 60 trung tâm thương mại"
VRE,10/19/2018,15:59,"Vincom Retail chốt danh sách cổ đông phát hành cổ phiếu thưởng tỷ lệ 22,5%"
VRE,8/1/2018,9:23,VinHomes và Vincom Retail cùng xin ý kiến cổ đông phát hành cổ phiếu thưởng và chia cổ tức bằng cổ phiếu
VRE,7/31/2018,14:47,"Vincom Retail: LNTT quý 2 đạt 772 tỷ đồng, tăng 183% so với cùng kỳ"
VRE,7/12/2018,8:39,Vincom Retail chuẩn bị lấy ý kiến cổ đông bằng văn bản
VRE,6/13/2018,7:15,Vincom Retail có Chủ tịch HĐQT mới
VRE,3/12/2018,15:45,Vincom Retail (VRE) có “nữ tướng” mới sinh năm 1975
VRE,3/10/2018,5:48,"Không ngoài dự báo, Vincom Retail (VRE) được V.N.M ETF “đặc cách” thêm vào danh mục khi chưa đủ 6 tháng niêm yết"
VRE,1/30/2018,8:59,"Vincom Retail (VRE): Năm 2017 lãi ròng 2.016 tỷ đồng, sở hữu 46 trung tâm thương mại"
VRE,11/30/2017,13:43,"Giá trị giao dịch kỷ lục 741 triệu USD, Vincom Retail là thương vụ private equity thành công nhất Châu Á Thái Bình Dương"
VRE,11/21/2017,15:10,"Khối ngoại bán mạnh VIC, nhiều cổ phiếu lớn hạ nhiệt, VN-Index chỉ còn tăng gần 15 điểm"
VRE,11/20/2017,15:32,"Đồng loạt tăng trần, giá trị thị trường của bộ đôi Vingroup và Vincom Retail đạt gần 13 tỷ USD - vượt qua Vinamilk"
VRE,11/8/2017,8:00,"Chốt lời 1 phần khoản đầu tư vào Vincom Retail, Warburg Pincus và Credit Suisse thu về gần 10.600 tỷ đồng"
VRE,11/7/2017,10:33,Nhà đầu tư ngoại chi hơn 16.100 tỷ mua cổ phiếu Vincom Retail chỉ trong buổi sáng
VRE,10/26/2017,19:27,"Vincom Retail chốt giá chào sàn 33.800 đồng/cp, định giá gần 3 tỷ USD"
NVL,12/28/2024,13:03,Novaland bất ngờ muốn mua lại trước hạn 21 lô trái phiếu tổng giá trị 7.000 tỷ
NVL,11/29/2024,14:18,"Dự án BĐS hơn 10.500 tỷ, vị trí đắc địa mà Novaland “bán đứt” 4 năm trước tại Tp.Thủ Đức vừa được chấp thuận đầu tư"
NVL,11/19/2024,16:43,"Dự án Aqua City được tháo gỡ vướng mắc về pháp lý, cổ phiếu Novaland bật tăng, hơn 12 triệu đơn vị đã trao tay"
NVL,11/16/2024,10:27,Novaland (NVL) bổ nhiệm 2 Phó Tổng giám đốc mới
NVL,10/31/2024,9:35,Đằng sau khoản lãi kỷ lục 3.100 tỷ của Novaland trong quý 3 và lượng tồn kho cao nhất lịch sử
NVL,10/30/2024,15:57,Novaland bất ngờ báo lãi tăng tới 2.000%
NVL,10/17/2024,11:47,"Bộ Công an yêu cầu cung cấp hồ sơ 6 dự án tại Cần Thơ của Novaland, Mường Thanh, Lotte..."
NVL,10/7/2024,16:04,Novaland (NVL) thanh toán 3 tỷ đồng tiền gốc của 2 lô trái phiếu đã quá hạn
NVL,10/5/2024,9:15,"Đồng Nai sắp tổ chức cuộc đối thoại với 500 khách hàng mua bất động sản tại 3 dự án Aqua City, Aqua Waterfront City, Cù Lao Phước Hưng"
NVL,10/3/2024,23:45,"Bị Trương Mỹ Lan đòi 2.500 tỷ đồng, Novaland khẳng định không liên quan"
NVL,9/28/2024,8:48,"Sau khoản lỗ 7.300 tỷ, Novaland hé mở lộ trình thanh lý 25.400 tỷ đồng tài sản, dự kiến được các ngân hàng bơm thêm 12.000 tỷ"
NVL,9/27/2024,18:09,Novaland lý giải khoản lỗ hơn 7.300 tỷ đồng sau soát xét bán niên
NVL,9/27/2024,17:45,"Từ lãi, Novaland lỗ hơn 7.300 tỷ đồng trong 6T2024 sau soát xét chủ yếu do dự phòng liên quan dự án Lakeview City"
NVL,9/26/2024,14:25,Novaland chậm trả hơn 1.000 tỷ gốc và lãi trái phiếu trong tháng 9
NVL,9/17/2024,21:40,"Cổ phiếu rơi vào diện cảnh báo, bị cắt margin, Novaland đưa “deadline” công bố BCTC kiểm toán"
NVL,9/17/2024,10:38,Novaland và Đức Long Gia Lai đón tin xấu
NVL,9/12/2024,13:45,"Vừa cam kết rót thêm 1.100 tỷ đồng, MB Bank đang cho vay và nắm bao nhiêu trái phiếu Novaland?"
NVL,9/11/2024,12:12,"Cổ phiếu Novaland bị bán tháo, giảm kịch sàn"
NVL,9/11/2024,10:52,"Cổ phiếu Novaland giảm kịch sàn, ""trắng bên mua"" sau thông tin cắt margin trên HOSE"
NVL,9/9/2024,14:27,"Chủ đầu tư dự án Aqua City của Novaland lỗ hơn 100 tỷ trong 6T2024, gánh 11.300 tỷ nợ"
NVL,9/7/2024,7:41,"Công ty con của Novaland (NVL) báo lãi, có duy nhất 1 lô trái phiếu đang lưu hành"
NVL,9/7/2024,0:03,"Giám đốc Tài chính nhận lương 1,4 tỷ trong nửa năm vừa được bổ nhiệm giữ chức Phó Tổng Giám đốc Novaland"
NVL,8/25/2024,14:53,Vì sao Novaland lãi lớn?
NVL,8/16/2024,16:48,"Đại dự án' Aqua City có những chuyển động mới, cổ phiếu Novaland chứng kiến điều chưa từng xảy ra trong gần một năm qua"
NVL,8/1/2024,16:34,Novaland cần thêm 2 năm để trả hết nợ: Những chủ nợ lớn nhất là ai?
NVL,7/30/2024,17:58,"18 tháng tái cấu trúc toàn diện của Novaland (NVL): Dự án ""sống còn"" Aqua City cùng NovaWorld Ho Tram, NovaWorld Phan Thiet... có tiến triển mới, hoàn tất thỏa thuận lô trái phiếu 300 triệu USD"
NVL,7/25/2024,14:14,"Cổ đông lớn nhất bán ra hàng triệu cổ phiếu NVL trong 1 phiên, nhóm ông Bùi Thành Nhơn tiếp tục giảm sở hữu tại Novaland"
NVL,7/22/2024,13:24,Cổ đông lớn của Novaland bị bán giải chấp hàng triệu cổ phiếu NVL khi giá về gần đáy lịch sử
NVL,7/16/2024,13:54,"Cổ phiếu NVL 'thủng' đáy một năm, cổ đông lớn nhất của Novaland tiếp tục đăng ký bán 2 triệu đơn vị"
NVL,7/16/2024,13:06,Cổ đông lớn nhất của Novaland muốn bán 2 triệu cổ phiếu
NVL,7/9/2024,15:21,Đoàn Quốc hội khảo sát dự án Aqua City của Novaland
NVL,6/29/2024,11:06,Novaland lại tiếp tục dời ngày hoàn thành chuyển đổi lô trái phiếu 300 triệu USD và khuyến nghị nhà đầu tư cân nhắc khi giao dịch cổ phiếu NVL
NVL,6/28/2024,16:09,Một công ty con của Novaland lại lỡ hẹn thanh toán lãi trái phiếu
NVL,6/27/2024,19:01,Chủ đầu tư dự án Aqua City của Novaland sử dụng tài sản đảm bảo của 3 lô trái phiếu trị giá 2.400 tỷ để đảm bảo cho hạn mức tín dụng 1.100 tỷ tại MB
NVL,6/20/2024,15:37,"Thiếu tiền, Novaland vay 2 'người con' gần 300 tỷ đồng"
NVL,6/14/2024,14:36,Novaland khẳng định không liên quan vụ việc Aqua City được nhắc đến trong kết luận điều tra vụ án Vạn Thịnh Phát giai đoạn 2
NVL,6/6/2024,19:56,Novaland tiếp tục lùi ngày hoàn thành 'thỏa thuận dàn xếp' cho lô trái phiếu quốc tế 300 triệu USD
NVL,5/24/2024,6:32,"""Chưa thu xếp đủ nguồn thanh toán"", Novaland chậm trả 170 tỷ đồng tiền lãi của 2 lô trái phiếu"
NVL,5/23/2024,15:24,Lãnh đạo Đồng Nai nói gì về Aqua City của Novaland tại Quốc hội?
NVL,5/22/2024,19:07,"Novaland bất ngờ kết hợp với Hoàng Quân (HQC) xây nhà ở xã hội, dự kiến bàn giao 3.000 căn trong năm nay"
NVL,5/16/2024,17:15,Gia đình ông Bùi Thành Nhơn bán hơn 9 triệu cổ phiếu Novaland
NVL,5/9/2024,0:11,"Mảnh ghép mới của NovaGroup trong làng F&B: Quán cà phê Khủng long rộng 1.500m2, hơn 10 thương hiệu mọc lên như nấm"
NVL,5/8/2024,16:58,"Sếp Novaland: Aqua City tại Đồng Nai, NovaWorld Phan Thiet và các dự án tại TPHCM được ưu tiên tháo gỡ pháp lý, đang thi công trở lại"
NVL,5/8/2024,13:48,Novaland kinh doanh ra sao trong quý I/2024: Vay nợ ngắn hạn tăng lên 35.000 tỷ đồng sau 5 quý giảm liên tiếp
NVL,5/8/2024,0:37,Lãnh đạo Novaland lên tiếng xung quanh việc công an TP.HCM yêu cầu cung cấp hồ sơ về dự án Aqua City
NVL,5/7/2024,0:13,Chuyển động tại Novaland: Những tín hiệu mới nào đằng sau con số lỗ quý 1 và dòng tiền âm?
NVL,4/26/2024,9:19,"Cổ đông lo lắng việc phát hành thêm 1,2 tỷ cổ phiếu có thể ảnh hướng đến thị giá NVL trên sàn, lãnh đạo Novaland nói gì?"
NVL,4/23/2024,17:12,"Novaland muốn chào bán 1,1 tỷ cổ phiếu cho cổ đông với giá 10.000 đồng"
NVL,4/17/2024,9:38,"Sau 1 năm quay lại ghế Chủ tịch HĐQT, ông Bùi Thành Nhơn đã làm gì để “cứu” Novaland?"
NVL,4/16/2024,14:12,Cổ đông lớn nhất của Novaland đăng ký bán thêm hàng triệu cổ phiếu NVL trong bối cảnh nhóm của ông Bùi Thành Nhơn chỉ còn sở hữu chưa đến 40% công ty
NVL,4/15/2024,8:32,"Bán lượng cổ phiếu trị giá 7.000 - 8.000 tỷ “giải cứu” Novaland khỏi cơn đại khủng hoảng, ông Bùi Thành Nhơn muốn dựng lại cơ đồ trong 2024?"
NVL,4/9/2024,6:55,"Novaland có thêm gần 17.600 cổ đông trong 1 năm khi gia đình ông Bùi Thành Nhơn bán ra 200 triệu cổ phiếu, cần 2 sân Mỹ Đình mới chứa hết"
NVL,4/5/2024,15:09,"Cổ phiếu Novaland lần thứ 4 trong lịch sử khớp lệnh trên 100 triệu đơn vị/phiên, chính thức vượt mặt FLC"
NVL,4/5/2024,13:19,"Chủ đầu tư dự án siêu sang The Grand Manhattan quận 1 của Novaland báo lỗ 3 năm liên tiếp, tổng tài sản gần 9.000 tỷ"
NVL,4/5/2024,1:19,"Novaland lên kế hoạch 2024 mang về 1,3 tỷ USD doanh thu, lợi nhuận tăng 122%, ra phương án giúp gia đình ông Bùi Thành Nhơn tăng sở hữu cổ phiếu NVL"
NVL,4/4/2024,9:25,Novaland (NVL) đã giải phóng được bao nhiêu tiền bị phong tỏa tại ngân hàng trong năm 2023?
NVL,4/4/2024,0:01,"Nóng: Novaland được cấp margin trở lại, 25 trái chủ đồng ý đổi khoản nợ 7.000 tỷ đồng lấy cổ phiếu NVL"
NVL,4/2/2024,7:09,"Hàng tồn kho của Novaland lên cao nhất lịch sử, chiếm gần 60% tài sản"
NVL,4/1/2024,15:46,"Sau một năm 'miệt mài' xử lý trái phiếu, các chủ nợ lớn nhất của Novaland còn những ai?"
NVL,3/28/2024,11:40,"Dù đã 'tuột' mất 400 triệu cổ phiếu NVL sau 2 năm, nhóm cổ đông liên quan ông Bùi Thành Nhơn tiếp tục bị bán giải chấp và đăng ký bán thêm hàng triệu cổ phần của Novaland"
NVL,3/25/2024,10:24,"Sau khi nhóm cổ đông liên quan ông Bùi Thành Nhơn mất quyền chi phối Novaland, cổ phiếu NVL ""bùng nổ"" thanh khoản hơn 110 triệu cổ phiếu, tăng 3,5% trong ngày VN-Index giảm 14 điểm"
NVL,3/22/2024,13:21,"Hơn 400 triệu cổ phiếu tuột khỏi tay sau 1 năm rưỡi 'bão tố', nhóm của Chủ tịch Bùi Thành Nhơn không còn chi phối Novaland"
NVL,3/21/2024,18:03,"Diamond Properties bán ra 4 triệu cổ phiếu NVL, nhóm cổ đông liên quan ông Bùi Thành Nhơn còn nắm 40% vốn Novaland"
NVL,3/18/2024,8:06,Tòa án nhân dân TP.HCM mời Novaland (NVL) tham gia phiên xét xử vụ án Vạn Thịnh Phát
NVL,3/9/2024,0:05,Novaland có thêm gần 300 tỷ để trả nợ sau một tháng
NVL,3/6/2024,18:54,"Chưa thu xếp kịp, Novaland (NVL) xin chậm thanh toán lãi 4 lô trái phiếu"
NVL,2/26/2024,10:47,Nhóm cổ đông liên quan đến ông Bùi Thành Nhơn tiếp tục đăng ký bán hơn 8 triệu cổ phiếu Novaland
NVL,2/25/2024,16:06,Novaland gấp rút làm 7 tòa tháp cao tầng tại 3 dự án trọng điểm trên địa bàn TP.HCM
NVL,2/21/2024,16:06,Cổ đông lớn thứ hai của Novaland tiếp tục đăng ký bán ra 4 triệu cổ phiếu NVL
NVL,2/14/2024,10:10,"Novaland lần thứ 4 hạ giá chuyển đổi 300 triệu USD trái phiếu quốc tế còn 40.000 đồng/cp, gấp 2,3 lần thị giá"
NVL,2/11/2024,8:08,"Đôi bạn' Novaland và Phát Đạt trong năm 2023: Cùng nhau báo lãi nhưng còn nhiều nỗi lo, người cổ phiếu đã tăng 120%, kẻ vẫn chưa thể bứt phá"
NVL,2/3/2024,14:05,Novaland “nỗ lực” như thế nào để có lãi ngàn tỷ trở lại?
NVL,1/19/2024,9:42,"Novaland hạ giá chuyển đổi lô trái phiếu quốc tế 300 triệu USD xuống còn 77.000 đồng/cp, gấp gần 5 lần thị giá NVL trên sàn"
NVL,1/3/2024,18:18,"Sau NovaGroup, cổ đông lớn thứ hai của Novaland tiếp tục bán gần 5 triệu cổ phiếu NVL, nhóm liên quan đến ông Bùi Thành Nhơn còn nắm giữ bao nhiêu?"
NVL,12/29/2023,15:23,Novaland được MBBank đồng ý cho vay 10.000 tỷ đồng đầu tư dự án NovaWorld Phan Thiet
NVL,12/26/2023,13:28,"Vừa bán xong hơn 20 triệu đơn vị, cổ đông lớn nhất của Novaland đăng ký bán thêm hàng triệu cổ phiếu NVL"
NVL,12/18/2023,9:43,"Novaland cảnh báo việc bị mạo danh để lừa đảo, trục lợi riêng"
NVL,12/12/2023,16:39,"Thị giá tăng 71% từ đáy, hơn 350 triệu cổ phiếu NVL vẫn 'tuột khỏi tay' những cổ đông lớn nhất của Novaland suốt một năm qua"
NVL,12/4/2023,15:53,Doanh nghiệp liên quan tới Novaland gia hạn thành công lô trái phiếu 1.500 tỷ đồng
NVL,12/1/2023,16:33,"NVL và PDR bất ngờ được thêm mới vào rổ FTSE Vietnam Index, hàng triệu cổ phiếu sẽ mua vào trong kỳ review tháng 12?"
NVL,11/17/2023,15:49,Novaland vừa thanh toán một phần lô trái phiếu 1.000 tỷ đồng đã quá hạn
NVL,11/8/2023,20:29,Vì sao cổ phiếu Novaland tăng kịch trần?
NVL,10/17/2023,6:43,Các công ty có nhiều mối liên quan tới Novaland liên tục mua lại trước hạn hàng nghìn tỷ trái phiếu
NVL,10/9/2023,15:51,"Hoàn tất gia hạn thêm 2 năm lô trái phiếu trị giá 650 tỷ đồng, tổng dư nợ trái phiếu của Novaland hiện còn bao nhiêu?"
NVL,9/23/2023,16:24,Novaland lùi thời hạn thanh toán lô trái phiếu 650 tỷ đồng thêm 2 năm
NVL,9/20/2023,13:37,Hai lô trái phiếu quá hạn trị giá 2.000 tỷ của Novaland được chấp nhận thanh toán một phần bằng bất động sản
NVL,8/30/2023,16:28,"Kế toán trưởng Novaland bị phạt hành chính 100 triệu do bán ""chui"" cổ phiếu NVL"
NVL,8/30/2023,10:57,"Novaland lỗ thêm 483 tỷ đồng sau soát xét do tăng dự phòng, có những yếu tố không chắc chắc về khả năng hoạt động liên tục"
NVL,8/27/2023,12:19,Người đại diện theo pháp luật mới của Novaland là ai?
NVL,8/16/2023,10:58,"Novaland (NVL): Thị giá tăng 44% sau chưa đầy 1 tháng, Novagroup muốn bán thêm 43 triệu cổ phiếu"
NVL,8/12/2023,7:40,Hàng tồn kho của Novaland đạt mức cao kỷ lục với hơn 139.000 tỷ đồng
NVL,8/10/2023,13:45,Dự án chung cư Cô Giang ở giữa trung tâm Q.1 của Novaland (NVL) được TP.HCM gỡ vướng
NVL,8/7/2023,9:52,Thu nhập của ông Bùi Thành Nhơn đạt 100 triệu/tháng vẫn thấp hơn 2 TGĐ Novaland
NVL,8/3/2023,16:15,Chủ tịch Novaland báo cáo Thủ tướng: Các dự án của Novaland căn bản đã có hướng giải quyết cụ thể và đang trong tiến trình tháo gỡ
NVL,8/2/2023,12:08,"BNP Global sắp bán hơn 53 triệu cổ phiếu NVL, chưa đủ để trả một nửa trái phiếu quá hạn"
NVL,8/1/2023,13:47,"Novaland bất ngờ thông báo chậm thanh toán gốc và lãi 2 lô trái phiếu, ""đang đàm phán chuyển nhượng dự án để cơ cấu nợ"""
NVL,7/28/2023,19:23,Cổ đông lớn thứ 2 của Novaland tiếp tục bị bán giải chấp gần 5 triệu cổ phiếu NVL
NVL,7/28/2023,0:01,"Tổ chức liên quan đến ông Bùi Thành Nhơn không bán cổ phiếu NVL nào trên tổng số 13,6 triệu đơn vị đăng ký"
NVL,7/19/2023,13:49,"Novaland thông tin việc chậm trả lãi lô trái phiếu 300 triệu USD: Đang làm việc với Deloitte, YKVN, Sidley Austin và Hogan Lovells, sẽ tổ chức một cuộc gọi với trái chủ"
NVL,7/19/2023,0:01,Novagroup không bán hết 136 triệu cổ phiếu Novaland (NVL) đã đăng ký
NVL,7/4/2023,16:34,Novaland tiếp tục bổ sung tài sản đảm bảo cho khoản vay 1.600 tỷ đồng tại MSB
NVL,7/3/2023,17:55,Sau ĐHCĐ Novaland (NVL) muốn dừng chuyển nhượng hơn 2.900 tỷ đồng vốn góp vào một công ty
NVL,6/29/2023,10:54,"NovaGroup tiếp tục bị bán giải chấp gần 1,7 triệu cổ phiếu Novaland"
NVL,6/23/2023,18:11,Novaland tái khởi động Aqua City - dự án từng được Chủ tịch Bùi Thành Nhơn kiến nghị với Thủ tướng chọn thí điểm tháo gỡ khó khăn
NVL,6/23/2023,16:14,"Novaland (NVL) vừa được gia hạn 21 tháng cho lô trái phiếu 1.000 tỷ, còn khoảng 5.000 tỷ trái phiếu cần “xử lý” trong năm 2023"
NVL,6/23/2023,7:06,Ban lãnh đạo Novaland: Hiện có đến 90% chủ nợ hỗ trợ gia hạn nợ và hoán đổi
NVL,6/23/2023,0:02,"Số lượng cổ đông của Novaland tăng vọt sau vài tháng, từng có giai đoạn trung bình mỗi ngày kết nạp thêm gần 700 ""chứng sĩ"""
NVL,6/22/2023,18:31,Lãnh đạo Novaland nói gì khi cổ đông - khách hàng mua nhà NovaWorld Phan Thiet lo ngại không ký được hợp đồng mua bán?
NVL,6/22/2023,11:07,"Novaland trước thềm ĐHCĐ chiều nay tại Phan Thiết: Hai nhân sự cao cấp từ nhiệm, cựu CEO Gamuda được đề cử vào HĐQT"
NVL,6/21/2023,17:01,Hai cổ đông lớn nhất của Novaland tiếp tục bị bán giải chấp hàng triệu cổ phiếu NVL
NVL,6/16/2023,10:04,"Novaland trước thềm ĐHCĐ: Công bố sẽ tiếp tục triển khai 15 dự án, gồm nhiều dự án “vàng” ở Sài Gòn"
NVL,6/13/2023,16:19,Cổ phiếu Novaland làm đầu tàu kéo nhóm bất động sản tăng tốc
NVL,6/12/2023,9:25,"Thêm mới EIB và loại NVL, hai quỹ ETF quy mô gần 900 triệu USD sẽ mua bán cổ phiếu ra sao?"
NVL,6/9/2023,18:12,Tổ chức liên quan đến ông Bùi Thành Nhơn tiếp tục bị bán giải chấp cổ phiếu NVL
NVL,6/8/2023,9:49,NovaGroup đã bán xong gần 70 triệu cổ phiếu Novaland?
NVL,6/8/2023,9:19,Chủ tịch Nova Consumer bị công ty chứng khoán bán giải chấp hơn 16 triệu cổ phiếu Novaland (NVL)
NVL,6/7/2023,16:54,Hai cổ đông lớn nhất tại Novaland liên tiếp bị CTCK bán giải chấp gần triệu cổ phiếu NVL chỉ trong vài phiên
NVL,6/2/2023,21:22,Chỉ số tham chiếu của FTSE Vietnam ETF loại cổ phiếu NVL
NVL,6/2/2023,14:52,"Novaland đưa ra kế hoạch kinh doanh ""sốc"" cho năm 2023: Đồng loạt triển khai xây dựng hoàn thiện 15 dự án, bàn giao 9 dự án nhưng mục tiêu lợi nhuận giảm đến 90%"
NVL,5/26/2023,16:49,"Vừa tái khởi động dự án NovaWorld Phan Thiết, Novaland đã thế chấp thêm một phần tại dự án này cho lô trái phiếu 1.300 tỷ đồng"
NVL,5/25/2023,10:40,"Từng gây chú ý khi phát hành liền 3 lô trái phiếu thu về 2.700 tỷ, công ty BĐS này tăng vốn hơn 1.900 tỷ năm 2022, báo lỗ tăng đột biến"
NVL,5/24/2023,10:40,Thành viên HĐQT và giám đốc tài chính của Novaland từ nhiệm
NVL,5/19/2023,17:32,"Novaland chính thức tái khởi động dự án NovaWorld Phan Thiết, Xây dựng Hoà Bình cũng ""tưng bừng"" thông báo sau chuỗi phiên giảm sâu"
NVL,5/8/2023,15:23,"Phát Đạt, Novaland cảnh báo việc mạo danh doanh nghiệp để lừa đảo"
NVL,5/6/2023,0:47,"Chủ đầu tư dự án Aqua City của Novaland từ lãi lớn sang thua lỗ 136 tỷ năm 2022, nợ phải trả gần 12.000 tỷ đồng"
NVL,5/5/2023,11:20,"Đồng Nai kiến nghị Thủ tướng sớm ""giải cứu"" loạt dự án của Novaland"
NVL,5/2/2023,14:55,"Loạt dự án ‘đứng hình’, Novaland phải trả lãi ngân hàng ra sao?"
NVL,5/1/2023,8:39,Phần chìm của tảng băng chi phí lãi vay tại Novaland
NVL,4/29/2023,8:15,"Novaland lần đầu tiên báo lỗ, doanh thu thấp kỷ lục"
NVL,4/25/2023,11:51,NovaGroup liên tiếp bị công ty chứng khoán bán giải chấp cổ phiếu Novaland (NVL)
NVL,4/18/2023,14:36,Novaland được thỏa thuận 'giải phóng' 2.500 tỷ để tái cơ cấu nợ tại ngân hàng
NVL,4/16/2023,8:00,Novaland thông qua việc sử dụng tài sản đảm bảo cho 4 lô trái phiếu có giá trị lưu hành 3.000 tỷ đồng
NVL,4/12/2023,19:26,"Vợ Chủ tịch Bùi Thành Nhơn bán xong hơn 3,6 triệu cổ phiếu Novaland"
NVL,4/11/2023,13:59,Phó thủ tướng yêu cầu lập tổ công tác gỡ vướng cho các dự án của Novaland
NVL,4/10/2023,19:22,"HoSE ""khước từ"" đề nghị gia hạn công bố BCTC kiểm toán của Novaland, NovaGroup tiếp tục bị bán giải chấp cổ phiếu NVL"
NVL,3/25/2023,11:05,"Sau khi đạt thỏa thuận gia hạn 2 lô trái phiếu, Novaland (NVL) tiếp tục gia hạn thêm lô trái phiếu thứ 3 với giá trị 1.000 tỷ đồng"
NVL,3/24/2023,17:28,Cổ phiếu Novaland tăng trần trước thông tin gia hạn thành công 1.750 tỷ đồng trái phiếu và kế hoạch tăng vốn lên 48.750 tỷ đồng
NVL,3/22/2023,18:18,Novaland (NVL) tiếp tục mua lại trái phiếu trước hạn lần thứ 4
NVL,3/19/2023,16:54,Novaland (NVL) đề xuất được thanh toán lô trái phiếu 1.500 tỷ bằng bất động sản
NVL,3/13/2023,1:29,Kế hoạch tái cấu trúc 29.000 tỷ của Novaland: Tỷ lệ sở hữu của gia đình ông Bùi Thành Nhơn có thể giảm mạnh?
NVL,3/10/2023,20:16,"Novaland muốn chào bán 2,9 tỷ cổ phiếu, huy động tối thiểu 29.000 tỷ đồng"
NVL,3/10/2023,9:02,"Sau biến cố, sở hữu tại Novaland của gia đình ông Bùi Thành Nhơn về sát ngưỡng 51%"
NVL,3/9/2023,14:01,Cổ đông lớn thứ hai tại Novaland bán xong 1 triệu cổ phiếu NVL
NVL,2/24/2023,18:49,"Tín hiệu mới về nợ của Novaland: 1 NĐT đang cho vay gần 5.000 tỷ nhận đổi nợ thành vốn góp, nhiều trái chủ đồng ý hoán đổi trái phiếu bằng BĐS"
NVL,2/24/2023,17:23,Ông Bùi Thành Nhơn viết tâm thư mong muốn các chủ nợ của Novaland đồng hành để vượt qua khó khăn ngoài tầm kiểm soát
NVL,2/23/2023,14:26,"Điểm danh 34 doanh nghiệp bất động sản - xây dựng trễ hẹn trả nợ trái phiếu, trong đó có Đất Xanh, Novaland…"
NVL,2/22/2023,17:48,Hai thành viên HĐQT Novaland nộp đơn từ nhiệm sau khi thoái bớt vốn
NVL,2/22/2023,14:33,Chủ tịch Novaland kiến nghị chọn Aqua City làm dự án thí điểm tháo gỡ khó khăn: Quy mô và tiến độ dự án này hiện ra sao?
NVL,2/18/2023,5:30,"Novaland xin ý kiến cổ đông ủy quyền cho HĐQT thực hiện mua, bán tài sản"
NVL,2/15/2023,16:43,Cựu Chủ tịch Novaland bán xong gần 15 triệu cổ phiếu NVL
NVL,2/14/2023,11:27,"Novaland (NVL) “rớt đài” danh sách tỷ USD vốn hóa, cổ phiếu tiếp tục phá đáy"
NVL,2/14/2023,11:25,"Nợ hơn 64.000 tỷ đồng, các chủ nợ của Novaland là ai?"
NVL,2/14/2023,1:01,Tổng giám đốc Novagroup bán xong hơn 2 triệu cổ phiếu NVL
NVL,2/12/2023,17:05,Novaland cân nhắc khả năng bán bớt tài sản
NVL,2/12/2023,9:38,"Biến động top 30 người giàu nhất TTCK: 6 tỷ phú đô la ""bốc hơi"" cả chục nghìn tỷ, tài sản CEO VNG vượt mốc 3.000 tỷ đồng"
NVL,2/8/2023,9:20,"Vừa rời ghế chủ tịch Novaland, ông Bùi Xuân Huy đăng ký bán gần 15 triệu cổ phiếu NVL"
NVL,2/7/2023,11:53,Con gái ông Bùi Thành Nhơn muốn mua gần 45 triệu cổ phiếu Novaland (NVL)
NVL,2/7/2023,10:11,"Cổ phiếu Novaland tăng liên tục, ông Bùi Thành Nhơn “bỏ túi” 1.300 tỷ trước thềm trở lại làm Chủ tịch"
NVL,1/31/2023,7:03,"Novaland (NVL) đạt 4.114 tỷ đồng LNTT trong năm 2022, đã giải ngân 29.858 tỷ cho hoạt động M&A"
NVL,1/27/2023,11:05,Tổng giám đốc Novagroup kiêm thành viên HĐQT Novaland đăng ký bán hơn 2 triệu cổ phiếu NVL
NVL,12/9/2022,18:16,Novaland (NVL) lần thứ 4 phải giải trình cổ phiếu giảm sàn trong hơn một tháng
NVL,12/9/2022,11:55,Novaland (NVL) phải thay đổi nội dung xin ý kiến sau 3 ngày vì lãnh đạo cấp cao liên tiếp từ nhiệm
NVL,12/8/2022,11:29,Thêm hai thành viên HĐQT Novaland xin từ nhiệm
NVL,12/7/2022,15:37,"Tiếp tục giảm sàn, cổ phiếu Novaland và Hải Phát lại xuống đáy lịch sử"
NVL,12/6/2022,22:54,NovaGroup bị bán giải chấp 40 triệu cổ phiếu NVL ngay trong phiên thị giá tăng trần với thanh khoản thoả thuận kỷ lục
NVL,12/6/2022,16:24,"Nhóm bất động sản đồng loạt giảm sâu sau chuỗi hồi phục: Cổ đông vừa đọc giải trình tăng trần 5 phiên, quay lại đã thấy cổ phiếu ""nằm sàn"""
NVL,11/30/2022,17:30,Novaland thay đổi Hội Đồng Quản Trị và tái cấu trúc toàn diện
NVL,11/30/2022,17:02,Novaland (NVL) thoả thuận kỷ lục gần 72 triệu cổ phiếu trong phiên giao dịch thoái vốn đầu tiên của NovaGroup
NVL,11/30/2022,12:50,Lộ diện những đơn vị tham gia tư vấn và một số nội dung của đề án tái cấu trúc Novaland
NVL,11/29/2022,22:15,"Chủ tịch Novaland gửi tâm thư xin lỗi, khẳng định đang rà soát lại dòng tiền, vẫn sẽ đầu tư dự án trọng điểm"
NVL,11/29/2022,22:00,Vợ ông Bùi Thành Nhơn bị bán giải chấp 29 triệu cổ phiếu Novaland
NVL,11/29/2022,12:22,"Novaland, Phát Đạt đảo chiều ngoạn mục sau chuỗi hơn chục phiên sàn, duy nhất Hải Phát Invest vẫn dư bán hơn 70 triệu cổ phiếu"
NVL,11/29/2022,9:59,"Phát Đạt (PDR), Novaland (NVL) tăng kịch trần ngay đầu phiên, gần 100 triệu cổ phiếu được khớp lệnh trong ít phút"
NVL,11/28/2022,19:01,Cổ phiếu bất động sản: Niềm vui chưa trọn vẹn
NVL,11/24/2022,16:18,Giải mã chuyện Citigroup Global chấp nhận hoán đổi trái phiếu bằng cổ phiếu NVL với giá 85.000/cp khi thị giá chưa tới 22.000 đồng
NVL,11/24/2022,14:42,"Vốn hoá “bốc hơi” 100.000 tỷ đồng từ đầu tháng, Novaland (NVL) lần thứ 3 lên tiếng về việc giá cổ phiếu giảm sàn"
NVL,11/23/2022,18:01,Novaland (NVL) phát hành cổ phiếu chuyển đổi trái phiếu giá 85.000 đồng/cp
NVL,11/23/2022,10:11,MBS thông báo bán giải chấp 3 triệu cổ phiếu NVL của NovaGroup
NVL,11/22/2022,17:19,Cuộc “giải cứu” được mong chờ cho cổ phiếu của Novaland - Phát Đạt và cái kết
NVL,11/22/2022,16:19,"Hơn 3.000 tỷ ""giải cứu"" NVL bất thành, thanh khoản thị trường lên cao nhất 2 tháng"
NVL,11/17/2022,0:15,Rủi ro dùng cổ phiếu làm tài sản đảm bảo cho trái phiếu đã sớm được cảnh báo: Hệ quả nhìn từ Phát Đạt và Novaland
NVL,11/16/2022,16:59,"Novaland giảm sàn 10 phiên liên tiếp, NovaGroup chỉ mua vào 1,8 triệu cổ phiếu NVL trên tổng số 8 triệu đã đăng ký"
NVL,10/24/2022,19:43,"Công an TP.HCM bác bỏ thông tin ""xác minh dự án Izumi City và Aqua City"""
NVL,10/7/2022,19:42,NovaGroup tăng tỷ lệ sở hữu Novaland
NVL,9/11/2022,12:05,Chân dung 3 thành viên vào Hội đồng quản trị mới của Novaland
NVL,7/30/2022,11:01,Novaland lãi 1.818 tỷ đồng quý II
NVL,6/1/2022,9:18,Novaland phát hành 5.800 tỉ đồng trái phiếu cho hai nhà đầu tư ngoại
NVL,5/26/2022,22:04,"Lãi hàng trăm đến cả nghìn tỷ đồng từ mua rẻ, nhiều doanh nghiệp bất động sản được ""cứu cánh"" khi lợi nhuận từ hoạt động chủ chốt giảm sút"
NVL,5/18/2022,7:55,Ông Bùi Thành Nhơn chuyển nhượng lượng cổ phiếu Novaland trị giá hơn 8.300 tỷ đồng sang công ty riêng
NVL,4/19/2022,15:53,"ĐHĐCĐ Novaland: Doanh thu kế hoạch 36 nghìn tỷ, giới thiệu ra thị trường 15.000 sản phẩm năm 2022"
NVL,3/31/2022,14:20,Novaland (NVL) góp vốn 2.000 tỷ đồng thành chủ sở hữu dự án Aqua Waterfront City
NVL,3/30/2022,10:25,"Novaland đặt kế hoạch năm 2022 lãi 6.500 tỷ đồng, phát hành cổ phiếu thưởng tỷ lệ 25%"
NVL,3/23/2022,10:58,"Liên tục mở rộng quỹ đất, các dự án của Novaland đang làm ăn ra sao"
NVL,3/23/2022,9:29,"Cổ phiếu của đại gia bất động sản tăng mạnh, lọt top 10 vốn hoá lớn nhất sàn chứng khoán"
NVL,3/22/2022,0:00,"Doanh thu chưa ghi nhận cuối năm 2021 lên đến 7,8 tỷ USD, Novaland ""sáng cửa"" giai đoạn 2022 - 2024"
NVL,3/17/2022,16:35,"Khám phá quỹ đất ""khủng"" 10.600 hecta của Novaland: Rộng gấp 16 lần sau 5 năm niêm yết, tiết lộ những mảnh ""đất vàng"" trong 3 năm tới"
NVL,3/11/2022,8:54,"Novaland (NVL): Huy động thêm hàng ngàn tỷ trái phiếu, mục đích rót tiếp khoảng 2.000 tỷ đồng vào công ty nắm dự án trọng điểm Aqua City"
NVL,3/2/2022,13:50,"Chi 10.600 tỷ đồng cho 3 vụ M&A, Novaland lãi ngay 2.200 tỷ nhờ “mua rẻ”, đóng góp gần ½ tổng lợi nhuận năm 2021"
NVL,3/2/2022,12:01,Novaland thông qua kế hoạch góp vốn gần 5.900 tỷ đồng vào các công ty con
NVL,1/8/2022,11:28,Novaland (NVL) tiếp tục rót 1.425 tỷ vào một công ty con bất động sản
NVL,12/16/2021,17:55,Novaland (NVL) muốn huy động thêm 1.500 tỷ trái phiếu
NVL,12/14/2021,8:49,"Chủ tịch Bùi Thành Nhơn hoàn tất chuyển nhượng 107 triệu cổ phần NVL, tương đương 12.339,5 tỷ đồng để tăng góp vốn vào NovaGroup"
NVL,12/9/2021,20:56,"Novaland (NVL): Lên kế hoạch phát hành 68 triệu cổ phần chuyển đổi trái phiếu, dự nâng vốn lên 15.420 tỷ đồng"
NVL,12/8/2021,14:28,"Chủ tịch Bùi Thành Nhơn sắp chuyển nhượng hơn 107 triệu cổ phần Novaland (NVL) cho Novagroup, tổng giá trị ước tính hơn 12.000 tỷ đồng"
NVL,11/30/2021,15:58,"Novaland (NVL) tiếp tục ""hút"" 1.000 tỷ trái phiếu, rót vào dự án Khu đô thị tại Biên Hoà, Đồng Nai"
NVL,11/10/2021,8:50,Novaland (NVL) chuẩn bị phát hành 457 triệu cổ phiếu trả cổ tức tỷ lệ 31%
NVL,9/29/2021,14:35,Novaland (NVL) dự kiến rót thêm 1.000 tỷ đồng vào công ty bất động sản Khánh An
NVL,9/23/2021,10:28,Novaland (NVL): Tiếp tục dùng cổ phiếu để đảm bảo cho khoản huy động 500 tỷ trái phiếu
NVL,8/21/2021,9:57,Novaland (NVL) triển khai phương án phát hành tổng 884 triệu cổ phiếu trả cổ tức và cổ phiếu thưởng
NVL,7/25/2021,14:30,1 công ty phát hành 2.500 tỷ trái phiếu để mua sỉ 130 biệt thự nghỉ dưỡng NovaWorld Phan Thiết
NVL,7/15/2021,9:25,"Novaland (NVL): Tiếp tục hút 1.500 tỷ trái phiếu, được đảm bảo bằng bất động sản"
NVL,7/7/2021,13:41,Novaland (NVL) lấy ý kiến cổ đông về việc phát hành hơn 884 triệu cổ phiếu thưởng và trả cổ tức
NVL,6/23/2021,11:05,Novaland phát hành gần 6 triệu cổ phiếu cho HSBC để chuyển đổi trái phiếu với giá chuyển đổi 44.000 đồng/cp
NVL,6/6/2021,14:40,"Novaland phát hành cổ phiếu thưởng và chia cổ tức lên tới 60%; NovaWorld Phan Thiet, Aqua City và NovaWorld Ho Tram có thể đem lại 2 tỷ USD lợi nhuận"
NVL,5/26/2021,17:16,Novaland thông qua nghị quyết phân phối cổ phiếu thưởng với tỷ lệ gần 36%
NVL,5/15/2021,6:22,"NVL tăng phiên thứ 3 liên tiếp, ông Bùi Thành Nhơn vào TOP 3 người giàu nhất sàn chứng khoán Việt Nam"
NVL,5/12/2021,20:47,Novaland triển khai phương án phát hành gần 386 triệu cổ phiếu thưởng cho cổ đông
NVL,3/20/2021,7:52,"Novaland (NVL) phát hành hơn 4 triệu cổ phiếu chuyển đổi trái phiếu quốc tế, muốn vay thêm 1.398 tỷ đồng"
NVL,3/10/2021,18:07,Vợ chồng ông Bùi Thành Nhơn vừa chi gần 1.300 tỷ đồng mua thêm hơn 21 triệu cổ phiếu Novaland
NVL,1/7/2021,19:21,"Novaland tăng mạnh, ông Bùi Thành Nhơn đăng ký bán bớt 12 triệu cổ phiếu"
NVL,7/31/2020,10:49,"Novaland (NVL) báo lãi 874 tỷ đồng quý 2, tăng 72%"
NVL,7/8/2020,16:12,Novaland (NVL) vừa huy động thêm 1.180 tỷ qua trái phiếu
NVL,5/22/2020,19:59,Ông Bùi Thành Nhơn chi xấp xỉ 1.300 tỷ đồng mua hơn 24 triệu cổ phiếu Novaland từ đầu năm
NVL,3/16/2020,19:31,"Vừa mua xong 10 triệu cổ phiếu, chủ tịch Novaland đăng ký mua tiếp"
NVL,3/3/2020,8:56,Novaland lấy ý kiến cổ đông về việc phát hành cổ phiếu thưởng tỷ lệ 39%
NVL,2/10/2020,11:09,Phía sau đơn cầu cứu của Novaland
NVL,2/5/2020,8:32,Nhìn lại loạt thương vụ M&A tỷ đô của Novaland năm 2019
NVL,1/31/2020,7:29,"Năm 2019, tập đoàn Novaland đạt gần 11.000 tỷ đồng doanh thu"
NVL,1/4/2020,8:36,Một nhà đầu tư cá nhân vừa trở thành cổ đông lớn của Novaland
NVL,12/12/2019,9:15,Vợ Chủ tịch Novaland tiếp tục đăng ký mua lượng cổ phiếu trị giá hơn 2.200 tỷ đồng
NVL,11/5/2019,10:40,Novaland (NVL): Vợ chủ tịch Bùi Thành Nhơn vừa mua thoả thuận lượng cổ phiếu trị giá gần 800 tỷ đồng
NVL,9/27/2019,9:02,Vợ ông Bùi Thành Nhơn dự chi 2.700 tỷ đồng mua 43 triệu cổ phiếu Novaland
NVL,7/31/2019,7:23,"Tập đoàn Novaland đạt hơn 8.000 tỷ đồng doanh thu, bàn giao gần 3.000 sản phẩm trong nửa đầu năm 2019"
NVL,7/14/2019,9:53,"Vợ Chủ tịch Bùi Thành Nhơn đăng ký mua hơn 2,2 triệu cổ phiếu NVL"
NVL,4/19/2019,16:20,Ông Bùi Cao Nhật Quân vừa chi hơn 70 tỷ đồng mua thêm cổ phần Novaland
NVL,4/6/2019,20:33,"Novaland (NVL) đặt kế hoạch lãi sau thuế 3.300 tỷ đồng năm 2019, tăng nhẹ so với cùng kỳ"
NVL,1/31/2019,15:39,"Lãi đột biến trong quý 4, Novaland hoàn thành kế hoạch năm 2018 vào “phút 90”"
NVL,1/11/2019,14:04,"Novaland đặt mục tiêu doanh thu 18.000 tỷ năm 2019, đầu tư mạnh vào BĐS nghỉ dưỡng"
NVL,1/8/2019,17:52,"Novaland miễn nhiệm Giám đốc tài chính, cổ phiếu NVL bất ngờ giảm sàn"
NVL,12/27/2018,16:43,CEO của Novaland vừa chi khoảng 2.200 tỷ đồng mua 36 triệu cổ phiếu NVL
NVL,12/6/2018,8:50,CEO của Novaland dự chi khoảng 2.300 tỷ đồng mua hơn 36 triệu cổ phiếu NVL
NVL,7/30/2018,15:29,"Novaland (NVL): Lợi nhuận ròng 6 tháng đạt 745 tỷ đồng, riêng quý 2 tăng mạnh"
NVL,4/14/2018,9:52,Novaland tăng 550 tỷ đồng kế hoạch LNST năm 2018
NVL,4/7/2018,15:40,Tập đoàn Novaland làm gì với 310 triệu USD vừa huy động thành công?
NVL,3/18/2018,19:16,"Novaland chốt danh sách cổ đông phát hành hơn 202 triệu cổ phiếu thưởng, tỷ lệ 31%"
NVL,3/3/2018,8:09,"Novaland sắp phát hành hơn 202 triệu cổ phiếu thưởng, tỷ lệ 31%"
NVL,2/20/2018,21:54,"Novaland lấy ý kiến cổ đông về việc niêm yết ở nước ngoài, phát hành riêng lẻ 100 triệu cổ phiếu và 300 triệu Trái phiếu chuyển đổi"
NVL,2/9/2018,10:46,Novaland rót thêm 760 tỷ đồng sở hữu gần 80% một công ty BĐS
NVL,1/31/2018,17:50,"Tập đoàn Novaland bán được hơn 5.800 căn nhà trong năm 2017, đang sở hữu quỹ đất trên 10 triệu m2 sàn xây dựng"
NVL,1/27/2018,6:52,Một cá nhân vừa nhận chuyển nhượng số cổ phần Novaland trị giá khoảng 480 tỷ đồng từ EVNFinance
NVL,1/23/2018,9:14,Novaland tiếp tục lấy ý kiến cổ đông về việc niêm yết chứng khoán ở nước ngoài
NVL,1/16/2018,10:30,"Tăng 16 phiên liên tiếp, vốn hóa Novaland đã vượt ngưỡng 50.000 tỷ"
NVL,1/15/2018,15:36,Novaland dự kiến phát hành 100 triệu cổ phiếu ưu đãi cổ tức và 250 triệu USD trái phiếu chuyển đổi
NVL,10/31/2017,14:08,Novaland báo lãi gần 500 tỉ đồng trong quý 3
NVL,9/28/2017,7:18,Novaland thông qua việc triển khai phát hành 20 triệu cổ phiếu ESOP
NVL,9/5/2017,15:25,Novaland không bán dự án Serai Nova Phù Sa Resort
NVL,8/1/2017,8:46,"6 tháng đầu năm 2017: Novaland giao dịch thành công hơn 4.500 căn nhà, ghi nhận 3.374 tỷ đồng doanh thu"
NVL,7/7/2017,7:07,"Novaland lấy ý kiến cổ đông thay đổi phương án phát hành, điều chỉnh kế hoạch kinh doanh"
NVL,7/1/2017,7:58,Credit Suisse lại vừa trao tay số cổ phiếu Novaland trị giá gần nghìn tỷ đồng cho 1 cá nhân
NVL,6/19/2017,10:47,Novaland dự kiến phát hành hơn 33 triệu cổ phiếu hoán đổi khoản nợ 60 triệu USD tại Credit Suisse AG
NVL,6/7/2017,9:23,"Chỉ sau nửa năm lên sàn, Novaland (NVL) đã “lọt rổ” hàng loạt các quỹ ETF"
NVL,6/3/2017,8:13,Credit Suisse AG lại nhận chuyển nhượng gần 14 triệu cổ phiếu NVL của Novaland từ 2 cá nhân
NVL,5/27/2017,9:11,Novaland vay 30 triệu USD từ ngân hàng nước ngoài đầu tư vào các dự án
NVL,5/3/2017,7:08,"Ghi nhận doanh thu hợp nhất công ty con, quý 1 Novaland lãi hơn 400 tỷ đồng"
NVL,4/27/2017,9:43,"ĐHCĐ Novaland: Hàng trăm triệu cổ phiếu sắp được phát hành, dự kiến tăng vốn lên 9.000 tỷ đồng"
NVL,4/25/2017,16:28,Chủ tịch Novaland lại nhận số cổ phiếu NVL trị giá 1.400 tỷ đồng từ Credit Suisse
NVL,4/20/2017,23:28,"Ông Bùi Thành Nhơn quyết định chi gần 1.400 tỷ đồng để mua 19,5 triệu cổ phiếu của Novaland"
NVL,4/17/2017,7:47,Novaland: Một cá nhân vừa trao tay số cổ phần trị giá gần 1.400 tỷ đồng sang cho một quỹ ngoại
NVL,4/11/2017,15:07,Novaland đang làm gì với khoản nợ 13.500 tỷ?
NVL,3/27/2017,15:18,Novaland mua thêm cổ phần để nắm quyền chi phối với chủ đầu tư của dự án Harbor City (Quận 8)
NVL,3/17/2017,16:47,"Bất ngờ mua thỏa thuận ROS, NVL, DXG, phải chăng các quỹ ETF đã thay đổi “cách chơi” tại Việt Nam?"
NVL,3/13/2017,9:45,Novaland (NVL) tăng trần và GTN giảm sàn: 2 số phận trái ngược sau cú quyết định của ETF
NVL,3/11/2017,6:47,"Ngoài mọi dự đoán, V.N.M ETF bất ngờ thêm Novaland vào danh mục"
NVL,3/10/2017,20:47,"Novaland chuyển nhượng toàn bộ 99,99% VĐL của Bất động sản Vương Cung sang cho 1 cá nhân"
NVL,1/11/2017,13:23,"Người khổng lồ nào cũng có điểm yếu, và đây là ""gót chân Asin"" của Novaland"
NVL,1/6/2017,15:29,"Bằng cách làm này, từ công ty tí hon Novaland “lớn nhanh như thổi” thành ông lớn BĐS tỷ đô chỉ trong vài năm"
NVL,1/3/2017,10:23,"Ông chủ Novaland – Bùi Thành Nhơn lần đầu tiên nói về giá trị cổ phiếu, tương lai công ty"
NVL,12/26/2016,14:21,"Liên tục mua lại dự án, chỉ trong 3 năm Novaland đã có trong tay 40 dự án BĐS lớn"
NVL,12/26/2016,8:58,"Novaland chuẩn bị lên sàn: Dưới 1 người, trên cả trăm người"
NVL,12/22/2016,14:28,Novaland sẽ chào sàn HoSE với giá tham chiếu 50.000 đồng/cổ phiếu
VIC,11/22/2024,9:55,Tập đoàn xây dựng hàng đầu Trung Quốc sẽ cùng Vingroup thực hiện dự án cầu Tứ Liên tại Hà Nội
VIC,10/31/2024,9:35,"Vingroup của ông Phạm Nhật Vượng vượt mốc doanh thu 60.000 tỷ, đâu là những trụ cột ""ăn nên làm ra""?"
VIC,10/9/2024,14:15,Mirae Asset: Vinhomes vẫn nắm giữ lợi ích kinh tế tối đa tại dự án Vinhomes Cổ Loa
VIC,9/12/2024,17:17,Vingroup ủng hộ đồng bào bão lụt 250 tỷ đồng
VIC,8/30/2024,8:45,"Chủ trung tâm triển lãm lớn nhất Đông Nam Á, Top 10 thế giới vừa khởi công tại Đông Anh: Vốn hóa 1,5 tỷ USD vượt SHB, Novaland... sắp triển khai nhiều dự án khủng"
VIC,8/29/2024,10:06,Hàng tỷ USD có thể chảy vào Vingroup từ đâu?
VIC,8/22/2024,16:56,Vingroup tìm hiểu dự án khu đô thị du lịch nghỉ dưỡng hơn 6 tỷ USD tại Hậu Giang
VIC,7/24/2024,13:41,Đâu là doanh nghiệp mà Tập đoàn Vingroup vừa thoái hết vốn?
VIC,7/22/2024,6:48,"Tỷ phú Phạm Nhật Vượng từng tuyên bố 'tất cả' cho VinFast, Vingroup đã đầu tư bao nhiêu tiền cho hãng xe điện?"
VIC,7/19/2024,12:25,"Vingroup: Doanh thu quý 2 đạt hơn 43.000 tỷ đồng, tổng tài sản lần đầu vượt mốc 700.000 tỷ đồng"
VIC,7/1/2024,9:40,Tỷ phú Phạm Nhật Vượng thành lập công ty mua bán và cho thuê xe điện VinFast
VIC,6/26/2024,11:02,"Vingroup chơi lớn: Cho cư dân VinHomes gửi xe và sạc điện miễn phí ở các bãi đỗ trong vòng 2 năm, hỗ trợ 10 triệu đồng lắp trụ sạc tận cửa"
VIC,6/22/2024,10:22,Báo Hàn: SK Group muốn thoái vốn khỏi các “gã khổng lồ” tại Việt Nam để thu về hơn 700 triệu USD
VIC,6/21/2024,18:59,Vingroup chính thức mở văn phòng đại diện tại Australia
VIC,6/8/2024,8:21,"Vingroup thành lập công ty có vốn điều lệ hơn 14.000 tỷ đồng, đầu tư và kinh doanh một phần dự án Đảo Hoàng Gia tại Hải Phòng"
VIC,6/6/2024,15:34,Chuyện chưa từng có với vốn hóa của Vingroup trong nhiều năm
VIC,5/1/2024,9:12,"Soi' 21.700 tỷ doanh thu của Vingroup: VinFast tăng tốc, bất động sản hạ nhiệt, du lịch nghỉ dưỡng gây ấn tượng"
VIC,4/26/2024,14:01,"Vingroup lãi sau thuế hơn 1.300 tỷ trong quý 1, tăng 126% so với cùng kỳ"
VIC,4/26/2024,7:29,"Ông Phạm Nhật Vượng khẳng định Vingroup không bao giờ 'khất' một đồng nợ nào, mong người dân sẽ chung tay đưa VinFast vươn lên top đầu thế giới"
VIC,4/25/2024,14:14,"Bị nghi ngờ tính cạnh tranh, ông Phạm Nhật Vượng khẳng định: Xe điện VinFast có thể 'áp đảo' xe xăng trong tương lai, mẫu sắp ra có giá phải chăng phù hợp cả bà nội trợ lẫn thanh niên ‘ngầu’"
VIC,4/25/2024,9:52,"Chủ tịch Phạm Nhật Vượng muốn rót thêm 1 tỷ USD cho hãng xe điện: “VinFast là sứ mệnh, danh dự và tương lai của Vingroup nên chúng tôi không bao giờ buông”"
VIC,4/22/2024,11:36,Vingroup vừa gia hạn thành công một nửa lô trái phiếu quốc tế trị giá 625 triệu USD
VIC,4/17/2024,6:40,"Vingroup đã phát hành thành công 2.000 tỷ đồng trái phiếu với lãi suất 12,5%/năm"
VIC,4/10/2024,15:28,Vingroup chuẩn bị phát hành 8.000 tỷ trái phiếu để tái cơ cấu nợ
VIC,4/8/2024,0:30,Chuyển động mới tại Vinpearl trước thềm kế hoạch niêm yết: Các tiêu chuẩn cần thiết đã được đáp ứng?
VIC,4/5/2024,11:04,"Vingroup muốn thu về 200.000 tỷ đồng năm 2024, lập kỷ lục mới"
VIC,3/16/2024,11:45,"Sếp Vingroup: ""Chúng tôi sẽ sớm khởi công loạt dự án nhà ở xã hội tại Hà Nội, TP.HCM, Hưng Yên, Hà Tĩnh"""
VIC,3/11/2024,13:06,"SCIC đấu giá 10% vốn công ty con của Vingroup quản lý loạt bất động sản 'đắc địa' quanh hồ Gươm, cổ phiếu lại nổi sóng"
VIC,2/19/2024,12:08,"3,25 tỷ USD ‘bơm’ cho Vingroup trong năm 2023 đến từ đâu?"
VIC,1/31/2024,18:03,"Kỷ lục 6,6 tỷ USD doanh thu của Vingroup đến từ đâu?"
VIC,1/31/2024,0:05,"Vingroup báo doanh thu kỷ lục gần 162.000 tỷ, lãi hơn 2.000 tỷ trong năm 2023"
VIC,12/24/2023,12:13,"Một cá nhân chi hơn 70 tỷ đồng mua 8,2 triệu cổ phiếu EVS, con trai ông Phạm Nhật Vượng lần đầu mua cổ phiếu VIC"
VIC,12/22/2023,18:47,Con trai tỷ phú Phạm Nhật Vượng chính thức sở hữu cổ phiếu Vingroup
VIC,12/20/2023,19:13,Con trai ông Phạm Nhật Vượng lần đầu mua cổ phiếu Vingroup
VIC,10/26/2023,16:05,Vingroup sắp phát hành gần 10 triệu cổ phiếu ESOP giá 10.000 đồng/cp
VIC,9/29/2023,10:55,"Cổ phiếu ""họ"" Vingroup đồng loạt bứt phá mạnh, VIC chạm trần trong ngày ra mắt mẫu xe điện VinFast VF 6"
VIC,8/25/2023,20:26,Vingroup (VIC) chi hơn 297 tỷ đồng để sở hữu 5% vốn điều lệ của GSM
VIC,7/26/2023,7:16,Công ty VEFAC sở hữu “đất vàng” Giảng Võ doanh thu “bèo bọt” nhưng vẫn báo lãi quý 2 tăng 95% nhờ đầu tư trái phiếu
VIC,7/19/2023,16:09,Vingroup (VIC) thành lập công ty con Vinpearl Cửa Hội kinh doanh khách sạn - du lịch với vốn điều lệ hơn 1.200 tỷ đồng
VIC,5/15/2023,16:24,Vốn hóa VinGroup tăng hơn 10.000 tỷ sau thông tin về kế hoạch niêm yết VinFast tại Mỹ
VIC,2/3/2023,18:08,"Mổ xẻ doanh thu 4,3 tỷ USD năm 2022 của Vingroup: Tỷ trọng doanh thu ngoài bán BĐS tăng mạnh, ô tô đóng góp hơn nửa tỷ USD"
VIC,1/31/2023,7:00,"Doanh thu đạt kỷ lục hơn 41.000 tỷ đồng, Vingroup (VIC) báo lãi trước thuế quý 4 gần 4.000 tỷ đồng"
VIC,11/18/2022,19:43,"Tỷ phú Phạm Nhật Vượng đã chuyển nhượng hơn 243 triệu cổ phiếu VIC cho VMI, Vingroup có cổ đông lớn mới"
VIC,11/18/2022,10:37,"Vingroup lấy lại mốc vốn hóa 10 tỷ USD: Khởi động nhà máy pin thứ 2 hơn 6.300 tỷ tại Hà Tĩnh, Vinfast nhận đơn hàng 2.500 xe điện tại Mỹ"
VIC,10/31/2022,0:29,"Được Bộ Công an nhận định là đóng góp rất lớn cho Nhà nước, 127.000 tỷ đồng nộp ngân sách của Vingroup bao gồm những loại thuế gì?"
VIC,10/30/2022,20:57,"9 tháng, Vingroup đạt lợi nhuận sau thuế 1.571 tỷ đồng"
VIC,10/5/2022,18:18,"Tỷ phú Phạm Nhật Vượng lấy lại khối tài sản gần 10.000 tỷ chỉ sau 2 ngày, cổ phiếu bất động sản đồng loạt khởi sắc"
VIC,9/29/2022,16:13,Vốn hóa Vingroup về sát ngưỡng 200.000 tỷ đồng
VIC,6/6/2022,11:37,"VinFast đã huy động thêm 2.000 tỷ đồng trái phiếu, Vingroup bảo lãnh nghĩa vụ thanh toán"
VIC,5/18/2022,7:43,Vingroup (VIC) hoàn tất phát hành 525 triệu USD trái phiếu quốc tế để bổ sung vốn cho VinFast
VIC,5/11/2022,13:11,"Ông Phạm Nhật Vượng: 600.000 xe điện VinFast sẽ xuất khẩu sang Mỹ vào năm 2026, đề xuất loạt ưu đãi mời các nhà sản xuất chip mở nhà máy tại Việt Nam"
VIC,5/2/2022,8:30,Đầu tư ra nước ngoài của Việt Nam 4 tháng đầu năm 2022 tăng mạnh nhờ 5 dự án lớn của VinES thuộc VinGroup
VIC,4/20/2022,10:48,"Vingroup (VIC) đặt kế hoạch 2022 với doanh thu kỷ lục 140.000 tỷ đồng, lợi nhuận đạt 6.000 tỷ đồng"
VIC,4/20/2022,10:23,Vingroup (VIC) chốt ngày tổ chức họp ĐHĐCĐ thường niên năm 2022
VIC,4/8/2022,11:24,Lợi nhuận sau thuế chưa phân phối của VinGroup tăng 821 tỷ đồng sau kiểm toán
VIC,3/22/2022,10:23,Vingroup (VIC) lùi thời gian họp ĐHĐCĐ thường niên năm 2022 thêm tối đa 2 tháng
VIC,3/10/2022,17:53,"Quỹ “tỷ đô” do Dragon Captial quản lý loại VIC ra khỏi top 10 danh mục, tăng lượng tiền nắm giữ lên mức cao nhất từ Tết nguyên đán"
VIC,2/25/2022,0:03,"Hai cổ phiếu vốn hoá lớn hàng đầu thị trường miệt mài ""dò đáy"", đáy sau thấp hơn đáy trước"
VIC,2/23/2022,6:18,"Ngoài công trình 10.000 tỷ đồng, Hải Phòng sẽ còn có loạt dự án “khủng” khác, bao gồm dự án hơn 2.000 tỷ đồng của Vingroup"
VIC,2/11/2022,9:23,"TCBS ""quay xe"", thông báo tiếp tục cấp margin với 2 mã chứng khoán"
VIC,2/11/2022,0:01,Các quỹ ETF đang nắm giữ bao nhiêu cổ phiếu VIC?
VIC,1/19/2022,9:48,GS. Vũ Hà Văn: Vingroup và VinFuture đã tạo ra cơ hội đặc biệt và duy nhất để đưa nền khoa học Việt Nam vươn tầm thế giới
VIC,1/12/2022,19:36,Phó Tống Giám đốc Kinh doanh và Tiếp thị toàn cầu mới của VinFast đã làm được những gì khi còn ở BMW?
VIC,1/7/2022,10:08,"Mãi mãi tinh thần khởi nghiệp', Vingroup đã đóng những mảng nào để tập trung cho xe điện?"
VIC,1/6/2022,7:52,"Báo Mỹ: VinFast có thể giúp Việt Nam vượt Thái Lan, trở thành ""cường quốc"" sản xuất xe điện?"
VIC,12/16/2021,9:43,"VinFast sẽ tham dự triển lãm điện tử lớn nhất thế giới, ra mắt thêm 3 mẫu xe mới, hoàn thiện bộ sản phẩm trải đều các phân khúc"
VIC,11/29/2021,10:10,"Chuyên gia quốc tế: VinFast đủ khả năng làm tốt hơn Kia, giúp Việt Nam vượt Ấn Độ lọt top 4 châu Á trong lĩnh vực ô tô"
VIC,11/20/2021,10:27,Chủ tịch VinFast Lê Thị Thu Thủy chia sẻ mục tiêu thị phần của hãng tại Mỹ và Canada
VIC,11/18/2021,9:22,Reuters: VinFast lên kế hoạch IPO tại Mỹ trong 2 năm tới
VIC,10/28/2021,13:39,Dự án của Vingroup và Vinfast giúp vốn đầu tư điều chỉnh ra nước ngoài của Việt Nam 10 tháng tăng mạnh
VIC,10/15/2021,17:43,"Tổng giám đốc VinFast Trading Việt Nam: ""Chăm 1 con xe xăng tốn công sức, thời gian gấp 4 lần xe điện"""
VIC,10/15/2021,16:05,"CEO VinFast toàn cầu: Sẽ mở 60 showroom, xây dựng cơ sở sản xuất ở Mỹ"
VIC,10/14/2021,15:24,Cuộc đua sản xuất vaccine nội: Ai sẽ sớm cán đích?
VIC,10/11/2021,9:57,"Phó Chủ tịch VinFast châu Âu nói gì về việc hãng 'một mình một đường, chân ướt chân ráo khởi nghiệp'?"
VIC,9/29/2021,17:41,Thử nghiệm lâm sàng giai đoạn tiếp theo với vaccine Covid-19 của VinBioCare thuộc Vingroup
VIC,8/5/2021,16:36,Vingroup (VIC) chốt danh sách cổ đông phát hành gần 423 triệu cổ phiếu trả cổ tức
VIC,8/3/2021,15:20,"VIC tăng mạnh, giá trị cổ phiếu tỷ phú Phạm Nhật Vượng nắm giữ đạt xấp xỉ 220.000 tỷ đồng"
VIC,7/2/2021,9:18,Gần 58 triệu cổ phiếu Vingroup vừa được Vinpearl chuyển nhượng cho hai ngân hàng ngoại
VIC,4/15/2021,15:51,"Cổ phiếu VIC lập đỉnh mới, vốn hóa VinGroup bằng tổng BIDV, Vietinbank và Techcombank cộng lại"
VIC,10/26/2020,17:41,"Cổ phiếu Vingroup liên tục tăng giá trong tháng 10, tài sản tỷ phú Phạm Nhật Vượng vượt mốc 200.000 tỷ đồng"
VIC,9/3/2020,7:39,Vingroup chi 450 tỷ đồng và đặt cọc 2.700 tỷ đồng mua công ty khai thác tài nguyên
VIC,5/14/2020,21:58,Vì sao công ty của ông Phạm Nhật Vượng bán khớp lệnh 500.000 cổ phiếu VIC?
VIC,1/30/2020,21:44,"Vingroup: LNTT năm 2019 tăng 13% lên 15.639 tỷ đồng, tổng tài sản vượt 400.000 tỷ đồng"
VIC,1/20/2020,9:08,"5 cá nhân vừa ""trao tay"" số cổ phiếu trị giá 6.400 tỷ đồng cho công ty riêng của ông Phạm Nhật Vượng"
VIC,12/20/2019,17:12,Công ty riêng của gia đình ông Phạm Nhật Vượng gia tăng tỷ lệ sở hữu tại VinGroup
VIC,12/19/2019,10:55,"Nhà đầu tư chú ý, sắp đến ngày chốt danh sách cổ đông để hoán đổi cổ phần SDI thành cổ phiếu của Vingroup"
VIC,12/27/2019,,SDI hủy đăng ký giao dịch trên sàn UPCom vào ngày 27/12/2019 để hoán đổi cổ phiếu VIC
VIC,10/21/2019,16:42,Cập nhật cơ cấu rổ VN30: “Nhóm VinGroup” và ROS chính thức được tăng tỷ trọng
VIC,10/21/2019,11:00,VinGroup lấy ý kiến cổ đông về việc sáp nhập SDI và chuyển đổi cổ phần cho Hanwha
VIC,10/19/2019,10:13,"SDI lấy ý kiến cổ đông về phương án sáp nhập vào VinGroup theo tỷ lệ hoán đổi 1:1,1"
VIC,8/22/2019,15:31,Giá trị cổ phiếu tỷ phú Phạm Nhật Vượng nắm giữ lần đầu vượt mốc 10 tỷ USD
VIC,7/25/2019,16:22,"Giá trị cổ phiếu ông Phạm Nhật Vượng nắm giữ gần chạm mốc 10 tỷ USD, lớn hơn vốn hóa hầu hết doanh nghiệp trên sàn chứng khoán Việt Nam"
VIC,6/25/2019,13:16,"BMI tăng đột biến, nhóm cổ phiếu VIC giữ nhịp thị trường"
VIC,5/16/2019,10:56,"Rung lắc ngày đáo hạn phái sinh tháng 5, VN-Index vẫn tăng điểm nhờ nhóm Vingroup"
VIC,1/31/2019,9:33,"Vingroup: LNTT năm 2018 đạt 13.814 tỷ đồng, gấp rưỡi năm 2017"
VIC,12/6/2018,10:24,VinGroup chuẩn bị chào bán 2.000 tỷ đồng trái phiếu
VIC,11/19/2018,16:06,"Cổ phiếu VIC lần đầu tăng trần sau 9 tháng, vốn hóa VinGroup vượt ngưỡng 300.000 tỷ đồng, tương đương Vinamilk và BIDV cộng lại"
VIC,10/31/2018,12:58,"Vingroup: LNTT 9 tháng đạt 8.825 tỷ đồng, tăng trưởng 72%"
VIC,9/17/2018,15:45,Xây dựng Vincom sẽ sáp nhập vào Vinhomes
VIC,6/20/2018,14:21,Vingroup chuẩn bị phát hành cổ phiếu để trả cổ tức tỷ lệ 21%
VIC,6/14/2018,15:13,"Giảm gần 15 điểm, VNIndex rơi về mức thấp nhất ngày"
VIC,6/6/2018,21:37,Vingroup bảo lãnh cho khoản phát hành 325 triệu USD trái phiếu quốc tế của Vinpearl
VIC,5/31/2018,11:52,"Bùng nổ diện rộng, ROS tăng trần, VNIndex tăng 22,75 điểm"
VIC,5/29/2018,15:19,"""Khởi nghĩa"" thành công, VNIndex chốt phiên tăng hơn 20 điểm"
VIC,5/21/2018,13:59,"VinGroup chuẩn bị chi trả cổ tức tỷ lệ 21%, đặt kế hoạch doanh thu hơn 5 tỷ USD trong năm 2018"
VIC,5/4/2018,14:47,GIC đã mua gần 154 triệu cổ phiếu và trở thành cổ đông lớn của Vinhomes
VIC,4/4/2018,8:49,"VNIndex tăng trưởng, “mặc kệ” những diễn biến phức tạp của chứng khoán toàn cầu"
VIC,4/2/2018,16:15,"VnIndex lập đỉnh cao mới, khối ngoại đẩy mạnh mua ròng trong phiên giao dịch đầu quý 2"
VIC,3/7/2018,15:14,"Rung lắc dữ dội trong phiên chiều, VNM, MSN, VIC, VPB...giúp VnIndex chỉ còn giảm 8 điểm"
VIC,2/22/2018,6:45,Hàng loạt cổ phiếu lớn vượt đỉnh lịch sử ngay trong phiên giao dịch đầu năm mới Mậu Tuất 2018
VIC,1/31/2018,10:30,"VinGroup đạt doanh thu năm 2017 hơn 90.000 tỷ đồng, hoàn thành vượt kế hoạch lợi nhuận 81%"
VIC,12/4/2017,14:42,Vinaconex đã bán toàn bộ 51% cổ phần Nước Sông Đà cho REE và Vingroup thu về hơn 1.000 tỷ đồng
VIC,9/4/2017,9:01,VIC –Vingroup: Giai đoạn tăng tốc về giá cho dài hạn đang bắt đầu?
VIC,1/20/2017,9:12,Loại bỏ FID khỏi VNX-All Share
VIC,12/17/2016,10:14,"Công ty Quang Thái sở hữu hơn 140 triệu cổ phiếu VIC, trở thành cổ đông lớn của Vingroup"
VIC,11/11/2016,15:10,Cổ phiếu VIC vụt tăng giúp tỷ phú Phạm Nhật Vượng lấy lại ngôi vị giàu nhất thị trường chứng khoán
VIC,10/28/2016,13:04,"Nam Thái mua 85,3 triệu cổ phiếu VIC, trở thành cổ đông lớn của Vingroup"
VIC,9/28/2016,10:07,Vinmec và Vinschool đang kinh doanh ra sao trước khi chuyển sang mô hình phi lợi nhuận?
VIC,9/9/2016,14:14,"Vingroup phát hành cổ phiếu thưởng, vợ chồng ông Phạm Nhật Vượng sắp nhận về 140 triệu cp mới"
VIC,8/17/2016,10:21,"Vingroup sắp phát hành thêm gần 484,5 triệu cổ phiếu thưởng cho cổ đông hiện hữu"
VIC,7/15/2016,10:37,Cổ phiếu của Công ty Sách Việt Nam dư mua hơn 1 triệu cổ phiếu giá trần ngay khi chào sàn Upcom
VIC,7/6/2016,21:14,Vingroup tiếp tục vay thành công 300 triệu USD vốn quốc tế
VIC,7/4/2016,12:13,"Forbes: Tài sản của ông Phạm Nhật Vượng vượt ngưỡng 2,2 tỷ USD khi cổ phiếu Vingroup lên cao kỷ lục"
VIC,7/2/2016,9:48,"Cổ phiếu Vingroup lên mức cao nhất từ khi niêm yết, giá trị cổ phiếu của ông Phạm Nhật Vượng vượt 1,3 tỷ USD"
VIC,6/15/2016,9:26,"Vingroup phát hành trên 213 triệu CP trả cổ tức, vợ chồng ông Phạm Nhật Vượng nhận gần 69 triệu cp mới"
VIC,5/5/2016,10:32,"Không cần bán nhà, các nguồn thu thường xuyên vẫn có thể mang về cho Vingroup 1 tỷ USD trong năm nay"
VIC,5/5/2016,8:13,"Lợi nhuận Quý 1 của Tập đoàn Vingroup tăng gấp 3 lần, tung hàng loạt dự án ""bom tấn"""
VIC,4/13/2016,13:51,Vingroup rút 757 tỷ từ Chủ đầu tư DA Royal City để tách công ty con
VIC,4/12/2016,9:08,Vingroup trình ĐHCĐ phát hành cổ phần hoán đổi cho WP Investments và Credit Suisse AG
VIC,4/11/2016,13:36,Toàn bộ 300 triệu USD trái phiếu quốc tế của Vingroup đã được chuyển đổi thành cổ phiếu
VIC,4/3/2016,1:35,"Chỉ trong vòng 5 năm, quy mô tài sản Vingroup đã tăng gấp 4 lần, lên tới 6,5 tỷ USD"
VIC,3/31/2016,9:28,VinGroup đạt gần 1 tỷ đôla từ bán bất động sản
VIC,3/12/2016,19:02,Vingroup chốt danh sách cổ đông dự họp ĐHCĐ thường niên
VIC,2/23/2016,14:02,Vingroup phát hành thành công 3.000 tỷ đồng trái phiếu
VIC,1/29/2016,17:26,Khối ngoại tiếp tục bán ròng 125 tỷ đồng
VIC,1/28/2016,16:47,Khối ngoại bán ròng phiên thứ 18 kể từ đầu năm 2016
VIC,12/30/2015,19:58,Công ty con của VinGroup nắm quyền sở hữu hơn 200 ha đất tại Biên Hòa
VIC,12/14/2015,13:49,Vingroup chuyển nhượng 31% cổ phần Thời trang Emigo
VIC,11/30/2015,11:31,VinGroup nắm hơn 67% công ty sở hữu 32 ha đất tại Mễ Trì
VIC,11/11/2015,16:33,Công ty Hồng Thái nhận chuyển nhượng số cổ phiếu Vingroup trị giá 2.600 tỷ
VIC,9/3/2015,12:04,Đô thị Sài Đồng: 6 tháng đầu năm 2015 lãi ròng 150 tỷ đồng.
VIC,7/29/2015,16:20,Vợ chồng ông Phạm Nhật Vượng được nhận cổ tức bằng 128 triệu cổ phiếu VIC
VIC,7/10/2015,17:26,Vốn điều lệ Vingroup tăng thêm 3.828 tỷ đồng
VIC,6/30/2015,11:18,"IPO Cảng Sài Gòn: Bán hết 100% lượng đấu giá, thu về 411 tỷ đồng"
VIC,6/22/2015,10:40,"Đô thị Sài Đồng dự chi 1.000 tỷ đồng trả cổ tức năm 2014 tỷ lệ 83,33%"
VIC,6/19/2015,8:27,LIX và Xavinco tham gia góp bổ sung vốn điều lệ tại Xalivico
VIC,7/1/2015,,Vingroup dời ngày ĐKCC trả cổ tức bằng cổ phiếu sang 1/7/2015
VIC,6/12/2015,6:10,Cổ phiếu bất động sản đến thời bùng nổ?
VIC,6/8/2015,12:03,Chứng khoán Kỹ thương vừa thu xếp phát hành 2.000 tỷ trái phiếu cho Vingroup
VIC,5/30/2015,18:50,"Vingroup phát hành thêm 376 triệu cổ phần trả cổ tức tỷ lệ 25,8%"
VIC,4/23/2015,10:09,"Trực tiếp ĐHCĐ: Vingroup triển khai 1 loạt dự án trong năm 2015, tham gia vào lĩnh vực logistics"
VIC,4/22/2015,12:03,Vingroup hợp tác với LIX thông qua công ty con
VIC,4/20/2015,12:26,Vingroup góp gần 1.500 tỷ thành lập công ty con CTCP Trung tâm Hội chợ Triển lãm Việt Nam
VIC,4/16/2015,18:05,Vingroup nhận chuyển nhượng cổ phiếu BĐS Ánh Sao và Tập đoàn Hợp Nhất
VIC,4/8/2015,12:27,"Vingroup năm 2015: Sẽ nâng tỷ lệ sở hữu tại Vincom Retail, phát hành và hoán đổi cổ phần"
VIC,3/30/2015,16:35,"VIC có 81,1 triệu m2 quỹ đất cho phát triển trong 10 năm tới"
VIC,3/19/2015,8:09,Giá trị thương vụ Vingroup – Ocean Mart: 560 tỷ đồng cho 70% cổ phần
VIC,3/19/2015,2:40,Hơn 10.000 tỷ đồng M&A năm 2014 của Vingroup rót vào những đâu?
VIC,3/19/2015,0:39,"Loại trừ lãi chuyển nhượng vốn tại công ty con, Vingroup lãi ròng gần 3.700 tỷ năm 2014"
VIC,3/12/2015,15:21,Vingroup đề xuất canh tác trên cánh đồng mẫu lớn tại Quảng Ninh
VIC,3/11/2015,11:30,Muốn thành danh đừng nói… không tăng vốn
VIC,3/3/2015,10:32,Forbes: Tài sản của ông Phạm Nhật Vượng tăng thêm 100 triệu USD
VIC,2/15/2015,12:43,"Bàn giao căn hộ tại Times City và Royal City, Vingroup báo doanh thu 27.740 tỷ đồng năm 2014-tăng 51% so với cùng kỳ"
